key,day_of_month,avg_units,avg_values,num_observations
Amazon_ACCO5M,1,131.0,22176.108642372885,24
Amazon_ACCO5M,2,151.16,25593.782919864407,25
Amazon_ACCO5M,3,166.2,28112.88605997288,25
Amazon_ACCO5M,4,147.52,24961.237400542374,25
Amazon_ACCO5M,5,137.16,23212.459532854242,25
Amazon_ACCO5M,6,135.84,22966.92484461017,25
Amazon_ACCO5M,7,130.04,21986.297873491527,25
Amazon_ACCO5M,8,128.68,21757.22573064407,25
Amazon_ACCO5M,9,125.36,21197.082480949153,25
Amazon_ACCO5M,10,110.84,18747.26445538983,25
Amazon_ACCO5M,11,106.16,17948.28457681356,25
Amazon_ACCO5M,12,109.72,18549.743355118648,25
Amazon_ACCO5M,13,110.4,18665.51160976271,25
Amazon_ACCO5M,14,127.44,21540.26777505085,25
Amazon_ACCO5M,15,113.64,19216.52946725424,25
Amazon_ACCO5M,16,119.6,20221.609035932204,25
Amazon_ACCO5M,17,106.32,17972.19948766102,25
Amazon_ACCO5M,18,108.88,18401.13253227119,25
Amazon_ACCO5M,19,116.24,19644.736388474576,25
Amazon_ACCO5M,20,112.36,18988.18374061017,25
Amazon_ACCO5M,21,112.36,18992.022480745763,25
Amazon_ACCO5M,22,114.04,19276.785784474578,25
Amazon_ACCO5M,23,107.08333333333333,18101.216054096047,24
Amazon_ACCO5M,24,99.66666666666667,16845.786864053673,24
Amazon_ACCO5M,25,102.5,17324.619726129942,24
Amazon_ACCO5M,26,105.70833333333333,17866.688951129945,24
Amazon_ACCO5M,27,114.6,19366.98405505085,25
Amazon_ACCO5M,28,111.44,18838.23956745763,25
Amazon_ACCO5M,29,117.08333333333333,19786.69449908192,24
Amazon_ACCO5M,30,111.43478260869566,18832.643716138544,23
Amazon_ACCO5M,31,85.26666666666667,14406.53552723164,15
Amazon_ACFM5,1,112.0,17357.676574060428,23
Amazon_ACFM5,2,129.8695652173913,20113.281802505528,23
Amazon_ACFM5,3,130.95652173913044,20214.190225644805,23
Amazon_ACFM5,4,118.65217391304348,18300.632365364778,23
Amazon_ACFM5,5,117.66666666666667,18171.32259329096,24
Amazon_ACFM5,6,115.26086956521739,17801.48186249079,23
Amazon_ACFM5,7,105.95833333333333,16392.23692217514,24
Amazon_ACFM5,8,104.29166666666667,16128.388652316384,24
Amazon_ACFM5,9,103.41666666666667,16004.062337711863,24
Amazon_ACFM5,10,110.45833333333333,17066.329025,24
Amazon_ACFM5,11,100.5,15512.600279166667,24
Amazon_ACFM5,12,83.24,12851.40027376271,25
Amazon_ACFM5,13,95.3913043478261,14744.386570302137,23
Amazon_ACFM5,14,83.0,12824.602414576271,25
Amazon_ACFM5,15,101.43478260869566,15633.908579955783,23
Amazon_ACFM5,16,80.875,12442.17075042373,24
Amazon_ACFM5,17,76.875,11817.77446299435,24
Amazon_ACFM5,18,92.0,14177.109344878409,23
Amazon_ACFM5,19,101.08695652173913,15581.1525587325,23
Amazon_ACFM5,20,85.52173913043478,13178.588363817245,23
Amazon_ACFM5,21,91.33333333333333,14054.92757648305,24
Amazon_ACFM5,22,102.8695652173913,15794.62968459838,23
Amazon_ACFM5,23,102.19047619047619,15743.345514285713,21
Amazon_ACFM5,24,92.31818181818181,14221.653399229584,22
Amazon_ACFM5,25,86.13636363636364,13282.281872187981,22
Amazon_ACFM5,26,94.91304347826087,14666.776587840825,23
Amazon_ACFM5,27,98.0,15165.638162417097,23
Amazon_ACFM5,28,102.47826086956522,15865.84207074429,23
Amazon_ACFM5,29,75.0,11604.741307909602,24
Amazon_ACFM5,30,78.86363636363636,12242.87775770416,22
Amazon_ACFM5,31,90.92857142857143,14007.538320823243,14
Amazon_ACHO5M,1,26.571428571428573,5012.616581129944,21
Amazon_ACHO5M,2,31.4,5923.09728311017,20
Amazon_ACHO5M,3,33.25,6272.147502491525,20
Amazon_ACHO5M,4,29.428571428571427,5553.786040032284,21
Amazon_ACHO5M,5,30.8,5809.117631372882,20
Amazon_ACHO5M,6,27.263157894736842,5140.9494069045495,19
Amazon_ACHO5M,7,28.85,5440.36748311017,20
Amazon_ACHO5M,8,31.80952380952381,5998.495309903148,21
Amazon_ACHO5M,9,31.55,5950.321645881357,20
Amazon_ACHO5M,10,23.454545454545453,4431.258353782743,22
Amazon_ACHO5M,11,25.65,4836.869880254238,20
Amazon_ACHO5M,12,23.40909090909091,4414.100281194145,22
Amazon_ACHO5M,13,22.857142857142858,4311.244300960452,21
Amazon_ACHO5M,14,26.95,5081.996982711865,20
Amazon_ACHO5M,15,18.90909090909091,3567.036290130971,22
Amazon_ACHO5M,16,23.666666666666668,4465.101856335755,21
Amazon_ACHO5M,17,22.7,4280.512143423729,20
Amazon_ACHO5M,18,26.5,4997.115926132512,22
Amazon_ACHO5M,19,26.1,4921.937035000001,20
Amazon_ACHO5M,20,23.238095238095237,4384.495919451171,21
Amazon_ACHO5M,21,23.952380952380953,4519.198263478613,21
Amazon_ACHO5M,22,27.0,5092.610190805086,20
Amazon_ACHO5M,23,21.57894736842105,4070.3672312756476,19
Amazon_ACHO5M,24,21.15,3988.2451448983056,20
Amazon_ACHO5M,25,22.11111111111111,4169.615289548023,18
Amazon_ACHO5M,26,17.4,3282.5304687033904,20
Amazon_ACHO5M,27,27.526315789473685,5190.57024719893,19
Amazon_ACHO5M,28,21.272727272727273,4012.9179091833594,22
Amazon_ACHO5M,29,25.15,4742.482454101695,20
Amazon_ACHO5M,30,23.7,4470.5619312033905,20
Amazon_ACHO5M,31,17.714285714285715,3340.6555065859566,14
Amazon_ACLH4N,1,160.66666666666666,27921.69686666667,9
Amazon_ACLH4N,2,190.77777777777777,33204.86896666666,9
Amazon_ACLH4N,3,171.88888888888889,30006.879811111114,9
Amazon_ACLH4N,4,196.0,34101.246311111114,9
Amazon_ACLH4N,5,178.77777777777777,31070.67384444444,9
Amazon_ACLH4N,6,192.55555555555554,33603.95312222222,9
Amazon_ACLH4N,7,205.11111111111111,35703.27014444445,9
Amazon_ACLH4N,8,213.11111111111111,37081.52136666667,9
Amazon_ACLH4N,9,156.33333333333334,27298.84018888889,9
Amazon_ACLH4N,10,148.0,25905.720266666664,9
Amazon_ACLH4N,11,123.88888888888889,21606.121,9
Amazon_ACLH4N,12,111.66666666666667,19433.3745,9
Amazon_ACLH4N,13,151.66666666666666,26379.516966666666,9
Amazon_ACLH4N,14,131.88888888888889,22996.3042,9
Amazon_ACLH4N,15,107.55555555555556,18739.29268888889,9
Amazon_ACLH4N,16,121.0,21069.175888888887,9
Amazon_ACLH4N,17,107.88888888888889,18859.164873333335,9
Amazon_ACLH4N,18,107.55555555555556,18689.177922222225,9
Amazon_ACLH4N,19,91.0,15848.233155555554,9
Amazon_ACLH4N,20,95.88888888888889,16658.148955555556,9
Amazon_ACLH4N,21,99.22222222222223,17274.57988888889,9
Amazon_ACLH4N,22,156.11111111111111,27212.56128888889,9
Amazon_ACLH4N,23,118.25,20591.22555,8
Amazon_ACLH4N,24,101.0,17622.951975,8
Amazon_ACLH4N,25,91.5,15926.618274999999,8
Amazon_ACLH4N,26,91.0,15839.8809,8
Amazon_ACLH4N,27,168.77777777777777,29314.449388888883,9
Amazon_ACLH4N,28,148.55555555555554,25813.567755555552,9
Amazon_ACLH4N,29,133.33333333333334,23177.6724,9
Amazon_ACLH4N,30,133.55555555555554,23235.3134,9
Amazon_ACLH4N,31,119.8,20782.25408,5
Amazon_ACRO3,1,519.9583333333334,75694.58136228814,24
Amazon_ACRO3,2,664.68,97741.60633694915,25
Amazon_ACRO3,3,571.88,84118.91249694915,25
Amazon_ACRO3,4,665.12,95666.35045762712,25
Amazon_ACRO3,5,580.32,84168.17212745763,25
Amazon_ACRO3,6,516.0,75188.71688067797,25
Amazon_ACRO3,7,635.04,92186.51045559322,25
Amazon_ACRO3,8,578.88,83314.52023728815,25
Amazon_ACRO3,9,571.6,83740.73296881357,25
Amazon_ACRO3,10,417.88,61157.233771525425,25
Amazon_ACRO3,11,342.08,49835.070951864414,25
Amazon_ACRO3,12,362.52,52994.10930033899,25
Amazon_ACRO3,13,364.88,52904.29889220339,25
Amazon_ACRO3,14,392.16,56948.94409559322,25
Amazon_ACRO3,15,507.24,74078.58739694915,25
Amazon_ACRO3,16,453.0,66681.82231050848,25
Amazon_ACRO3,17,416.72,61193.50144440678,25
Amazon_ACRO3,18,394.88,58015.42177064407,25
Amazon_ACRO3,19,402.28,59367.19271186441,25
Amazon_ACRO3,20,492.92,72867.64561037289,25
Amazon_ACRO3,21,402.64,59393.67425376272,25
Amazon_ACRO3,22,432.56,63477.22857538983,25
Amazon_ACRO3,23,283.8333333333333,42058.48108163842,24
Amazon_ACRO3,24,281.1666666666667,41527.797277330515,24
Amazon_ACRO3,25,385.5833333333333,57226.7798079096,24
Amazon_ACRO3,26,406.4166666666667,60168.945493644074,24
Amazon_ACRO3,27,476.64,70008.37379186442,25
Amazon_ACRO3,28,506.88,74286.40413491525,25
Amazon_ACRO3,29,448.1666666666667,65951.54148446328,24
Amazon_ACRO3,30,504.60869565217394,74669.89563154017,23
Amazon_ACRO3,31,326.46666666666664,47230.466352542375,15
Amazon_ACRO95,1,140.66666666666666,30334.59116899718,24
Amazon_ACRO95,2,143.16,30754.35292427119,25
Amazon_ACRO95,3,165.48,35682.62948271187,25
Amazon_ACRO95,4,196.36,42146.4161499661,25
Amazon_ACRO95,5,158.4,33824.979349355934,25
Amazon_ACRO95,6,160.16,34090.02257172882,25
Amazon_ACRO95,7,158.04,33809.65295261017,25
Amazon_ACRO95,8,158.92,34091.45232623729,25
Amazon_ACRO95,9,152.52,32624.401474576272,25
Amazon_ACRO95,10,159.48,34001.73541444068,25
Amazon_ACRO95,11,125.32,26791.674595932207,25
Amazon_ACRO95,12,98.24,21035.75927186441,25
Amazon_ACRO95,13,137.32,29487.215218983052,25
Amazon_ACRO95,14,133.44,28561.60817423729,25
Amazon_ACRO95,15,143.8,30547.8195620339,25
Amazon_ACRO95,16,121.28,25912.303551186444,25
Amazon_ACRO95,17,112.96,24129.330901220343,25
Amazon_ACRO95,18,111.6,23852.512785559324,25
Amazon_ACRO95,19,109.56,23426.80192420339,25
Amazon_ACRO95,20,119.28,25508.2828,25
Amazon_ACRO95,21,124.95833333333333,26830.12902930791,24
Amazon_ACRO95,22,146.6,31263.725464000003,25
Amazon_ACRO95,23,177.04166666666666,37778.198325,24
Amazon_ACRO95,24,146.875,31427.654259180796,24
Amazon_ACRO95,25,132.20833333333334,28234.90928439266,24
Amazon_ACRO95,26,143.125,30641.958659322034,24
Amazon_ACRO95,27,170.08,36569.3488061017,25
Amazon_ACRO95,28,153.2,32949.124865762715,25
Amazon_ACRO95,29,136.16666666666666,29246.931398305085,24
Amazon_ACRO95,30,125.34782608695652,26933.98422918202,23
Amazon_ACRO95,31,110.2,23580.72218644068,15
Amazon_AGNAJ,1,55.791666666666664,7358.64783861582,24
Amazon_AGNAJ,2,72.44,9562.78315943729,25
Amazon_AGNAJ,3,70.6,9309.478127118644,25
Amazon_AGNAJ,4,68.28,8990.39677964068,25
Amazon_AGNAJ,5,64.84,8532.92885341017,25
Amazon_AGNAJ,6,66.79166666666667,8795.57572161017,24
Amazon_AGNAJ,7,63.8,8386.925574088136,25
Amazon_AGNAJ,8,58.12,7647.8747269152545,25
Amazon_AGNAJ,9,63.76,8382.16978301695,25
Amazon_AGNAJ,10,94.84,12428.091564359323,25
Amazon_AGNAJ,11,46.48,6118.149193220339,25
Amazon_AGNAJ,12,44.68,5894.420427322034,25
Amazon_AGNAJ,13,48.12,6339.105199145763,25
Amazon_AGNAJ,14,44.4,5860.325545172882,25
Amazon_AGNAJ,15,44.84,5914.257703647458,25
Amazon_AGNAJ,16,42.04,5534.366184,25
Amazon_AGNAJ,17,43.88,5794.233882555933,25
Amazon_AGNAJ,18,44.12,5819.800088867796,25
Amazon_AGNAJ,19,44.48,5858.667816155932,25
Amazon_AGNAJ,20,45.64,6022.393274169492,25
Amazon_AGNAJ,21,51.125,6734.703372161017,24
Amazon_AGNAJ,22,51.68,6800.522081322034,25
Amazon_AGNAJ,23,51.791666666666664,6819.488030826272,24
Amazon_AGNAJ,24,49.333333333333336,6484.625784420904,24
Amazon_AGNAJ,25,47.34782608695652,6225.173149226234,23
Amazon_AGNAJ,26,49.43478260869565,6487.1628610537955,23
Amazon_AGNAJ,27,49.24,6471.386484237289,25
Amazon_AGNAJ,28,52.76,6942.857674983051,25
Amazon_AGNAJ,29,50.583333333333336,6657.164814668079,24
Amazon_AGNAJ,30,51.08695652173913,6717.07090101695,23
Amazon_AGNAJ,31,47.06666666666667,6183.11865,15
Amazon_AGNAM9,1,90.34782608695652,28555.61209745763,23
Amazon_AGNAM9,2,83.41666666666667,26369.939064971753,24
Amazon_AGNAM9,3,79.32,25070.509470983056,25
Amazon_AGNAM9,4,87.8,27748.840103715258,25
Amazon_AGNAM9,5,87.24,27573.430960203394,25
Amazon_AGNAM9,6,79.44,25109.403769728815,25
Amazon_AGNAM9,7,85.48,27018.925649864414,25
Amazon_AGNAM9,8,87.0,27496.0196888678,25
Amazon_AGNAM9,9,90.625,28640.309879378536,24
Amazon_AGNAM9,10,91.68,28979.254598610172,25
Amazon_AGNAM9,11,102.04,32251.578483559326,25
Amazon_AGNAM9,12,94.88,29988.350583830514,25
Amazon_AGNAM9,13,67.28,21264.484108494922,25
Amazon_AGNAM9,14,68.56,21668.5111029017,25
Amazon_AGNAM9,15,74.28,23481.842818101697,25
Amazon_AGNAM9,16,67.76,21421.842448474577,25
Amazon_AGNAM9,17,74.84,23655.578483206784,25
Amazon_AGNAM9,18,69.92,22099.762407545764,25
Amazon_AGNAM9,19,66.8,21117.378732542376,25
Amazon_AGNAM9,20,67.4,21305.67173946441,25
Amazon_AGNAM9,21,81.66666666666667,25812.396348750004,24
Amazon_AGNAM9,22,69.29166666666667,21903.239473714693,24
Amazon_AGNAM9,23,55.69565217391305,17608.485181156964,23
Amazon_AGNAM9,24,58.391304347826086,18454.984000648492,23
Amazon_AGNAM9,25,61.30434782608695,19381.093447789244,23
Amazon_AGNAM9,26,56.75,17943.66036125,24
Amazon_AGNAM9,27,69.5,21969.583980494353,24
Amazon_AGNAM9,28,65.875,20825.25650394068,24
Amazon_AGNAM9,29,59.0,18656.966596454804,24
Amazon_AGNAM9,30,64.73913043478261,20467.099784487844,23
Amazon_AGNAM9,31,67.46666666666667,21328.4657900113,15
Amazon_AGNFJ,1,14.642857142857142,1927.7966144309928,14
Amazon_AGNFJ,2,25.307692307692307,3320.938724576272,13
Amazon_AGNFJ,3,31.0,4059.3462477360777,14
Amazon_AGNFJ,4,27.23076923076923,3565.0325961929598,13
Amazon_AGNFJ,5,21.90909090909091,2871.525425269646,11
Amazon_AGNFJ,6,19.0,2510.4237493644073,12
Amazon_AGNFJ,7,14.5,1912.478882062147,12
Amazon_AGNFJ,8,15.333333333333334,2021.6384092796613,12
Amazon_AGNFJ,9,15.25,2033.6652992937854,12
Amazon_AGNFJ,10,16.615384615384617,2227.82265559322,13
Amazon_AGNFJ,11,14.307692307692308,1922.3468191003913,13
Amazon_AGNFJ,12,15.833333333333334,2123.248595861582,12
Amazon_AGNFJ,13,11.636363636363637,1546.1016938366718,11
Amazon_AGNFJ,14,12.2,1625.762706101695,15
Amazon_AGNFJ,15,12.857142857142858,1708.329296416465,14
Amazon_AGNFJ,16,14.6,1949.4237434802262,15
Amazon_AGNFJ,17,15.357142857142858,2084.1404125907993,14
Amazon_AGNFJ,18,22.214285714285715,3026.198552542373,14
Amazon_AGNFJ,19,23.625,3211.9068367372884,16
Amazon_AGNFJ,20,25.785714285714285,3470.726391283293,14
Amazon_AGNFJ,21,18.866666666666667,2515.2090406779666,15
Amazon_AGNFJ,22,25.5,3398.2808757869248,14
Amazon_AGNFJ,23,14.428571428571429,1900.6295445520584,14
Amazon_AGNFJ,24,19.846153846153847,2603.859195958279,13
Amazon_AGNFJ,25,17.083333333333332,2241.638418220339,12
Amazon_AGNFJ,26,17.416666666666668,2287.005648983051,12
Amazon_AGNFJ,27,18.25,2401.3559221751416,12
Amazon_AGNFJ,28,16.571428571428573,2182.687657663438,14
Amazon_AGNFJ,29,16.583333333333332,2190.367234378531,12
Amazon_AGNFJ,30,20.666666666666668,2712.0903951412433,12
Amazon_AGNFJ,31,17.125,2262.9237306779664,8
Amazon_AGNSJ,1,18.285714285714285,2402.4213048547217,14
Amazon_AGNSJ,2,20.9375,2755.3601619809324,16
Amazon_AGNSJ,3,21.333333333333332,2801.0847520338984,15
Amazon_AGNSJ,4,21.8125,2862.563560603814,16
Amazon_AGNSJ,5,25.214285714285715,3321.5738654600486,14
Amazon_AGNSJ,6,21.214285714285715,2800.338973874092,14
Amazon_AGNSJ,7,23.266666666666666,3081.242931683616,15
Amazon_AGNSJ,8,25.615384615384617,3397.2359932724908,13
Amazon_AGNSJ,9,25.76923076923077,3410.71706512386,13
Amazon_AGNSJ,10,22.2,2949.740143480226,15
Amazon_AGNSJ,11,23.88235294117647,3175.8524664406777,17
Amazon_AGNSJ,12,23.875,3179.7457748622883,16
Amazon_AGNSJ,13,23.1875,3103.072026175848,16
Amazon_AGNSJ,14,17.3125,2309.9999970868644,16
Amazon_AGNSJ,15,16.4375,2192.775438845339,16
Amazon_AGNSJ,16,18.8,2493.5819309604517,15
Amazon_AGNSJ,17,16.625,2224.0042133898305,16
Amazon_AGNSJ,18,20.733333333333334,2777.220326745763,15
Amazon_AGNSJ,19,19.866666666666667,2669.830474101695,15
Amazon_AGNSJ,20,17.5625,2353.1144224364407,16
Amazon_AGNSJ,21,16.2,2177.627133220339,15
Amazon_AGNSJ,22,20.8,2796.8587635932204,15
Amazon_AGNSJ,23,16.384615384615383,2169.022147131682,13
Amazon_AGNSJ,24,15.153846153846153,2010.4041594263365,13
Amazon_AGNSJ,25,19.923076923076923,2637.7053370273793,13
Amazon_AGNSJ,26,22.454545454545453,2971.8644619414486,11
Amazon_AGNSJ,27,19.916666666666668,2633.7853316384185,12
Amazon_AGNSJ,28,16.285714285714285,2137.142844636804,14
Amazon_AGNSJ,29,14.846153846153847,1949.3089954628424,13
Amazon_AGNSJ,30,16.363636363636363,2151.186437442219,11
Amazon_AGNSJ,31,18.0,2382.7118785310736,6
Amazon_AGNSM9,1,30.11764705882353,9523.297900937192,17
Amazon_AGNSM9,2,46.470588235294116,14687.315532562316,17
Amazon_AGNSM9,3,52.705882352941174,16659.255194197412,17
Amazon_AGNSM9,4,41.888888888888886,13238.965495367234,18
Amazon_AGNSM9,5,44.1875,13964.373414385596,16
Amazon_AGNSM9,6,38.125,12048.848645370765,16
Amazon_AGNSM9,7,31.41176470588235,9927.273301405785,17
Amazon_AGNSM9,8,39.642857142857146,12528.150728450366,14
Amazon_AGNSM9,9,33.11764705882353,10466.018443788636,17
Amazon_AGNSM9,10,37.8125,11949.711334279662,16
Amazon_AGNSM9,11,35.388888888888886,11183.788609397367,18
Amazon_AGNSM9,12,30.235294117647058,9555.121634436691,17
Amazon_AGNSM9,13,26.0,8223.369758358609,19
Amazon_AGNSM9,14,24.705882352941178,7820.540690488537,17
Amazon_AGNSM9,15,24.25,7676.894225635595,16
Amazon_AGNSM9,16,21.944444444444443,6940.060540602638,18
Amazon_AGNSM9,17,34.625,10956.416693305086,16
Amazon_AGNSM9,18,26.5,8382.092377175142,18
Amazon_AGNSM9,19,25.625,8106.118113707628,16
Amazon_AGNSM9,20,42.38461538461539,13405.354932698829,13
Amazon_AGNSM9,21,35.05555555555556,11086.539879152544,18
Amazon_AGNSM9,22,32.473684210526315,10268.579630454953,19
Amazon_AGNSM9,23,35.0,11067.673744506483,17
Amazon_AGNSM9,24,35.1875,11130.008095466104,16
Amazon_AGNSM9,25,32.1764705882353,10171.082088155536,17
Amazon_AGNSM9,26,31.0,9812.421345842475,17
Amazon_AGNSM9,27,29.36842105263158,9311.77234908118,19
Amazon_AGNSM9,28,23.833333333333332,7592.014887532958,18
Amazon_AGNSM9,29,26.1875,8368.29368387712,16
Amazon_AGNSM9,30,29.466666666666665,9417.768386192092,15
Amazon_AGNSM9,31,36.9,11669.228914000001,10
Amazon_ASPCB4M,1,417.0416666666667,79455.86196822034,24
Amazon_ASPCB4M,2,480.4,90407.07051525424,25
Amazon_ASPCB4M,3,607.92,114162.6354461017,25
Amazon_ASPCB4M,4,521.48,99316.37744474577,25
Amazon_ASPCB4M,5,517.52,100713.66572745763,25
Amazon_ASPCB4M,6,399.0,76759.94243389831,25
Amazon_ASPCB4M,7,415.12,78749.40481627118,25
Amazon_ASPCB4M,8,370.4,70369.38546576271,25
Amazon_ASPCB4M,9,337.04,64049.17176677966,25
Amazon_ASPCB4M,10,652.84,119573.61736522034,25
Amazon_ASPCB4M,11,313.0,58852.658894644075,25
Amazon_ASPCB4M,12,382.6,74536.83146372881,25
Amazon_ASPCB4M,13,259.04,49210.53773016949,25
Amazon_ASPCB4M,14,274.8,52034.05343484746,25
Amazon_ASPCB4M,15,247.6,47109.113290644076,25
Amazon_ASPCB4M,16,258.2,49392.64886013559,25
Amazon_ASPCB4M,17,267.0,50396.49335769491,25
Amazon_ASPCB4M,18,345.84,65068.639168135596,25
Amazon_ASPCB4M,19,425.52,79660.23247003391,25
Amazon_ASPCB4M,20,375.8,70137.25902576272,25
Amazon_ASPCB4M,21,399.64,76626.02570372881,25
Amazon_ASPCB4M,22,347.6,65626.04787254237,25
Amazon_ASPCB4M,23,309.7083333333333,58235.91430579096,24
Amazon_ASPCB4M,24,269.9583333333333,51417.5267690678,24
Amazon_ASPCB4M,25,328.25,61880.48807231639,24
Amazon_ASPCB4M,26,299.25,56714.44722224576,24
Amazon_ASPCB4M,27,275.28,51913.93699294915,25
Amazon_ASPCB4M,28,279.88,52706.15021423729,25
Amazon_ASPCB4M,29,278.2916666666667,52122.467992937854,24
Amazon_ASPCB4M,30,277.9130434782609,52271.60729528371,23
Amazon_ASPCB4M,31,327.4,62561.017248022596,15
Amazon_ASPGM4M,1,216.125,45243.71003509887,24
Amazon_ASPGM4M,2,289.52,61217.782115552545,25
Amazon_ASPGM4M,3,294.08,62056.62975159323,25
Amazon_ASPGM4M,4,243.6,51029.11887457627,25
Amazon_ASPGM4M,5,299.68,62903.0267620339,25
Amazon_ASPGM4M,6,245.6,51498.32448705085,25
Amazon_ASPGM4M,7,245.84,51813.57377830509,25
Amazon_ASPGM4M,8,311.08,65808.99297918644,25
Amazon_ASPGM4M,9,276.92,58360.532710644075,25
Amazon_ASPGM4M,10,339.24,71819.29778094914,25
Amazon_ASPGM4M,11,255.48,53935.748075050855,25
Amazon_ASPGM4M,12,193.36,40650.65887979661,25
Amazon_ASPGM4M,13,195.72,41282.23249355932,25
Amazon_ASPGM4M,14,198.36,41689.45286901695,25
Amazon_ASPGM4M,15,196.72,41419.59797355932,25
Amazon_ASPGM4M,16,220.32,46528.644254372884,25
Amazon_ASPGM4M,17,287.72,61036.06751661017,25
Amazon_ASPGM4M,18,241.56,51135.45239708475,25
Amazon_ASPGM4M,19,215.76,45743.55944305085,25
Amazon_ASPGM4M,20,197.68,41850.37289765424,25
Amazon_ASPGM4M,21,176.16,37193.990172,25
Amazon_ASPGM4M,22,175.4,37192.15983511865,25
Amazon_ASPGM4M,23,209.54166666666666,44686.11782768362,24
Amazon_ASPGM4M,24,202.0,42995.84851362995,24
Amazon_ASPGM4M,25,208.25,44345.873757274014,24
Amazon_ASPGM4M,26,200.20833333333334,42630.16550861582,24
Amazon_ASPGM4M,27,288.48,61679.3269553695,25
Amazon_ASPGM4M,28,231.92,49552.842731661025,25
Amazon_ASPGM4M,29,191.25,40648.18402549435,24
Amazon_ASPGM4M,30,205.2608695652174,43525.73458142963,23
Amazon_ASPGM4M,31,199.33333333333334,42097.45769827119,15
Amazon_ASPLU4M,1,357.3333333333333,68177.40151694916,24
Amazon_ASPLU4M,2,618.88,116362.4800602034,25
Amazon_ASPLU4M,3,578.84,108141.82029491528,25
Amazon_ASPLU4M,4,527.88,101213.36664135594,25
Amazon_ASPLU4M,5,525.48,100014.60575871187,25
Amazon_ASPLU4M,6,392.84,74986.56688551865,25
Amazon_ASPLU4M,7,423.36,79917.73388149153,25
Amazon_ASPLU4M,8,544.48,101390.42115864408,25
Amazon_ASPLU4M,9,389.68,73998.07270562713,25
Amazon_ASPLU4M,10,562.16,104075.46710301017,25
Amazon_ASPLU4M,11,520.64,96694.44040244068,25
Amazon_ASPLU4M,12,490.6,94978.73184474577,25
Amazon_ASPLU4M,13,377.2,72159.46797220339,25
Amazon_ASPLU4M,14,347.2,67051.44852684745,25
Amazon_ASPLU4M,15,327.52,63526.64325182373,25
Amazon_ASPLU4M,16,349.4,66936.42604515255,25
Amazon_ASPLU4M,17,425.52,80220.89115284069,25
Amazon_ASPLU4M,18,614.8,114232.82294395931,25
Amazon_ASPLU4M,19,493.32,92384.62008203389,25
Amazon_ASPLU4M,20,447.64,84226.70177945762,25
Amazon_ASPLU4M,21,319.0,62126.64898569492,25
Amazon_ASPLU4M,22,368.84,72089.93615471186,25
Amazon_ASPLU4M,23,315.875,60045.366375918085,24
Amazon_ASPLU4M,24,324.0416666666667,60884.9280730226,24
Amazon_ASPLU4M,25,348.1666666666667,65508.384033545204,24
Amazon_ASPLU4M,26,386.0833333333333,73105.84115480226,24
Amazon_ASPLU4M,27,320.4,60454.52774766102,25
Amazon_ASPLU4M,28,316.76,59855.54446433898,25
Amazon_ASPLU4M,29,286.8333333333333,54677.90565070621,24
Amazon_ASPLU4M,30,277.69565217391306,52821.46560221077,23
Amazon_ASPLU4M,31,275.2,52005.08429661017,15
Amazon_BGPOA2,1,1.8333333333333333,1470.903966384181,6
Amazon_BGPOA2,2,2.75,2136.8644042372885,4
Amazon_BGPOA2,3,1.3333333333333333,1077.1186398305085,6
Amazon_BGPOA2,4,1.5,1181.3559296610172,2
Amazon_BGPOA2,5,1.5,1216.1016898305086,4
Amazon_BGPOA2,6,1.1666666666666667,938.1355906779662,6
Amazon_BGPOA2,7,1.0,833.8983,1
Amazon_BGPOA2,8,1.0,764.4067796610171,4
Amazon_BGPOA2,9,2.5714285714285716,2035.1089559322038,7
Amazon_BGPOA2,10,2.111111111111111,1683.2391691148778,9
Amazon_BGPOA2,11,4.571428571428571,3653.2687406779664,7
Amazon_BGPOA2,12,3.625,2901.2711656779666,8
Amazon_BGPOA2,13,2.75,2154.2372849576273,8
Amazon_BGPOA2,14,2.2222222222222223,1768.1732563088515,9
Amazon_BGPOA2,15,2.6,2091.694898644068,10
Amazon_BGPOA2,16,1.5714285714285714,1280.629537772397,7
Amazon_BGPOA2,17,2.1666666666666665,1737.2881146892657,6
Amazon_BGPOA2,18,2.5454545454545454,2015.2542249614794,11
Amazon_BGPOA2,19,2.5714285714285716,2064.8910375302667,7
Amazon_BGPOA2,20,2.75,2188.983071398305,8
Amazon_BGPOA2,21,1.8333333333333333,1436.1581903954805,6
Amazon_BGPOA2,22,4.6,3571.8643837288146,5
Amazon_BGPOA2,23,4.6,3627.4575789830515,5
Amazon_BGPOA2,24,2.0,1554.872879449153,8
Amazon_BGPOA2,25,2.3333333333333335,1853.1073728813562,6
Amazon_BGPOA2,26,4.4,3405.084742711865,5
Amazon_BGPOA2,27,4.6,3530.1694905084755,5
Amazon_BGPOA2,28,4.0,3127.1186556497178,6
Amazon_BGPOA2,29,2.8333333333333335,2177.4011290960457,6
Amazon_BGPOA2,30,2.8333333333333335,2246.8926661016953,6
Amazon_BGPOA2,31,0.3333333333333333,254.8022598870057,3
Amazon_BGPSH2,1,5.529411764705882,1921.23629996012,17
Amazon_BGPSH2,2,5.894736842105263,2048.1712789652097,19
Amazon_BGPSH2,3,6.722222222222222,2335.6873854802266,18
Amazon_BGPSH2,4,5.894736842105263,2048.171270704728,19
Amazon_BGPSH2,5,5.529411764705882,1921.2363022532406,17
Amazon_BGPSH2,6,6.0,2084.745786758475,16
Amazon_BGPSH2,7,5.733333333333333,1992.090397966102,15
Amazon_BGPSH2,8,5.0,1737.288137651332,14
Amazon_BGPSH2,9,4.5,1563.5593256991529,16
Amazon_BGPSH2,10,5.533333333333333,1922.5988717740115,15
Amazon_BGPSH2,11,5.928571428571429,2059.9273607748187,14
Amazon_BGPSH2,12,6.066666666666666,2107.9096062372887,15
Amazon_BGPSH2,13,6.916666666666667,2403.248587570622,12
Amazon_BGPSH2,14,7.0,2432.203387092569,13
Amazon_BGPSH2,15,5.625,1954.4491562076275,16
Amazon_BGPSH2,16,8.266666666666667,2872.316385423729,15
Amazon_BGPSH2,17,4.642857142857143,1613.1961300968526,14
Amazon_BGPSH2,18,5.066666666666666,1760.4519835028252,15
Amazon_BGPSH2,19,4.294117647058823,1492.0239304885347,17
Amazon_BGPSH2,20,5.0,1737.2881425536727,15
Amazon_BGPSH2,21,5.75,1997.8813575423733,16
Amazon_BGPSH2,22,5.071428571428571,1762.1065384503636,14
Amazon_BGPSH2,23,5.705882352941177,1982.5523491126626,17
Amazon_BGPSH2,24,5.4375,1889.3008482627124,16
Amazon_BGPSH2,25,5.933333333333334,2061.5819226214694,15
Amazon_BGPSH2,26,5.3125,1845.8686448728818,16
Amazon_BGPSH2,27,5.0,1737.2881365133176,14
Amazon_BGPSH2,28,4.9375,1715.5720363135597,16
Amazon_BGPSH2,29,6.785714285714286,2357.7481858595647,14
Amazon_BGPSH2,30,5.857142857142857,2035.1089597578696,14
Amazon_BGPSH2,31,4.5,1563.5593236440682,8
Amazon_BMBB4T,1,32.81818181818182,3073.2280408320494,11
Amazon_BMBB4T,2,30.90909090909091,2894.4530375963022,11
Amazon_BMBB4T,3,35.90909090909091,3362.6733032357474,11
Amazon_BMBB4T,4,39.18181818181818,3669.144811248074,11
Amazon_BMBB4T,5,33.27272727272727,3115.7934992295836,11
Amazon_BMBB4T,6,30.363636363636363,2843.3743605546993,11
Amazon_BMBB4T,7,30.666666666666668,2871.7514466101693,12
Amazon_BMBB4T,8,40.416666666666664,3784.781086440678,12
Amazon_BMBB4T,9,33.75,3160.487299435028,12
Amazon_BMBB4T,10,40.666666666666664,3808.1920485875708,12
Amazon_BMBB4T,11,35.666666666666664,3339.971787711864,12
Amazon_BMBB4T,12,45.333333333333336,4245.197763418079,12
Amazon_BMBB4T,13,41.083333333333336,3847.210363841808,12
Amazon_BMBB4T,14,32.583333333333336,3051.2358823446325,12
Amazon_BMBB4T,15,35.416666666666664,3316.5606831920904,12
Amazon_BMBB4T,16,44.416666666666664,4159.357390112994,12
Amazon_BMBB4T,17,33.333333333333336,3121.4689221751414,12
Amazon_BMBB4T,18,36.333333333333336,3402.40107019774,12
Amazon_BMBB4T,19,36.90909090909091,3456.3173684129433,11
Amazon_BMBB4T,20,35.166666666666664,3293.149711440678,12
Amazon_BMBB4T,21,29.0,2715.678002824859,12
Amazon_BMBB4T,22,31.166666666666668,2918.5734761864405,12
Amazon_BMBB4T,23,29.90909090909091,2800.8089174114025,11
Amazon_BMBB4T,24,30.09090909090909,2817.835082280432,11
Amazon_BMBB4T,25,32.0,2996.6102044067798,11
Amazon_BMBB4T,26,29.272727272727273,2741.2172038520803,11
Amazon_BMBB4T,27,34.25,3207.3093371468926,12
Amazon_BMBB4T,28,38.333333333333336,3589.6892262711867,12
Amazon_BMBB4T,29,32.90909090909091,3081.741130662558,11
Amazon_BMBB4T,30,32.18181818181818,3013.6363590138676,11
Amazon_BMBB4T,31,33.857142857142854,3170.5206084745764,7
Amazon_BMBBA4,1,106.9090909090909,9857.380600200308,22
Amazon_BMBBA4,2,121.52173913043478,11204.716281518055,23
Amazon_BMBBA4,3,119.17391304347827,10988.238813728813,23
Amazon_BMBBA4,4,117.8695652173913,10867.973529351511,23
Amazon_BMBBA4,5,126.56521739130434,11669.742058142961,23
Amazon_BMBBA4,6,119.54545454545455,11022.49618651772,22
Amazon_BMBBA4,7,108.95652173913044,10046.160704804715,23
Amazon_BMBBA4,8,118.08695652173913,10888.017722269713,23
Amazon_BMBBA4,9,106.21739130434783,9793.60354229919,23
Amazon_BMBBA4,10,125.77272727272727,11596.671803312789,22
Amazon_BMBBA4,11,112.0,10326.779657395993,22
Amazon_BMBBA4,12,107.54545454545455,9916.055426579353,22
Amazon_BMBBA4,13,99.63636363636364,9186.810525577812,22
Amazon_BMBBA4,14,104.04545454545455,9593.343600924498,22
Amazon_BMBBA4,15,93.5909090909091,8629.39909807396,22
Amazon_BMBBA4,16,95.30434782608695,8787.383922918201,23
Amazon_BMBBA4,17,97.18181818181819,8960.493117334361,22
Amazon_BMBBA4,18,97.22727272727273,8964.684132126347,22
Amazon_BMBBA4,19,104.27272727272727,9614.29900770416,22
Amazon_BMBBA4,20,96.68181818181819,8914.391248305084,22
Amazon_BMBBA4,21,96.77272727272727,8922.773519491526,22
Amazon_BMBBA4,22,101.45454545454545,9354.45295531587,22
Amazon_BMBBA4,23,90.19047619047619,8315.867658514931,21
Amazon_BMBBA4,24,92.80952380952381,8557.352668280872,21
Amazon_BMBBA4,25,91.71428571428571,8456.367987489912,21
Amazon_BMBBA4,26,92.52380952380952,8531.008889669087,21
Amazon_BMBBA4,27,89.95454545454545,8294.114012095532,22
Amazon_BMBBA4,28,102.95454545454545,9492.758086825885,22
Amazon_BMBBA4,29,90.76190476190476,8368.555331234867,21
Amazon_BMBBA4,30,93.1,8584.135600305084,20
Amazon_BMBBA4,31,100.07692307692308,9227.431612777054,13
Amazon_BMBD4T,1,14.181818181818182,1328.0431575808936,11
Amazon_BMBD4T,2,18.8,1760.508501515254,10
Amazon_BMBD4T,3,17.363636363636363,1626.0015214175655,11
Amazon_BMBD4T,4,19.5,1826.0593047355935,10
Amazon_BMBD4T,5,24.555555555555557,2299.4821419962336,9
Amazon_BMBD4T,6,18.333333333333332,1716.807863265537,9
Amazon_BMBD4T,7,16.2,1517.033889898305,10
Amazon_BMBD4T,8,16.363636363636363,1532.3574831432975,11
Amazon_BMBD4T,9,18.9,1769.8728603389832,10
Amazon_BMBD4T,10,21.9,2050.805097457627,10
Amazon_BMBD4T,11,25.3,2369.194924576271,10
Amazon_BMBD4T,12,20.2,1891.6101477966101,10
Amazon_BMBD4T,13,19.7,1844.788130338983,10
Amazon_BMBD4T,14,18.7,1751.144047118644,10
Amazon_BMBD4T,15,22.1,2069.53389079661,10
Amazon_BMBD4T,16,25.8,2416.0169549152542,10
Amazon_BMBD4T,17,24.6,2303.6440210169494,10
Amazon_BMBD4T,18,18.8,1760.5084438983054,10
Amazon_BMBD4T,19,17.363636363636363,1626.0015215254236,11
Amazon_BMBD4T,20,18.272727272727273,1711.1324822342067,11
Amazon_BMBD4T,21,16.818181818181817,1574.9229346687214,11
Amazon_BMBD4T,22,18.545454545454547,1736.67177990755,11
Amazon_BMBD4T,23,18.3,1713.6864342372883,10
Amazon_BMBD4T,24,22.11111111111111,2070.574381864407,9
Amazon_BMBD4T,25,17.8,1666.8643937966103,10
Amazon_BMBD4T,26,15.545454545454545,1455.7395952850538,11
Amazon_BMBD4T,27,16.5,1545.1270874293787,12
Amazon_BMBD4T,28,21.25,1989.936488460452,12
Amazon_BMBD4T,29,20.90909090909091,1958.012297072419,11
Amazon_BMBD4T,30,15.272727272727273,1430.2002884899846,11
Amazon_BMBD4T,31,17.714285714285715,1658.8377853995157,7
Amazon_BMBN4T,1,17.545454545454547,1643.0277077041603,11
Amazon_BMBN4T,2,16.454545454545453,1540.8705460708784,11
Amazon_BMBN4T,3,18.09090909090909,1694.1063369799695,11
Amazon_BMBN4T,4,23.545454545454547,2204.8921086286596,11
Amazon_BMBN4T,5,12.363636363636363,1157.7811995993836,11
Amazon_BMBN4T,6,21.272727272727273,1992.0646949768875,11
Amazon_BMBN4T,7,17.583333333333332,1646.574868177966,12
Amazon_BMBN4T,8,19.75,1849.470334180791,12
Amazon_BMBN4T,9,18.636363636363637,1745.1849057010784,11
Amazon_BMBN4T,10,20.818181818181817,1949.4991898305086,11
Amazon_BMBN4T,11,17.5,1638.7711742937854,12
Amazon_BMBN4T,12,16.5,1545.1270995762713,12
Amazon_BMBN4T,13,19.5,1826.0593221751415,12
Amazon_BMBN4T,14,16.5,1545.1271114406782,12
Amazon_BMBN4T,15,23.333333333333332,2185.028232725989,12
Amazon_BMBN4T,16,23.272727272727273,2179.3528382126347,11
Amazon_BMBN4T,17,17.333333333333332,1623.1638298305086,12
Amazon_BMBN4T,18,18.833333333333332,1763.6299195903955,12
Amazon_BMBN4T,19,14.416666666666666,1350.0352763276835,12
Amazon_BMBN4T,20,16.25,1521.7160972740114,12
Amazon_BMBN4T,21,18.25,1709.0042146892656,12
Amazon_BMBN4T,22,16.5,1545.127084096045,12
Amazon_BMBN4T,23,14.636363636363637,1370.608640631741,11
Amazon_BMBN4T,24,16.272727272727273,1523.8443855161786,11
Amazon_BMBN4T,25,16.636363636363637,1557.896752650231,11
Amazon_BMBN4T,26,16.727272727272727,1566.4098155624038,11
Amazon_BMBN4T,27,21.5,2013.347413658192,12
Amazon_BMBN4T,28,22.272727272727273,2085.708753466872,11
Amazon_BMBN4T,29,17.454545454545453,1634.5146125423728,11
Amazon_BMBN4T,30,17.363636363636363,1626.0015450539292,11
Amazon_BMBN4T,31,19.571428571428573,1832.7481544794189,7
Amazon_BMBNA4,1,60.95454545454545,5620.215760862866,22
Amazon_BMBNA4,2,66.3913043478261,6121.503325865881,23
Amazon_BMBNA4,3,71.34782608695652,6578.511421002211,23
Amazon_BMBNA4,4,72.30434782608695,6666.706045173176,23
Amazon_BMBNA4,5,65.73913043478261,6061.370747826088,23
Amazon_BMBNA4,6,61.26086956521739,5648.459837730287,23
Amazon_BMBNA4,7,60.47826086956522,5576.300655490051,23
Amazon_BMBNA4,8,66.95652173913044,6173.618270154752,23
Amazon_BMBNA4,9,64.91304347826087,5985.202649837877,23
Amazon_BMBNA4,10,66.18181818181819,6102.1879872881345,22
Amazon_BMBNA4,11,54.21739130434783,4999.027329852616,23
Amazon_BMBNA4,12,54.34782608695652,5011.05384532056,23
Amazon_BMBNA4,13,56.5,5209.491495701078,22
Amazon_BMBNA4,14,53.857142857142854,4965.811066311541,21
Amazon_BMBNA4,15,57.523809523809526,5303.890233494753,21
Amazon_BMBNA4,16,50.608695652173914,4666.293299778924,23
Amazon_BMBNA4,17,58.95238095238095,5435.609350605327,21
Amazon_BMBNA4,18,51.40909090909091,4740.092454876733,22
Amazon_BMBNA4,19,56.63636363636363,5222.064711633282,22
Amazon_BMBNA4,20,51.27272727272727,4727.519271802774,22
Amazon_BMBNA4,21,53.54545454545455,4937.072401001541,22
Amazon_BMBNA4,22,53.72727272727273,4953.8366614791985,22
Amazon_BMBNA4,23,50.76190476190476,4680.419707554479,21
Amazon_BMBNA4,24,45.61904761904762,4206.2308260855525,21
Amazon_BMBNA4,25,46.523809523809526,4289.652950201776,21
Amazon_BMBNA4,26,49.523809523809526,4566.263142211461,21
Amazon_BMBNA4,27,57.72727272727273,5322.650172342065,22
Amazon_BMBNA4,28,60.36363636363637,5565.731838828968,22
Amazon_BMBNA4,29,48.095238095238095,4434.543993785311,21
Amazon_BMBNA4,30,53.5,4932.881404067796,20
Amazon_BMBNA4,31,56.15384615384615,5177.5748990873535,13
Amazon_CEBP2E,1,318.0416666666667,103838.92890677966,24
Amazon_CEBP2E,2,315.84,102844.28273288136,25
Amazon_CEBP2E,3,327.0,106556.3995138983,25
Amazon_CEBP2E,4,363.56,118542.11122033898,25
Amazon_CEBP2E,5,341.96,111473.1751938983,25
Amazon_CEBP2E,6,285.96,93053.16742508474,25
Amazon_CEBP2E,7,283.32,92067.22423118644,25
Amazon_CEBP2E,8,271.76,88404.55915728815,25
Amazon_CEBP2E,9,270.6,88167.87462983052,25
Amazon_CEBP2E,10,286.6,93433.30145559322,25
Amazon_CEBP2E,11,274.64,89481.50758372882,25
Amazon_CEBP2E,12,267.16,87010.35182576271,25
Amazon_CEBP2E,13,272.24,88605.48765898305,25
Amazon_CEBP2E,14,321.48,104835.87390169493,25
Amazon_CEBP2E,15,289.92,94454.05454644068,25
Amazon_CEBP2E,16,309.88,101082.53662779661,25
Amazon_CEBP2E,17,261.6,85087.55573966102,25
Amazon_CEBP2E,18,290.64,94334.5834101695,25
Amazon_CEBP2E,19,247.92,80305.90165627119,25
Amazon_CEBP2E,20,247.2,79919.3905240678,25
Amazon_CEBP2E,21,232.44,75273.4372861017,25
Amazon_CEBP2E,22,269.64,87625.09818508475,25
Amazon_CEBP2E,23,233.5,75811.65182556497,24
Amazon_CEBP2E,24,243.66666666666666,79264.1951292373,24
Amazon_CEBP2E,25,213.125,69300.76314124295,24
Amazon_CEBP2E,26,195.0,63290.37153177967,24
Amazon_CEBP2E,27,251.08,81676.12953762712,25
Amazon_CEBP2E,28,286.28,93348.21337694915,25
Amazon_CEBP2E,29,292.7083333333333,95270.37088206214,24
Amazon_CEBP2E,30,330.4347826086956,107694.98088430362,23
Amazon_CEBP2E,31,263.0,85654.52494576272,15
Amazon_CEBP3E,1,129.69230769230768,65285.78879269883,13
Amazon_CEBP3E,2,125.07692307692308,62962.45102346806,13
Amazon_CEBP3E,3,105.0,52855.93096870926,13
Amazon_CEBP3E,4,107.23076923076923,53978.87801694916,13
Amazon_CEBP3E,5,101.23076923076923,50958.53935723599,13
Amazon_CEBP3E,6,107.92307692307692,54327.3792803129,13
Amazon_CEBP3E,7,107.53846153846153,54133.76885788787,13
Amazon_CEBP3E,8,108.46153846153847,54598.434379400256,13
Amazon_CEBP3E,9,101.76923076923077,51229.59536636245,13
Amazon_CEBP3E,10,105.07692307692308,52894.653830508476,13
Amazon_CEBP3E,11,112.53846153846153,56650.71707301173,13
Amazon_CEBP3E,12,110.84615384615384,55798.82682398958,13
Amazon_CEBP3E,13,141.92307692307693,71442.63444719688,13
Amazon_CEBP3E,14,142.53846153846155,71752.41316427641,13
Amazon_CEBP3E,15,124.92307692307692,62885.00685919166,13
Amazon_CEBP3E,16,120.46153846153847,60639.112986962195,13
Amazon_CEBP3E,17,116.38461538461539,58586.832092568446,13
Amazon_CEBP3E,18,116.6923076923077,58741.72135071708,13
Amazon_CEBP3E,19,122.84615384615384,61839.504852672755,13
Amazon_CEBP3E,20,126.15384615384616,63504.562598435456,13
Amazon_CEBP3E,21,151.23076923076923,76128.03160495438,13
Amazon_CEBP3E,22,174.30769230769232,87744.71924511081,13
Amazon_CEBP3E,23,175.33333333333334,88261.01560310734,12
Amazon_CEBP3E,24,202.5,101936.4378601695,12
Amazon_CEBP3E,25,202.25,101810.59703672316,12
Amazon_CEBP3E,26,159.25,80164.83153531073,12
Amazon_CEBP3E,27,180.35714285714286,90789.95184987893,14
Amazon_CEBP3E,28,164.21428571428572,82663.80225544794,14
Amazon_CEBP3E,29,136.92307692307693,68925.68439895698,13
Amazon_CEBP3E,30,144.6153846153846,72797.91379009126,13
Amazon_CEBP3E,31,113.75,57260.59340677966,8
Amazon_CEBR1,1,50.40909090909091,8527.118761633283,22
Amazon_CEBR1,2,49.083333333333336,8279.237316525425,24
Amazon_CEBR1,3,49.30434782608695,8335.280041120117,23
Amazon_CEBR1,4,60.583333333333336,10220.021012711864,24
Amazon_CEBR1,5,53.77272727272727,9111.979794298923,22
Amazon_CEBR1,6,57.47826086956522,9715.457005674283,23
Amazon_CEBR1,7,66.75,11342.002007556497,24
Amazon_CEBR1,8,88.9090909090909,15125.962813867489,22
Amazon_CEBR1,9,76.36363636363636,13002.503789676424,22
Amazon_CEBR1,10,73.20833333333333,12449.364566031074,24
Amazon_CEBR1,11,69.6086956521739,11759.856297052322,23
Amazon_CEBR1,12,83.54545454545455,14171.880064483821,22
Amazon_CEBR1,13,62.81818181818182,10566.67953294299,22
Amazon_CEBR1,14,69.80952380952381,11787.167025907991,21
Amazon_CEBR1,15,60.35,10143.87713322034,20
Amazon_CEBR1,16,62.61904761904762,10509.806293623891,21
Amazon_CEBR1,17,57.78260869565217,9744.6390348563,23
Amazon_CEBR1,18,69.61904761904762,11712.167152058111,21
Amazon_CEBR1,19,61.476190476190474,10368.34158966909,21
Amazon_CEBR1,20,67.0,11309.200787271993,21
Amazon_CEBR1,21,76.22727272727273,12867.815745300462,22
Amazon_CEBR1,22,92.28571428571429,15648.84970895884,21
Amazon_CEBR1,23,85.33333333333333,14497.699723809525,21
Amazon_CEBR1,24,67.55,11386.143948898305,20
Amazon_CEBR1,25,53.35,9033.559203983052,20
Amazon_CEBR1,26,41.27272727272727,6994.241200693375,22
Amazon_CEBR1,27,44.95238095238095,7589.346207021792,21
Amazon_CEBR1,28,66.38095238095238,11276.331446166263,21
Amazon_CEBR1,29,38.40909090909091,6479.410659630201,22
Amazon_CEBR1,30,34.666666666666664,5851.634376319613,21
Amazon_CEBR1,31,48.46153846153846,8176.271265580182,13
Amazon_CEBR5,1,179.75,16028.071986581921,24
Amazon_CEBR5,2,192.48,17119.220402711864,25
Amazon_CEBR5,3,171.92,15295.42367661017,25
Amazon_CEBR5,4,172.84,15437.898094915254,25
Amazon_CEBR5,5,158.88,14168.440721355933,25
Amazon_CEBR5,6,175.0,15590.466144067797,24
Amazon_CEBR5,7,188.44,16886.135490847457,25
Amazon_CEBR5,8,178.72,16005.050752542373,25
Amazon_CEBR5,9,192.64,17319.66082305085,25
Amazon_CEBR5,10,181.68,16310.745884067797,25
Amazon_CEBR5,11,201.16666666666666,18081.038153954803,24
Amazon_CEBR5,12,196.16666666666666,17582.097415254237,24
Amazon_CEBR5,13,185.04347826086956,16585.335062638173,23
Amazon_CEBR5,14,203.6086956521739,18232.12979661017,23
Amazon_CEBR5,15,176.36,15818.949033898307,25
Amazon_CEBR5,16,170.20833333333334,15225.953370762712,24
Amazon_CEBR5,17,159.33333333333334,14273.834919491526,24
Amazon_CEBR5,18,165.24,14615.694921762713,25
Amazon_CEBR5,19,167.33333333333334,14864.618621045198,24
Amazon_CEBR5,20,160.8,14290.474661694916,25
Amazon_CEBR5,21,178.45833333333334,15844.067815677967,24
Amazon_CEBR5,22,205.3913043478261,18112.417057921888,23
Amazon_CEBR5,23,151.5,13375.423728389831,24
Amazon_CEBR5,24,145.875,12949.89405720339,24
Amazon_CEBR5,25,141.83333333333334,12627.012833333334,24
Amazon_CEBR5,26,141.875,12616.843199152543,24
Amazon_CEBR5,27,173.58333333333334,15473.19921822034,24
Amazon_CEBR5,28,180.0,16060.805161723163,24
Amazon_CEBR5,29,173.08333333333334,15452.860119350284,24
Amazon_CEBR5,30,175.69565217391303,15687.325036109065,23
Amazon_CEBR5,31,183.53333333333333,16287.457703954804,15
Amazon_CGFR1,1,340.8,25733.288172966106,20
Amazon_CGFR1,2,363.1,27417.12697754238,20
Amazon_CGFR1,3,326.95,24687.49574891526,20
Amazon_CGFR1,4,404.9,30573.381313355938,20
Amazon_CGFR1,5,388.15,29308.614438135603,20
Amazon_CGFR1,6,295.5,22312.754274237293,20
Amazon_CGFR1,7,268.05,20240.04678305085,20
Amazon_CGFR1,8,283.95,21440.631336525425,20
Amazon_CGFR1,9,285.04761904761904,21523.51091494754,21
Amazon_CGFR1,10,252.9047619047619,19096.452774753834,21
Amazon_CGFR1,11,288.5,21784.194905508477,20
Amazon_CGFR1,12,298.2857142857143,22523.099258611786,21
Amazon_CGFR1,13,325.85714285714283,24604.975809483458,21
Amazon_CGFR1,14,341.14285714285717,25759.17674826473,21
Amazon_CGFR1,15,311.55,23524.665158983054,20
Amazon_CGFR1,16,307.75,23237.733058389833,20
Amazon_CGFR1,17,273.35,20640.241552881358,20
Amazon_CGFR1,18,294.5238095238095,22239.04354069411,21
Amazon_CGFR1,19,316.1,23868.228789576275,20
Amazon_CGFR1,20,311.7,23535.991394745764,20
Amazon_CGFR1,21,293.55,22165.512846355934,20
Amazon_CGFR1,22,277.25,20934.724560338986,20
Amazon_CGFR1,23,278.36842105263156,21019.174904549513,19
Amazon_CGFR1,24,341.6842105263158,25800.05352729706,19
Amazon_CGFR1,25,325.36842105263156,24568.072990633365,19
Amazon_CGFR1,26,296.8421052631579,22414.094439901877,19
Amazon_CGFR1,27,306.05,23109.36862731356,20
Amazon_CGFR1,28,316.45,23894.65674788136,20
Amazon_CGFR1,29,380.45,28727.19919415254,20
Amazon_CGFR1,30,350.2,26443.06786033899,20
Amazon_CGFR1,31,265.0833333333333,20016.038334180794,12
Amazon_CGFR1FE,30,3.0,274.57626,1
Amazon_CGFR1FE,31,1.0,91.52542,1
Amazon_CGFR2,1,244.77777777777777,41337.07558568739,18
Amazon_CGFR2,2,277.55555555555554,47075.339315442565,18
Amazon_CGFR2,3,301.0,50981.94915065913,18
Amazon_CGFR2,4,334.55555555555554,56820.50859981167,18
Amazon_CGFR2,5,325.8333333333333,55416.356885122404,18
Amazon_CGFR2,6,349.52941176470586,59368.639519441684,17
Amazon_CGFR2,7,329.44444444444446,55848.43096892655,18
Amazon_CGFR2,8,349.5,59046.48333295669,18
Amazon_CGFR2,9,326.0,55055.97492024482,18
Amazon_CGFR2,10,284.8421052631579,47941.016457448706,19
Amazon_CGFR2,11,299.2105263157895,50127.14956824264,19
Amazon_CGFR2,12,284.36842105263156,47451.115394736844,19
Amazon_CGFR2,13,294.42105263157896,48967.06511489742,19
Amazon_CGFR2,14,317.63157894736844,52755.13372663694,19
Amazon_CGFR2,15,322.1578947368421,53625.107408831405,19
Amazon_CGFR2,16,307.4736842105263,51273.144912132026,19
Amazon_CGFR2,17,298.94736842105266,49937.836210579844,19
Amazon_CGFR2,18,286.63157894736844,47993.40326440678,19
Amazon_CGFR2,19,290.7368421052632,48825.80186779661,19
Amazon_CGFR2,20,313.0,52238.85776297948,19
Amazon_CGFR2,21,304.5263157894737,50733.746673113295,19
Amazon_CGFR2,22,295.94736842105266,49263.679880017844,19
Amazon_CGFR2,23,270.1666666666667,44786.821930320155,18
Amazon_CGFR2,24,279.5,46303.855857344635,18
Amazon_CGFR2,25,269.5,44650.677859698684,18
Amazon_CGFR2,26,230.61111111111111,38535.25461252354,18
Amazon_CGFR2,27,231.05263157894737,38845.677587421946,19
Amazon_CGFR2,28,256.05263157894734,42888.81351650312,19
Amazon_CGFR2,29,272.8888888888889,45162.45762410547,18
Amazon_CGFR2,30,233.55555555555554,38879.237595574385,18
Amazon_CGFR2,31,198.0,33417.17972835131,11
Amazon_CGFR4,1,395.6666666666667,124197.03355555555,9
Amazon_CGFR4,2,385.8888888888889,120747.88373333332,9
Amazon_CGFR4,3,392.3333333333333,123247.88488888888,9
Amazon_CGFR4,4,392.22222222222223,123599.57944444445,9
Amazon_CGFR4,5,392.6666666666667,123822.03388888888,9
Amazon_CGFR4,6,364.44444444444446,114764.8301111111,9
Amazon_CGFR4,7,356.55555555555554,112031.77663333334,9
Amazon_CGFR4,8,399.3333333333333,125557.20444444445,9
Amazon_CGFR4,9,343.8,107919.91545,10
Amazon_CGFR4,10,328.2,102969.91543000001,10
Amazon_CGFR4,11,278.2,87158.89811,10
Amazon_CGFR4,12,307.8,96441.10351,10
Amazon_CGFR4,13,357.7,112713.557,10
Amazon_CGFR4,14,362.2,114143.6456,10
Amazon_CGFR4,15,387.7,122199.78807000001,10
Amazon_CGFR4,16,331.9,104394.27883,10
Amazon_CGFR4,17,298.2,93752.5447,10
Amazon_CGFR4,18,259.4,81244.06886999999,10
Amazon_CGFR4,19,261.5,81947.67034,10
Amazon_CGFR4,20,260.0,81484.3208,10
Amazon_CGFR4,21,318.6,100395.7603,10
Amazon_CGFR4,22,299.3,94381.78034000001,10
Amazon_CGFR4,23,314.1111111111111,99074.153,9
Amazon_CGFR4,24,376.55555555555554,118847.45500000002,9
Amazon_CGFR4,25,408.8888888888889,128665.25288888888,9
Amazon_CGFR4,26,363.55555555555554,114580.5105111111,9
Amazon_CGFR4,27,397.1,124642.37187,10
Amazon_CGFR4,28,381.6,120047.0352,10
Amazon_CGFR4,29,456.4,143050.4238,10
Amazon_CGFR4,30,433.6,136285.16694,10
Amazon_CGFR4,31,396.1666666666667,125358.04966666667,6
Amazon_CGFR4F,30,4.0,1601.695,1
Amazon_CGFR4F,31,1.0,400.42374,1
Amazon_CSGP2E,1,1266.7916666666667,286862.2899152543,24
Amazon_CSGP2E,2,1442.44,326378.44150508475,25
Amazon_CSGP2E,3,1511.44,341408.7454983051,25
Amazon_CSGP2E,4,1499.24,337466.44197966106,25
Amazon_CSGP2E,5,1454.12,327954.2023118644,25
Amazon_CSGP2E,6,1416.72,318753.76064406784,25
Amazon_CSGP2E,7,1334.32,300521.5921627119,25
Amazon_CSGP2E,8,1247.48,280883.5921966102,25
Amazon_CSGP2E,9,1159.32,260908.78030508477,25
Amazon_CSGP2E,10,1065.32,240118.16957966104,25
Amazon_CSGP2E,11,932.32,210246.4060298305,25
Amazon_CSGP2E,12,901.0,204066.60987118643,25
Amazon_CSGP2E,13,1018.56,230629.42475254237,25
Amazon_CSGP2E,14,1001.28,226584.91409491526,25
Amazon_CSGP2E,15,1091.8,246646.98316610168,25
Amazon_CSGP2E,16,1103.64,249020.5428745763,25
Amazon_CSGP2E,17,1052.24,237106.98324338984,25
Amazon_CSGP2E,18,1012.44,228042.00047186442,25
Amazon_CSGP2E,19,955.56,214913.59355254236,25
Amazon_CSGP2E,20,982.32,220764.81349830507,25
Amazon_CSGP2E,21,1025.12,230534.54261694915,25
Amazon_CSGP2E,22,1099.72,247844.13492881358,25
Amazon_CSGP2E,23,1078.0833333333333,241688.45275141243,24
Amazon_CSGP2E,24,1045.9583333333333,234649.57674435028,24
Amazon_CSGP2E,25,949.8333333333334,213672.13973163845,24
Amazon_CSGP2E,26,1000.75,225335.59281779663,24
Amazon_CSGP2E,27,1179.56,267523.6259864407,25
Amazon_CSGP2E,28,1133.76,256633.6269220339,25
Amazon_CSGP2E,29,1138.75,257762.28885240117,24
Amazon_CSGP2E,30,1102.2608695652175,249120.59654384674,23
Amazon_CSGP2E,31,949.9333333333333,214481.1875819209,15
Amazon_CSGP2F,1,114.4,29666.44067231639,15
Amazon_CSGP2F,2,134.0,34749.15262937853,15
Amazon_CSGP2F,3,134.33333333333334,34835.59285875706,15
Amazon_CSGP2F,4,148.46666666666667,38500.67728700565,15
Amazon_CSGP2F,5,144.6,37497.96646327684,15
Amazon_CSGP2F,6,139.46666666666667,36166.77982033898,15
Amazon_CSGP2F,7,131.73333333333332,34161.35608700565,15
Amazon_CSGP2F,8,131.66666666666666,34144.06750734463,15
Amazon_CSGP2F,9,127.4,33037.62723276836,15
Amazon_CSGP2F,10,120.13333333333334,31153.220515254237,15
Amazon_CSGP2F,11,105.93333333333334,27470.84730282486,15
Amazon_CSGP2F,12,92.06666666666666,23874.915362711865,15
Amazon_CSGP2F,13,105.2,27280.67789039548,15
Amazon_CSGP2F,14,104.13333333333334,27004.067790960453,15
Amazon_CSGP2F,15,99.13333333333334,25707.457510734464,15
Amazon_CSGP2F,16,91.93333333333334,23840.33908813559,15
Amazon_CSGP2F,17,99.26666666666667,25742.03376723164,15
Amazon_CSGP2F,18,105.4,27332.542100564973,15
Amazon_CSGP2F,19,119.06666666666666,30876.610088135596,15
Amazon_CSGP2F,20,93.8,24324.40674124294,15
Amazon_CSGP2F,21,102.8,26658.305132203393,15
Amazon_CSGP2F,22,104.13333333333334,27004.06776723164,15
Amazon_CSGP2F,23,99.21428571428571,25728.450437046005,14
Amazon_CSGP2F,24,103.07142857142857,26728.692214285715,14
Amazon_CSGP2F,25,95.07142857142857,24654.115956416466,14
Amazon_CSGP2F,26,91.78571428571429,23802.0582720339,14
Amazon_CSGP2F,27,100.2,25984.06797062147,15
Amazon_CSGP2F,28,100.0,25932.203290395482,15
Amazon_CSGP2F,29,99.28571428571429,25746.973262711865,14
Amazon_CSGP2F,30,91.4,23702.03400937853,15
Amazon_CSGP2F,31,88.0,22820.339005649716,9
Amazon_CSGP3,1,39.214285714285715,13308.232388050848,14
Amazon_CSGP3,2,50.57142857142857,17110.89566598063,14
Amazon_CSGP3,3,62.57142857142857,21151.089444673125,14
Amazon_CSGP3,4,55.92857142857143,18937.045739951576,14
Amazon_CSGP3,5,63.857142857142854,21541.162162711866,14
Amazon_CSGP3,6,56.214285714285715,18991.52536307506,14
Amazon_CSGP3,7,47.0,15866.58596912833,14
Amazon_CSGP3,8,45.92857142857143,15526.63446125908,14
Amazon_CSGP3,9,42.785714285714285,14502.42136601695,14
Amazon_CSGP3,10,38.785714285714285,13125.181635835352,14
Amazon_CSGP3,11,49.642857142857146,16792.736043704605,14
Amazon_CSGP3,12,53.714285714285715,18141.646444673122,14
Amazon_CSGP3,13,39.642857142857146,13373.607868196126,14
Amazon_CSGP3,14,36.285714285714285,12336.319701452785,14
Amazon_CSGP3,15,42.285714285714285,14384.74577909201,14
Amazon_CSGP3,16,37.357142857142854,12647.94186842615,14
Amazon_CSGP3,17,34.142857142857146,11530.024254067797,14
Amazon_CSGP3,18,40.5,13659.079924697337,14
Amazon_CSGP3,19,44.214285714285715,14944.794259443099,14
Amazon_CSGP3,20,39.0,13157.869347699758,14
Amazon_CSGP3,21,33.6,11369.49152723164,15
Amazon_CSGP3,22,30.933333333333334,10470.508502971752,15
Amazon_CSGP3,23,32.357142857142854,10898.06300161017,14
Amazon_CSGP3,24,31.857142857142858,10741.162276198547,14
Amazon_CSGP3,25,30.928571428571427,10468.765100121065,14
Amazon_CSGP3,26,37.357142857142854,12599.999968159807,14
Amazon_CSGP3,27,49.785714285714285,16784.019368765134,14
Amazon_CSGP3,28,47.0,15860.338984892656,15
Amazon_CSGP3,29,33.42857142857143,11294.673118668283,14
Amazon_CSGP3,30,31.642857142857142,10710.653738983052,14
Amazon_CSGP3,31,28.444444444444443,9630.508512241056,9
Amazon_CSGP4,1,139.55555555555554,59606.78044444444,9
Amazon_CSGP4,2,104.8,44762.034665,10
Amazon_CSGP4,3,107.1,45744.406725,10
Amazon_CSGP4,4,116.9,49930.169165,10
Amazon_CSGP4,5,110.7,47282.034525,10
Amazon_CSGP4,6,121.33333333333333,51823.72903333334,9
Amazon_CSGP4,7,111.1,47452.880565,10
Amazon_CSGP4,8,137.4,58686.10113,10
Amazon_CSGP4,9,167.8,71670.507965,10
Amazon_CSGP4,10,166.3,71029.83173,10
Amazon_CSGP4,11,166.5,71115.25570000001,10
Amazon_CSGP4,12,147.2,62871.86412,10
Amazon_CSGP4,13,151.5,64708.4746,10
Amazon_CSGP4,14,157.1,67100.33859999999,10
Amazon_CSGP4,15,145.2,62017.626265000006,10
Amazon_CSGP4,16,148.8,63555.2542,10
Amazon_CSGP4,17,164.44444444444446,70237.28977777778,9
Amazon_CSGP4,18,134.5,57447.457129999995,10
Amazon_CSGP4,19,145.8,62273.898199999996,10
Amazon_CSGP4,20,143.5,61291.5262,10
Amazon_CSGP4,21,148.3,63341.695700000004,10
Amazon_CSGP4,22,147.7,63085.422699999996,10
Amazon_CSGP4,23,139.22222222222223,59464.40655555556,9
Amazon_CSGP4,24,152.22222222222223,65016.94944444445,9
Amazon_CSGP4,25,145.44444444444446,62122.034444444434,9
Amazon_CSGP4,26,138.22222222222223,59037.287111111116,9
Amazon_CSGP4,27,140.3,59924.7456,10
Amazon_CSGP4,28,156.8,66972.2044,10
Amazon_CSGP4,29,129.5,55311.864199999996,10
Amazon_CSGP4,30,151.1,64537.6277,10
Amazon_CSGP4,31,139.16666666666666,59440.67866666667,6
Amazon_CSGP4F,1,53.55555555555556,26550.847666666665,9
Amazon_CSGP4F,2,67.55555555555556,33491.525555555556,9
Amazon_CSGP4F,3,60.22222222222222,29855.931666666667,9
Amazon_CSGP4F,4,62.888888888888886,31177.965722222223,9
Amazon_CSGP4F,5,66.11111111111111,32775.423177777775,9
Amazon_CSGP4F,6,61.0,30241.524788888888,9
Amazon_CSGP4F,7,62.22222222222222,30847.457877777775,9
Amazon_CSGP4F,8,55.55555555555556,27542.372433333334,9
Amazon_CSGP4F,9,54.666666666666664,27101.695655555555,9
Amazon_CSGP4F,10,59.0,29250.00005,9
Amazon_CSGP4F,11,59.44444444444444,29470.338877777776,9
Amazon_CSGP4F,12,54.0,26771.18627777778,9
Amazon_CSGP4F,13,65.11111111111111,32279.661333333333,9
Amazon_CSGP4F,14,65.55555555555556,32499.99974777778,9
Amazon_CSGP4F,15,64.5,31976.695125,8
Amazon_CSGP4F,16,60.77777777777778,30131.355555555558,9
Amazon_CSGP4F,17,55.125,27328.918999999998,8
Amazon_CSGP4F,18,57.77777777777778,28644.067414444446,9
Amazon_CSGP4F,19,48.888888888888886,24237.287911111114,9
Amazon_CSGP4F,20,45.4,22507.6269,10
Amazon_CSGP4F,21,44.8,22210.169472999998,10
Amazon_CSGP4F,22,46.8,23201.694873,10
Amazon_CSGP4F,23,42.44444444444444,21042.373255555558,9
Amazon_CSGP4F,24,44.666666666666664,22144.06757777778,9
Amazon_CSGP4F,25,39.888888888888886,19775.423755555556,9
Amazon_CSGP4F,26,37.77777777777778,18728.813177777778,9
Amazon_CSGP4F,27,45.7,22656.355564999998,10
Amazon_CSGP4F,28,43.4,21516.101199999997,10
Amazon_CSGP4F,29,53.1,26324.999560000004,10
Amazon_CSGP4F,30,53.0,26275.423700000003,10
Amazon_CSGP4F,31,44.666666666666664,22144.06771666667,6
Amazon_DLPGMS1,1,61.78260869565217,9596.470692041268,23
Amazon_DLPGMS1,2,69.13636363636364,10751.018089984593,22
Amazon_DLPGMS1,3,70.3913043478261,10911.214282092853,23
Amazon_DLPGMS1,4,66.43478260869566,10360.432613411938,23
Amazon_DLPGMS1,5,63.69565217391305,9900.778963890936,23
Amazon_DLPGMS1,6,63.391304347826086,9781.226897641856,23
Amazon_DLPGMS1,7,60.333333333333336,9333.19447118644,24
Amazon_DLPGMS1,8,57.916666666666664,8996.670720056498,24
Amazon_DLPGMS1,9,60.333333333333336,9388.05238072034,24
Amazon_DLPGMS1,10,58.833333333333336,9147.876303298022,24
Amazon_DLPGMS1,11,59.083333333333336,9240.062569682204,24
Amazon_DLPGMS1,12,56.8,8843.886167322034,25
Amazon_DLPGMS1,13,58.88,9244.794188813561,25
Amazon_DLPGMS1,14,56.8,8872.276042576272,25
Amazon_DLPGMS1,15,58.72,9186.138016745763,25
Amazon_DLPGMS1,16,58.36,9016.464786169492,25
Amazon_DLPGMS1,17,56.52,8849.515827322035,25
Amazon_DLPGMS1,18,56.52,8839.89106623729,25
Amazon_DLPGMS1,19,51.8,8042.130774101695,25
Amazon_DLPGMS1,20,53.44,8359.382578284747,25
Amazon_DLPGMS1,21,61.2,9626.331748677965,25
Amazon_DLPGMS1,22,62.791666666666664,9570.432289618644,24
Amazon_DLPGMS1,23,58.458333333333336,8881.053281638418,24
Amazon_DLPGMS1,24,55.583333333333336,8715.780069420904,24
Amazon_DLPGMS1,25,53.208333333333336,8304.391168644068,24
Amazon_DLPGMS1,26,55.26086956521739,8601.497559985262,23
Amazon_DLPGMS1,27,59.0,9175.54479681356,25
Amazon_DLPGMS1,28,61.04,9530.205864996611,25
Amazon_DLPGMS1,29,61.69565217391305,9441.3228014591,23
Amazon_DLPGMS1,30,54.34782608695652,8385.816999683126,23
Amazon_DLPGMS1,31,48.714285714285715,7726.997572033899,14
Amazon_DSPDRSL,1,81.33333333333333,29097.391714759888,24
Amazon_DSPDRSL,2,98.04,35353.80130223729,25
Amazon_DSPDRSL,3,89.4,32024.142861423734,25
Amazon_DSPDRSL,4,89.48,32418.834063322036,25
Amazon_DSPDRSL,5,102.88,37845.77216691526,25
Amazon_DSPDRSL,6,98.8,35647.04117857628,25
Amazon_DSPDRSL,7,96.56,34874.784077966106,25
Amazon_DSPDRSL,8,84.4,30209.994048949153,25
Amazon_DSPDRSL,9,85.48,30406.619018779664,25
Amazon_DSPDRSL,10,86.52,31169.861574983053,25
Amazon_DSPDRSL,11,88.24,31634.191352135596,25
Amazon_DSPDRSL,12,91.92,32241.192383050853,25
Amazon_DSPDRSL,13,77.72,27471.52529569492,25
Amazon_DSPDRSL,14,79.56,28411.144934576274,25
Amazon_DSPDRSL,15,83.0,29919.327296398307,24
Amazon_DSPDRSL,16,89.4,32713.494372711866,25
Amazon_DSPDRSL,17,75.4,27329.38126437288,25
Amazon_DSPDRSL,18,72.16,26277.77803986441,25
Amazon_DSPDRSL,19,69.24,25316.353424881356,25
Amazon_DSPDRSL,20,73.88,27366.5748020678,25
Amazon_DSPDRSL,21,67.12,24852.036223525425,25
Amazon_DSPDRSL,22,72.25,27062.341140607346,24
Amazon_DSPDRSL,23,66.75,24902.54722768362,24
Amazon_DSPDRSL,24,68.66666666666667,25451.617996221754,24
Amazon_DSPDRSL,25,66.29166666666667,24225.78660473164,24
Amazon_DSPDRSL,26,71.52173913043478,25871.30814414149,23
Amazon_DSPDRSL,27,76.68,28455.237806576275,25
Amazon_DSPDRSL,28,73.88,26776.918453559327,25
Amazon_DSPDRSL,29,72.58333333333333,26410.442308333335,24
Amazon_DSPDRSL,30,72.73913043478261,26542.31387332351,23
Amazon_DSPDRSL,31,62.357142857142854,22925.989755084745,14
Amazon_DSPDRSR,1,75.9047619047619,8786.228834019372,21
Amazon_DSPDRSR,2,107.85714285714286,12903.844006618241,21
Amazon_DSPDRSR,3,96.77272727272727,11427.87933894453,22
Amazon_DSPDRSR,4,89.30434782608695,10539.617797089168,23
Amazon_DSPDRSR,5,95.27272727272727,11389.050650963021,22
Amazon_DSPDRSR,6,155.14285714285714,18144.43081065375,21
Amazon_DSPDRSR,7,81.36363636363636,9656.654304429892,22
Amazon_DSPDRSR,8,76.04545454545455,8927.860213636364,22
Amazon_DSPDRSR,9,77.0,8995.807162785557,23
Amazon_DSPDRSR,10,98.27272727272727,11590.331280431432,22
Amazon_DSPDRSR,11,80.13636363636364,9354.795147496148,22
Amazon_DSPDRSR,12,70.76190476190476,8172.4575766747375,21
Amazon_DSPDRSR,13,73.47619047619048,8533.293090960453,21
Amazon_DSPDRSR,14,66.23809523809524,7602.027903954803,21
Amazon_DSPDRSR,15,76.22727272727273,8868.143283975347,22
Amazon_DSPDRSR,16,75.61904761904762,8691.949201291365,21
Amazon_DSPDRSR,17,104.0952380952381,11754.600569652946,21
Amazon_DSPDRSR,18,68.04347826086956,7859.137808474577,23
Amazon_DSPDRSR,19,71.22727272727273,8103.524617981511,22
Amazon_DSPDRSR,20,67.0,7744.370491202582,21
Amazon_DSPDRSR,21,56.57142857142857,6592.530278773205,21
Amazon_DSPDRSR,22,60.42857142857143,7044.551997417272,21
Amazon_DSPDRSR,23,56.5,6609.9904126733445,22
Amazon_DSPDRSR,24,59.333333333333336,6976.289310492332,21
Amazon_DSPDRSR,25,73.23809523809524,8380.629610524617,21
Amazon_DSPDRSR,26,63.63636363636363,7506.400705161787,22
Amazon_DSPDRSR,27,65.81818181818181,7645.666501117104,22
Amazon_DSPDRSR,28,76.0,8825.934103158706,22
Amazon_DSPDRSR,29,75.75,8654.39613423729,20
Amazon_DSPDRSR,30,84.89473684210526,9869.05662600357,19
Amazon_DSPDRSR,31,43.92307692307692,5035.805096675359,13
Amazon_DSPSBSL,1,103.875,36956.84311113701,24
Amazon_DSPSBSL,2,127.12,45648.47928423052,25
Amazon_DSPSBSL,3,129.16,46773.272633728826,25
Amazon_DSPSBSL,4,123.0,44196.88429355933,25
Amazon_DSPSBSL,5,116.48,41869.161952440685,25
Amazon_DSPSBSL,6,118.32,42579.37518828475,25
Amazon_DSPSBSL,7,115.4,41428.415553220344,25
Amazon_DSPSBSL,8,112.95833333333333,41058.78374521187,24
Amazon_DSPSBSL,9,107.72,39599.53652035254,25
Amazon_DSPSBSL,10,119.6,44276.430479586445,25
Amazon_DSPSBSL,11,116.70833333333333,42979.808483947745,24
Amazon_DSPSBSL,12,108.125,39887.327762358764,24
Amazon_DSPSBSL,13,99.12,36562.99090981017,25
Amazon_DSPSBSL,14,107.04,39388.406495586445,25
Amazon_DSPSBSL,15,96.29166666666667,35593.14671929379,24
Amazon_DSPSBSL,16,99.48,36763.594312983056,25
Amazon_DSPSBSL,17,98.79166666666667,36946.16656758475,24
Amazon_DSPSBSL,18,112.45833333333333,42087.08528555085,24
Amazon_DSPSBSL,19,107.08333333333333,40123.79458576271,24
Amazon_DSPSBSL,20,92.64,34271.08776088136,25
Amazon_DSPSBSL,21,99.68,37154.938408203394,25
Amazon_DSPSBSL,22,95.32,35772.07374691526,25
Amazon_DSPSBSL,23,90.20833333333333,33811.73151139831,24
Amazon_DSPSBSL,24,86.16666666666667,32120.63140790961,24
Amazon_DSPSBSL,25,89.79166666666667,33247.11048504238,24
Amazon_DSPSBSL,26,81.08333333333333,29857.415997817803,24
Amazon_DSPSBSL,27,94.6,34311.62075064407,25
Amazon_DSPSBSL,28,96.2,34491.62607925424,25
Amazon_DSPSBSL,29,97.70833333333333,35130.090138326275,24
Amazon_DSPSBSL,30,110.34782608695652,40312.85937170229,23
Amazon_DSPSBSL,31,95.66666666666667,35854.590417536725,15
Amazon_DSPSBSR,1,139.13636363636363,16385.62204857473,22
Amazon_DSPSBSR,2,141.33333333333334,16681.72668393362,24
Amazon_DSPSBSR,3,135.13636363636363,15966.246054391371,22
Amazon_DSPSBSR,4,164.91304347826087,19310.482749145176,23
Amazon_DSPSBSR,5,149.45454545454547,17829.574180154083,22
Amazon_DSPSBSR,6,192.86363636363637,23529.227563097076,22
Amazon_DSPSBSR,7,211.04545454545453,25531.02857534669,22
Amazon_DSPSBSR,8,189.77272727272728,23097.804364946074,22
Amazon_DSPSBSR,9,224.6086956521739,26596.34306889462,23
Amazon_DSPSBSR,10,315.40909090909093,37664.01184802774,22
Amazon_DSPSBSR,11,329.75,39398.79880586158,24
Amazon_DSPSBSR,12,253.56521739130434,30739.83046503316,23
Amazon_DSPSBSR,13,201.0,24502.754252149465,22
Amazon_DSPSBSR,14,203.36363636363637,24394.327674229586,22
Amazon_DSPSBSR,15,194.77272727272728,23342.21866344376,22
Amazon_DSPSBSR,16,136.95652173913044,16692.077327781873,23
Amazon_DSPSBSR,17,121.31818181818181,14690.581794992295,22
Amazon_DSPSBSR,18,244.2173913043478,27808.916707627115,23
Amazon_DSPSBSR,19,108.1304347826087,13047.568123426678,23
Amazon_DSPSBSR,20,110.21739130434783,13443.957346057481,23
Amazon_DSPSBSR,21,154.7826086956522,18585.817804200444,23
Amazon_DSPSBSR,22,154.08695652173913,18461.507095836405,23
Amazon_DSPSBSR,23,135.42857142857142,16259.733620661826,21
Amazon_DSPSBSR,24,149.52380952380952,17598.24460355125,21
Amazon_DSPSBSR,25,153.14285714285714,18074.8484528975,21
Amazon_DSPSBSR,26,180.0952380952381,20924.485416828087,21
Amazon_DSPSBSR,27,191.5909090909091,21983.407322912175,22
Amazon_DSPSBSR,28,187.28571428571428,21458.474593898307,21
Amazon_DSPSBSR,29,164.0,18752.754215407585,21
Amazon_DSPSBSR,30,144.05,16546.716075067798,20
Amazon_DSPSBSR,31,148.15384615384616,17640.54749745763,13
Amazon_ECIA3,1,64.94736842105263,8563.8447723818,19
Amazon_ECIA3,2,63.142857142857146,8331.989565439872,21
Amazon_ECIA3,3,65.36363636363636,8634.834450416025,22
Amazon_ECIA3,4,65.81818181818181,8730.5264798151,22
Amazon_ECIA3,5,62.81818181818182,8291.384535123267,22
Amazon_ECIA3,6,67.77272727272727,9000.861956425271,22
Amazon_ECIA3,7,71.3,9423.186474915256,20
Amazon_ECIA3,8,69.94736842105263,9218.52974954505,19
Amazon_ECIA3,9,68.3157894736842,8983.257957564674,19
Amazon_ECIA3,10,64.75,8518.738746474575,20
Amazon_ECIA3,11,60.285714285714285,7951.304641283294,21
Amazon_ECIA3,12,66.05,8629.40880777966,20
Amazon_ECIA3,13,61.10526315789474,7984.047791008029,19
Amazon_ECIA3,14,55.4,7255.493256635593,20
Amazon_ECIA3,15,58.57142857142857,7694.361751525425,21
Amazon_ECIA3,16,71.0,9335.112948210923,18
Amazon_ECIA3,17,57.42857142857143,7589.170365367232,21
Amazon_ECIA3,18,57.04545454545455,7579.960687704161,22
Amazon_ECIA3,19,61.714285714285715,8199.650009233252,21
Amazon_ECIA3,20,62.666666666666664,8334.206748337368,21
Amazon_ECIA3,21,57.57142857142857,7596.155589943503,21
Amazon_ECIA3,22,62.45,8256.103250491526,20
Amazon_ECIA3,23,57.94736842105263,7625.92221222123,19
Amazon_ECIA3,24,58.8,7711.611903296611,20
Amazon_ECIA3,25,68.38888888888889,8927.281068079095,18
Amazon_ECIA3,26,49.63636363636363,6493.329205084746,22
Amazon_ECIA3,27,55.42857142857143,7279.677122905569,21
Amazon_ECIA3,28,48.04347826086956,6309.927593846721,23
Amazon_ECIA3,29,55.10526315789474,7202.390361793042,19
Amazon_ECIA3,30,46.6,6112.508439474576,20
Amazon_ECIA3,31,59.4,7845.78807101695,10
Amazon_FACB9,1,6.333333333333333,1110.3248311864406,6
Amazon_FACB9,2,22.25,3893.550127118644,4
Amazon_FACB9,3,12.666666666666666,2216.552881355932,6
Amazon_FACB9,4,15.0,2627.323322847458,5
Amazon_FACB9,5,14.166666666666666,2483.136187118644,6
Amazon_FACB9,6,20.75,3631.063601694915,4
Amazon_FACB9,7,22.0,3849.8023728813555,3
Amazon_FACB9,8,21.666666666666668,3791.4720338983047,3
Amazon_FACB9,9,19.333333333333332,3383.159661016949,3
Amazon_FACB9,10,16.75,2931.099533898305,4
Amazon_FACB9,11,30.0,5249.730508474576,3
Amazon_FACB9,12,21.666666666666668,3791.4720338983047,3
Amazon_FACB9,13,13.5,2362.3787288135595,4
Amazon_FACB9,14,13.333333333333334,2333.2135593220337,3
Amazon_FACB9,15,16.0,2799.85627118644,3
Amazon_FACB9,16,12.6,2204.886813559322,5
Amazon_FACB9,17,12.6,2204.886813559322,5
Amazon_FACB9,18,10.4,1819.9065762711864,5
Amazon_FACB9,19,8.8,1539.9209491525423,5
Amazon_FACB9,20,19.666666666666668,3441.4900000000002,3
Amazon_FACB9,21,16.5,2887.3517796610167,4
Amazon_FACB9,22,14.5,2537.369745762712,4
Amazon_FACB9,23,12.666666666666666,2216.552881355932,3
Amazon_FACB9,24,9.25,1624.8120762711865,4
Amazon_FACB9,25,18.5,3237.333813559322,2
Amazon_FACB9,26,11.25,2020.882881355932,4
Amazon_FACB9,27,9.2,1612.3754237288135,5
Amazon_FACB9,28,13.6,2382.335899118644,5
Amazon_FACB9,29,12.5,2190.4602976271185,4
Amazon_FACB9,30,16.333333333333332,2870.4769465536724,3
Amazon_FACB9,31,11.75,2071.5073779661016,4
Amazon_FACT9,1,21.625,3964.439044067796,24
Amazon_FACT9,2,21.84,3986.985949559322,25
Amazon_FACT9,3,22.32,4089.1713533559323,25
Amazon_FACT9,4,23.52,4293.752833016949,25
Amazon_FACT9,5,23.52,4301.127040067797,25
Amazon_FACT9,6,26.125,4769.309930437853,24
Amazon_FACT9,7,22.75,4154.646660028248,24
Amazon_FACT9,8,19.24,3514.3112116881357,25
Amazon_FACT9,9,23.2,4239.722141654237,25
Amazon_FACT9,10,19.64,3580.866366576271,25
Amazon_FACT9,11,20.24,3703.067445288136,25
Amazon_FACT9,12,19.32,3522.4111568813555,25
Amazon_FACT9,13,22.25,4065.102761158192,24
Amazon_FACT9,14,21.52,3937.3798306440676,25
Amazon_FACT9,15,20.68,3777.1138012881356,25
Amazon_FACT9,16,19.72,3607.155982576271,25
Amazon_FACT9,17,20.041666666666668,3664.837669985876,24
Amazon_FACT9,18,22.68,4142.827463389831,25
Amazon_FACT9,19,20.75,3790.838000847458,24
Amazon_FACT9,20,20.25,3703.3425181497173,24
Amazon_FACT9,21,21.833333333333332,3986.556765677966,24
Amazon_FACT9,22,18.76,3438.6729884067795,25
Amazon_FACT9,23,20.52173913043478,3755.703678481945,23
Amazon_FACT9,24,18.958333333333332,3465.0220913841804,24
Amazon_FACT9,25,21.5,3932.8353043079096,24
Amazon_FACT9,26,19.125,3493.163065607345,24
Amazon_FACT9,27,21.2,3883.349138915254,25
Amazon_FACT9,28,22.44,4117.052856542373,25
Amazon_FACT9,29,20.291666666666668,3717.2910508474574,24
Amazon_FACT9,30,20.347826086956523,3735.4233600589537,23
Amazon_FACT9,31,19.533333333333335,3560.725773898305,15
Amazon_FAE2RLB,1,478.42857142857144,88841.75357142858,7
Amazon_FAE2RLB,2,510.14285714285717,94730.93571428572,7
Amazon_FAE2RLB,3,524.7142857142857,97436.77191428571,7
Amazon_FAE2RLB,4,558.4285714285714,103697.34814285715,7
Amazon_FAE2RLB,5,577.1428571428571,107172.49414285715,7
Amazon_FAE2RLB,6,579.2857142857143,107570.41314285714,7
Amazon_FAE2RLB,7,630.5714285714286,117093.907,7
Amazon_FAE2RLB,8,658.1428571428571,122213.782,7
Amazon_FAE2RLB,9,532.875,98952.1779375,8
Amazon_FAE2RLB,10,565.5,105010.47475,8
Amazon_FAE2RLB,11,560.375,104058.79000000001,8
Amazon_FAE2RLB,12,554.625,102991.0425,8
Amazon_FAE2RLB,13,558.0,103617.76237499999,8
Amazon_FAE2RLB,14,558.75,103757.032,8
Amazon_FAE2RLB,15,547.875,101737.602,8
Amazon_FAE2RLB,16,580.125,107726.260875,8
Amazon_FAE2RLB,17,592.125,109954.60175,8
Amazon_FAE2RLB,18,550.25,102178.626375,8
Amazon_FAE2RLB,19,534.0,99161.08375,8
Amazon_FAE2RLB,20,508.125,94356.23125,8
Amazon_FAE2RLB,21,492.875,91524.3795,8
Amazon_FAE2RLB,22,524.5,97396.98075,8
Amazon_FAE2RLB,23,482.57142857142856,89611.05971428573,7
Amazon_FAE2RLB,24,514.8571428571429,95606.35442857143,7
Amazon_FAE2RLB,25,472.7142857142857,87780.64014285714,7
Amazon_FAE2RLB,26,487.2857142857143,90486.47828571429,7
Amazon_FAE2RLB,27,562.75,104499.815,8
Amazon_FAE2RLB,28,563.875,104708.72175,8
Amazon_FAE2RLB,29,537.75,99857.44025,8
Amazon_FAE2RLB,30,494.875,91895.769375,8
Amazon_FAE2RLB,31,428.0,79477.423,5
Amazon_FAE2RRB,1,223.625,41526.02531875,8
Amazon_FAE2RRB,2,230.5,42802.6785875,8
Amazon_FAE2RRB,3,267.625,49696.6025,8
Amazon_FAE2RRB,4,278.625,51739.24675,8
Amazon_FAE2RRB,5,245.625,45611.313375,8
Amazon_FAE2RRB,6,255.125,47375.414,8
Amazon_FAE2RRB,7,227.75,42292.017875,8
Amazon_FAE2RRB,8,212.0,39367.321875,8
Amazon_FAE2RRB,9,195.25,36256.933000000005,8
Amazon_FAE2RRB,10,193.75,35978.389875,8
Amazon_FAE2RRB,11,192.75,35792.694749999995,8
Amazon_FAE2RRB,12,229.375,42593.771,8
Amazon_FAE2RRB,13,242.5,45031.017125,8
Amazon_FAE2RRB,14,247.875,46029.12775,8
Amazon_FAE2RRB,15,224.5,41688.509000000005,8
Amazon_FAE2RRB,16,218.375,40551.127125,8
Amazon_FAE2RRB,17,191.25,35514.152875,8
Amazon_FAE2RRB,18,178.25,33100.11825,8
Amazon_FAE2RRB,19,180.75,33564.355375,8
Amazon_FAE2RRB,20,176.75,32821.5762875,8
Amazon_FAE2RRB,21,194.875,36187.29725,8
Amazon_FAE2RRB,22,196.0,36396.202875,8
Amazon_FAE2RRB,23,203.85714285714286,37855.23557142857,7
Amazon_FAE2RRB,24,211.14285714285714,39208.154285714285,7
Amazon_FAE2RRB,25,202.0,37510.372571428576,7
Amazon_FAE2RRB,26,197.71428571428572,36714.538,7
Amazon_FAE2RRB,27,208.625,38740.602125,8
Amazon_FAE2RRB,28,221.0,41038.57625,8
Amazon_FAE2RRB,29,216.25,40156.525125,8
Amazon_FAE2RRB,30,215.25,39970.829375,8
Amazon_FAE2RRB,31,216.0,40110.101,5
Amazon_FAERLB2,1,117.66666666666667,17462.531,3
Amazon_FAERLB2,2,84.0,12466.169333333333,3
Amazon_FAERLB2,3,82.75,12280.66037,4
Amazon_FAERLB2,4,101.5,15063.288025,4
Amazon_FAERLB2,5,85.0,12614.57605,4
Amazon_FAERLB2,6,87.75,13022.694725,4
Amazon_FAERLB2,7,92.5,13727.627125,4
Amazon_FAERLB2,8,103.25,15323.000399999999,4
Amazon_FAERLB2,9,98.25,14580.966424999999,4
Amazon_FAERLB2,10,93.25,13838.9326,4
Amazon_FAERLB2,11,99.5,14766.4745,4
Amazon_FAERLB2,12,101.25,15026.186,4
Amazon_FAERLB2,13,89.0,13208.203535,4
Amazon_FAERLB2,14,89.25,13245.30485,4
Amazon_FAERLB2,15,108.5,16102.13525,4
Amazon_FAERLB2,16,122.75,18216.932249999998,4
Amazon_FAERLB2,17,106.25,15768.22025,4
Amazon_FAERLB2,18,85.25,12651.678,4
Amazon_FAERLB2,19,83.75,12429.06775,4
Amazon_FAERLB2,20,79.75,11835.4406,4
Amazon_FAERLB2,21,80.25,11909.644250000001,4
Amazon_FAERLB2,22,75.75,11241.8135,4
Amazon_FAERLB2,23,89.33333333333333,13257.672,3
Amazon_FAERLB2,24,94.33333333333333,13999.706,3
Amazon_FAERLB2,25,81.33333333333333,12070.417666666666,3
Amazon_FAERLB2,26,84.66666666666667,12565.107333333333,3
Amazon_FAERLB2,27,93.25,13838.932,4
Amazon_FAERLB2,28,110.5,16398.94875,4
Amazon_FAERLB2,29,116.25,17252.288,4
Amazon_FAERLB2,30,120.5,17883.016750000003,4
Amazon_FAERLB2,31,91.5,13579.22,2
Amazon_FAERRB2,1,97.33333333333333,14444.926533333333,3
Amazon_FAERRB2,2,119.33333333333333,17709.875666666667,3
Amazon_FAERRB2,3,122.33333333333333,18155.096333333335,3
Amazon_FAERRB2,4,117.66666666666667,17462.531333333332,3
Amazon_FAERRB2,5,143.0,21222.169333333335,3
Amazon_FAERRB2,6,122.33333333333333,18155.095666666664,3
Amazon_FAERRB2,7,138.0,20480.135333333335,3
Amazon_FAERRB2,8,140.66666666666666,20875.887666666666,3
Amazon_FAERRB2,9,108.0,16027.932,3
Amazon_FAERRB2,10,110.66666666666667,16423.683999999997,3
Amazon_FAERRB2,11,115.0,17066.779333333336,3
Amazon_FAERRB2,12,99.33333333333333,14741.74,3
Amazon_FAERRB2,13,101.0,14989.085000000001,3
Amazon_FAERRB2,14,110.0,16324.745333333332,3
Amazon_FAERRB2,15,120.33333333333333,17858.282000000003,3
Amazon_FAERRB2,16,110.0,16324.746,3
Amazon_FAERRB2,17,96.33333333333333,14296.519999999999,3
Amazon_FAERRB2,18,87.0,12911.39,3
Amazon_FAERRB2,19,94.66666666666667,14049.175333333333,3
Amazon_FAERRB2,20,68.0,10091.661333333332,3
Amazon_FAERRB2,21,69.66666666666667,10339.005333333333,3
Amazon_FAERRB2,22,80.33333333333333,11922.011666666667,3
Amazon_FAERRB2,23,85.0,12614.576333333333,3
Amazon_FAERRB2,24,96.66666666666667,14345.988333333333,3
Amazon_FAERRB2,25,84.66666666666667,12565.107666666669,3
Amazon_FAERRB2,26,116.0,17215.185999999998,3
Amazon_FAERRB2,27,83.75,12429.06775,4
Amazon_FAERRB2,28,83.25,12354.86425,4
Amazon_FAERRB2,29,90.0,13356.610325,4
Amazon_FAERRB2,30,103.75,15397.204,4
Amazon_FAERRB2,31,98.0,14543.865000000002,2
Amazon_FAHA1E,1,582.7,102253.92015593221,20
Amazon_FAHA1E,2,625.75,109892.28715254238,20
Amazon_FAHA1E,3,705.2,123961.74796186441,20
Amazon_FAHA1E,4,684.2,119845.67791864407,20
Amazon_FAHA1E,5,743.05,130384.25841525423,20
Amazon_FAHA1E,6,672.6,117468.0183940678,20
Amazon_FAHA1E,7,648.85,113144.30127118644,20
Amazon_FAHA1E,8,663.95,116101.14368305085,20
Amazon_FAHA1E,9,666.6,117110.21195338984,20
Amazon_FAHA1E,10,678.15,119208.14529152543,20
Amazon_FAHA1E,11,638.0,112027.11737203391,20
Amazon_FAHA1E,12,649.15,114248.61105084745,20
Amazon_FAHA1E,13,662.25,116520.72944491527,20
Amazon_FAHA1E,14,646.0,113513.26277627118,20
Amazon_FAHA1E,15,622.65,109295.0844779661,20
Amazon_FAHA1E,16,667.25,117468.0190101695,20
Amazon_FAHA1E,17,627.85,110518.66513050848,20
Amazon_FAHA1E,18,595.15,104733.68624915254,20
Amazon_FAHA1E,19,587.4,103365.9533,20
Amazon_FAHA1E,20,561.15,98944.41747457627,20
Amazon_FAHA1E,21,634.3157894736842,112056.02123461195,19
Amazon_FAHA1E,22,621.85,109789.32121440678,20
Amazon_FAHA1E,23,619.8947368421053,109460.1918456735,19
Amazon_FAHA1E,24,632.0,111917.83048617306,19
Amazon_FAHA1E,25,599.4736842105264,106210.43717216772,19
Amazon_FAHA1E,26,604.5263157894736,107262.67834522748,19
Amazon_FAHA1E,27,672.35,119124.91460593222,20
Amazon_FAHA1E,28,691.6,122388.0815338983,20
Amazon_FAHA1E,29,636.7,112945.2329322034,20
Amazon_FAHA1E,30,587.1,103893.65537457626,20
Amazon_FAHA1E,31,456.6666666666667,80575.26417937853,12
Amazon_FAHAM,1,300.8695652173913,18931.835052778188,23
Amazon_FAHAM,2,310.9130434782609,19563.807854753133,23
Amazon_FAHAM,3,281.6521739130435,17722.60518781135,23
Amazon_FAHAM,4,316.8181818181818,19935.381317411404,22
Amazon_FAHAM,5,314.4782608695652,19788.14468828298,23
Amazon_FAHAM,6,302.2608695652174,19019.380964627857,23
Amazon_FAHAM,7,320.0,20135.593197226503,22
Amazon_FAHAM,8,286.95652173913044,18056.374376565953,23
Amazon_FAHAM,9,302.6521739130435,19044.003327192335,23
Amazon_FAHAM,10,295.0,18562.499962417096,23
Amazon_FAHAM,11,335.0,21079.44920633751,23
Amazon_FAHAM,12,337.90909090909093,21262.499929892143,22
Amazon_FAHAM,13,346.3636363636364,21794.49168027735,22
Amazon_FAHAM,14,334.39130434782606,21041.14779734709,23
Amazon_FAHAM,15,341.54545454545456,21491.313614021576,22
Amazon_FAHAM,16,361.72727272727275,22761.228644838215,22
Amazon_FAHAM,17,363.04545454545456,22844.173789676428,22
Amazon_FAHAM,18,380.95454545454544,23971.080362095534,22
Amazon_FAHAM,19,361.0,22715.4663412943,22
Amazon_FAHAM,20,370.77272727272725,23330.402605547,22
Amazon_FAHAM,21,414.9130434782609,26107.87590862196,23
Amazon_FAHAM,22,367.5,23124.470299435034,24
Amazon_FAHAM,23,357.9130434782609,22521.223291820195,23
Amazon_FAHAM,24,362.0,22778.38983127889,22
Amazon_FAHAM,25,335.17391304347825,21090.39248415623,23
Amazon_FAHAM,26,311.6363636363636,19609.321985362098,22
Amazon_FAHAM,27,350.6521739130435,22064.342406779662,23
Amazon_FAHAM,28,361.8695652173913,22770.18239624171,23
Amazon_FAHAM,29,330.82608695652175,20816.810957037585,23
Amazon_FAHAM,30,300.7142857142857,18922.06432918483,21
Amazon_FAHAM,31,327.35714285714283,20598.53200238499,14
Amazon_FAHRB,1,68.75,4326.006355932204,4
Amazon_FAHRB,2,137.0,8620.550847457629,6
Amazon_FAHRB,3,113.83333333333333,7162.817796610169,6
Amazon_FAHRB,4,85.625,5387.844279661018,8
Amazon_FAHRB,5,94.5,5946.292372881356,6
Amazon_FAHRB,6,66.28571428571429,4170.944310096853,7
Amazon_FAHRB,7,80.33333333333333,5054.872881751413,6
Amazon_FAHRB,8,67.33333333333333,4236.864406779661,6
Amazon_FAHRB,9,61.666666666666664,3880.2966101694924,6
Amazon_FAHRB,10,76.8,4832.542372881357,5
Amazon_FAHRB,11,82.6,5197.5,5
Amazon_FAHRB,12,48.666666666666664,3062.288136252354,9
Amazon_FAHRB,13,80.0,5033.898305084746,5
Amazon_FAHRB,14,71.0,4467.584745762712,6
Amazon_FAHRB,15,97.25,6119.332627118645,4
Amazon_FAHRB,16,76.6,4819.957627118645,5
Amazon_FAHRB,17,88.0,5537.288135593221,4
Amazon_FAHRB,18,59.5,3743.96186440678,6
Amazon_FAHRB,19,44.333333333333336,2789.6186452542374,6
Amazon_FAHRB,20,69.75,4388.930084745763,4
Amazon_FAHRB,21,51.0,3209.110169728814,5
Amazon_FAHRB,22,61.333333333333336,3859.322033898306,3
Amazon_FAHRB,23,68.33333333333333,4299.788135593221,3
Amazon_FAHRB,24,48.166666666666664,3030.8262700564974,6
Amazon_FAHRB,25,54.4,3423.050840338984,5
Amazon_FAHRB,26,65.0,4090.042374364407,4
Amazon_FAHRB,27,86.75,5458.633474576272,4
Amazon_FAHRB,28,55.6,3498.5593207457628,5
Amazon_FAHRB,29,62.25,3917.002118940679,4
Amazon_FAHRB,30,49.0,3083.262711864407,5
Amazon_FAHRB,31,49.333333333333336,3104.2372881355936,3
Amazon_FAHTT,1,189.25,11908.315669279662,24
Amazon_FAHTT,2,268.75,16910.752135381357,24
Amazon_FAHTT,3,259.0416666666667,16299.867644067797,24
Amazon_FAHTT,4,273.9166666666667,17235.858035310735,24
Amazon_FAHTT,5,262.0,16486.016975728817,25
Amazon_FAHTT,6,256.56,16143.711883294918,25
Amazon_FAHTT,7,261.28,16440.711832298304,25
Amazon_FAHTT,8,275.2,17316.610106169494,25
Amazon_FAHTT,9,253.84,15972.559337966102,25
Amazon_FAHTT,10,260.88,16415.542406779663,25
Amazon_FAHTT,11,262.04,16488.533886508478,25
Amazon_FAHTT,12,243.29166666666666,15308.818821822037,24
Amazon_FAHTT,13,257.7083333333333,16215.969261299439,24
Amazon_FAHTT,14,256.9583333333333,16168.776403601696,24
Amazon_FAHTT,15,230.24,14487.559378508477,25
Amazon_FAHTT,16,247.16666666666666,15552.648432909606,24
Amazon_FAHTT,17,255.54166666666666,16079.63461242938,24
Amazon_FAHTT,18,236.24,14865.101711186442,25
Amazon_FAHTT,19,233.04,14663.745828949153,25
Amazon_FAHTT,20,240.91666666666666,15159.375028954804,24
Amazon_FAHTT,21,259.875,16352.303965889832,24
Amazon_FAHTT,22,228.68,14389.398227118645,25
Amazon_FAHTT,23,194.91666666666666,12264.883446257061,24
Amazon_FAHTT,24,192.91304347826087,12138.80798769344,23
Amazon_FAHTT,25,179.04347826086956,11266.083226823877,23
Amazon_FAHTT,26,171.91304347826087,10817.409692925572,23
Amazon_FAHTT,27,191.125,12026.297680508476,24
Amazon_FAHTT,28,194.75,12254.396189053672,24
Amazon_FAHTT,29,180.7826086956522,11375.515896168019,23
Amazon_FAHTT,30,172.47826086956522,10852.9752532056,23
Amazon_FAHTT,31,195.73333333333332,12316.271279096047,15
Amazon_FAMMA2,1,33.130434782608695,21299.164257848195,23
Amazon_FAMMA2,2,33.72,21667.71460257627,25
Amazon_FAMMA2,3,36.75,23606.45330893362,24
Amazon_FAMMA2,4,40.43478260869565,25991.836642999264,23
Amazon_FAMMA2,5,36.43478260869565,23427.17304307295,23
Amazon_FAMMA2,6,38.869565217391305,25010.790008106116,23
Amazon_FAMMA2,7,39.541666666666664,25419.77190141243,24
Amazon_FAMMA2,8,40.541666666666664,26010.839809816385,24
Amazon_FAMMA2,9,35.291666666666664,22636.615070727403,24
Amazon_FAMMA2,10,36.791666666666664,23613.954005367235,24
Amazon_FAMMA2,11,32.84,21098.94851064407,25
Amazon_FAMMA2,12,32.958333333333336,21138.660207415254,24
Amazon_FAMMA2,13,32.44,20847.478669322034,25
Amazon_FAMMA2,14,38.17391304347826,24444.089995394253,23
Amazon_FAMMA2,15,36.208333333333336,23233.452785028247,24
Amazon_FAMMA2,16,38.56521739130435,24766.6375114591,23
Amazon_FAMMA2,17,38.916666666666664,24921.354521998586,24
Amazon_FAMMA2,18,43.75,28072.98736433616,24
Amazon_FAMMA2,19,46.833333333333336,29971.60713086158,24
Amazon_FAMMA2,20,41.73913043478261,26773.06109804716,23
Amazon_FAMMA2,21,44.04347826086956,28262.47079027266,23
Amazon_FAMMA2,22,42.125,27068.773104237287,24
Amazon_FAMMA2,23,37.916666666666664,24399.159512005648,24
Amazon_FAMMA2,24,39.65217391304348,25428.875474207813,23
Amazon_FAMMA2,25,35.75,23028.504171892655,24
Amazon_FAMMA2,26,33.40909090909091,21516.86201155624,22
Amazon_FAMMA2,27,39.04347826086956,25108.26090029477,23
Amazon_FAMMA2,28,33.08,21267.042097999998,25
Amazon_FAMMA2,29,30.25,19433.26700391949,24
Amazon_FAMMA2,30,51.27272727272727,32770.7704662943,22
Amazon_FAMMA2,31,35.214285714285715,22611.909155084748,14
Amazon_FAMMB2,1,80.04166666666667,34674.70225141243,24
Amazon_FAMMB2,2,80.12,34786.18358983051,25
Amazon_FAMMB2,3,87.52,37972.70281762712,25
Amazon_FAMMB2,4,91.16,39689.84565966102,25
Amazon_FAMMB2,5,94.52,41006.89920542373,25
Amazon_FAMMB2,6,84.44,36719.98885898305,25
Amazon_FAMMB2,7,90.48,39344.70875661017,25
Amazon_FAMMB2,8,93.68,40845.8020820339,25
Amazon_FAMMB2,9,85.88,37455.62377579661,25
Amazon_FAMMB2,10,87.48,38210.0038539661,25
Amazon_FAMMB2,11,93.4,40848.97941220339,25
Amazon_FAMMB2,12,91.12,39615.0979220339,25
Amazon_FAMMB2,13,89.96,39399.01949694915,25
Amazon_FAMMB2,14,90.6,39962.30536542373,25
Amazon_FAMMB2,15,89.92,39648.331864406784,25
Amazon_FAMMB2,16,91.64,40215.05689627119,25
Amazon_FAMMB2,17,82.08,35833.576483728815,25
Amazon_FAMMB2,18,97.96,42650.98558061017,25
Amazon_FAMMB2,19,94.6,41226.12605945763,25
Amazon_FAMMB2,20,82.12,35964.38396,25
Amazon_FAMMB2,21,88.16,38792.67603864407,25
Amazon_FAMMB2,22,89.12,39202.240180474575,25
Amazon_FAMMB2,23,77.125,34079.140158403956,24
Amazon_FAMMB2,24,75.125,33198.307722245765,24
Amazon_FAMMB2,25,69.33333333333333,30737.317419138417,24
Amazon_FAMMB2,26,65.58333333333333,28875.07683933616,24
Amazon_FAMMB2,27,78.8,34526.43430169491,25
Amazon_FAMMB2,28,96.96,42159.26957152542,25
Amazon_FAMMB2,29,110.04166666666667,47681.655343220344,24
Amazon_FAMMB2,30,101.8695652173913,43994.70341422255,23
Amazon_FAMMB2,31,89.2,38246.33801694915,15
Amazon_FAMMP2,1,41.75,18743.262750355934,20
Amazon_FAMMP2,2,47.18181818181818,21148.01622531587,22
Amazon_FAMMP2,3,52.38095238095238,23524.192975496368,21
Amazon_FAMMP2,4,52.0,23306.546669762716,20
Amazon_FAMMP2,5,47.15,21112.81782908475,20
Amazon_FAMMP2,6,43.61904761904762,19537.409291041164,21
Amazon_FAMMP2,7,42.7,19105.847483322035,20
Amazon_FAMMP2,8,48.95,21931.82202816102,20
Amazon_FAMMP2,9,49.526315789473685,22203.880453166817,19
Amazon_FAMMP2,10,47.142857142857146,21173.769230540758,21
Amazon_FAMMP2,11,44.76190476190476,20051.049206069412,21
Amazon_FAMMP2,12,44.09090909090909,19768.239538489986,22
Amazon_FAMMP2,13,45.526315789473685,20426.917953612847,19
Amazon_FAMMP2,14,43.36842105263158,19420.96342551294,19
Amazon_FAMMP2,15,44.8,20072.436429932204,20
Amazon_FAMMP2,16,45.857142857142854,20556.88054747377,21
Amazon_FAMMP2,17,49.476190476190474,22148.991099612595,21
Amazon_FAMMP2,18,49.35,22061.186544661017,20
Amazon_FAMMP2,19,49.45,22113.114424771185,20
Amazon_FAMMP2,20,53.05263157894737,23724.799264942016,19
Amazon_FAMMP2,21,53.05,23801.22886799153,20
Amazon_FAMMP2,22,54.0,24256.477040726393,21
Amazon_FAMMP2,23,48.61904761904762,21827.098393333337,21
Amazon_FAMMP2,24,46.40909090909091,20795.20416761171,22
Amazon_FAMMP2,25,48.4,21668.53811417797,20
Amazon_FAMMP2,26,46.45,20825.84753425424,20
Amazon_FAMMP2,27,49.6,22202.394108169494,20
Amazon_FAMMP2,28,52.35,23491.483054093223,20
Amazon_FAMMP2,29,45.73684210526316,20515.14277914362,19
Amazon_FAMMP2,30,45.44444444444444,20364.265614453863,18
Amazon_FAMMP2,31,41.72727272727273,18705.662560862867,11
Amazon_FAMMU2,1,49.0,19605.8146,2
Amazon_FAMMU2,2,80.5,32209.55025,2
Amazon_FAMMU2,3,160.0,64018.982200000006,2
Amazon_FAMMU2,4,135.0,54016.0155,2
Amazon_FAMMU2,5,151.5,60617.9735,2
Amazon_FAMMU2,6,268.0,107231.79250000001,2
Amazon_FAMMU2,7,241.5,96628.65299999999,2
Amazon_FAMMU2,8,263.0,105231.202,2
Amazon_FAMMU2,9,194.0,77623.015,2
Amazon_FAMMU2,10,89.0,35610.55955,3
Amazon_FAMMU2,11,133.0,53215.781333333325,3
Amazon_FAMMU2,12,158.66666666666666,63485.492333333335,3
Amazon_FAMMU2,13,117.33333333333333,46947.253333333334,3
Amazon_FAMMU2,14,194.66666666666666,77889.76433333334,3
Amazon_FAMMU2,15,170.33333333333334,68153.545,3
Amazon_FAMMU2,16,218.33333333333334,87359.23833333333,3
Amazon_FAMMU2,17,215.66666666666666,86292.25533333333,3
Amazon_FAMMU2,18,199.0,79623.61133333333,3
Amazon_FAMMU2,19,166.0,66419.69333333334,3
Amazon_FAMMU2,20,185.66666666666666,74288.69533333334,3
Amazon_FAMMU2,21,179.0,71621.239,3
Amazon_FAMMU2,22,174.66666666666666,69887.38833333334,3
Amazon_FAMMU2,23,205.33333333333334,82157.694,3
Amazon_FAMMU2,24,191.33333333333334,76556.03333333334,3
Amazon_FAMMU2,25,162.33333333333334,64952.59333333333,3
Amazon_FAMMU2,26,136.0,54416.13733333334,3
Amazon_FAMMU2,27,111.33333333333333,44546.54266666667,3
Amazon_FAMMU2,28,111.0,44413.169666666676,3
Amazon_FAMMU2,29,160.66666666666666,64285.727666666666,3
Amazon_FAMMU2,30,101.33333333333333,40545.355233333335,3
Amazon_FAMMU2,31,73.5,29408.7195,2
Amazon_FAMMV2,1,718.875,315953.1602754237,24
Amazon_FAMMV2,2,755.4,331124.0781261017,25
Amazon_FAMMV2,3,756.4,331667.600440678,25
Amazon_FAMMV2,4,775.84,342468.38166101696,25
Amazon_FAMMV2,5,815.2,358309.9326847458,25
Amazon_FAMMV2,6,746.48,327287.22634169494,25
Amazon_FAMMV2,7,700.68,309089.3342894915,25
Amazon_FAMMV2,8,711.92,314584.47337491525,25
Amazon_FAMMV2,9,664.32,293580.414340339,25
Amazon_FAMMV2,10,657.84,291512.4516040678,25
Amazon_FAMMV2,11,680.68,300445.51821762713,25
Amazon_FAMMV2,12,661.36,292248.4942183051,25
Amazon_FAMMV2,13,672.2,296688.8661559322,25
Amazon_FAMMV2,14,657.56,290367.0757762712,25
Amazon_FAMMV2,15,661.68,291451.6101762712,25
Amazon_FAMMV2,16,706.56,312165.16246101697,25
Amazon_FAMMV2,17,686.8,303721.6530725424,25
Amazon_FAMMV2,18,676.0,299450.0476474576,25
Amazon_FAMMV2,19,672.36,298662.4025498305,25
Amazon_FAMMV2,20,646.32,287528.874099661,25
Amazon_FAMMV2,21,631.32,280838.5672718644,25
Amazon_FAMMV2,22,686.4,304223.42674711865,25
Amazon_FAMMV2,23,653.2083333333334,291006.9955720339,24
Amazon_FAMMV2,24,665.9583333333334,295997.0902916667,24
Amazon_FAMMV2,25,643.4166666666666,286157.22439265536,24
Amazon_FAMMV2,26,729.5,325329.25336158194,24
Amazon_FAMMV2,27,818.04,361514.9619932204,25
Amazon_FAMMV2,28,797.08,352891.0603254238,25
Amazon_FAMMV2,29,756.875,334495.4825564972,24
Amazon_FAMMV2,30,737.0434782608696,325588.9668975682,23
Amazon_FAMMV2,31,613.3333333333334,271567.689661017,15
Amazon_FAMRA2,1,325.7916666666667,75402.83841666667,24
Amazon_FAMRA2,2,364.28,83818.6022501695,25
Amazon_FAMRA2,3,374.24,86012.71033762713,25
Amazon_FAMRA2,4,378.96,87210.41427457627,25
Amazon_FAMRA2,5,347.84,80054.22250644068,25
Amazon_FAMRA2,6,352.64,80957.71781694915,25
Amazon_FAMRA2,7,347.24,79894.78746779662,25
Amazon_FAMRA2,8,352.16,81200.03382711865,25
Amazon_FAMRA2,9,323.88,74482.79281423728,25
Amazon_FAMRA2,10,321.16,73957.52255118644,25
Amazon_FAMRA2,11,316.76,72972.74901762712,25
Amazon_FAMRA2,12,300.24,69132.39724338983,25
Amazon_FAMRA2,13,300.96,69340.37127118645,25
Amazon_FAMRA2,14,298.04,68433.34811593221,25
Amazon_FAMRA2,15,295.96,68150.45219864407,25
Amazon_FAMRA2,16,302.76,69671.63209288137,25
Amazon_FAMRA2,17,282.6,65048.680149830514,25
Amazon_FAMRA2,18,294.88,67783.68450779661,25
Amazon_FAMRA2,19,271.32,62428.3331701695,25
Amazon_FAMRA2,20,274.64,63427.06980677966,25
Amazon_FAMRA2,21,270.84,62384.487511864405,25
Amazon_FAMRA2,22,288.48,66612.10150033899,25
Amazon_FAMRA2,23,287.5833333333333,66284.1962542373,24
Amazon_FAMRA2,24,282.6666666666667,65090.27813135594,24
Amazon_FAMRA2,25,269.125,62089.96528884181,24
Amazon_FAMRA2,26,289.6666666666667,66667.55245833333,24
Amazon_FAMRA2,27,319.96,73794.85072135594,25
Amazon_FAMRA2,28,329.04,75908.32271457628,25
Amazon_FAMRA2,29,324.1666666666667,74747.42214124293,24
Amazon_FAMRA2,30,310.60869565217394,71676.08800515844,23
Amazon_FAMRA2,31,282.2,64184.42298192091,15
Amazon_FAMRB2,1,103.52173913043478,23441.97143036109,23
Amazon_FAMRB2,2,124.25,28095.4893269774,24
Amazon_FAMRB2,3,114.5,25877.618377612995,24
Amazon_FAMRB2,4,115.33333333333333,26065.92577824859,24
Amazon_FAMRB2,5,123.79166666666667,28015.866512711862,24
Amazon_FAMRB2,6,120.875,27371.322088276836,24
Amazon_FAMRB2,7,129.125,29281.451469350282,24
Amazon_FAMRB2,8,123.75,28051.578374788136,24
Amazon_FAMRB2,9,119.29166666666667,27021.40056002825,24
Amazon_FAMRB2,10,111.45833333333333,25187.24990112994,24
Amazon_FAMRB2,11,117.91304347826087,26554.702369933675,23
Amazon_FAMRB2,12,116.78260869565217,26253.163641857038,23
Amazon_FAMRB2,13,104.5,23498.042413135594,24
Amazon_FAMRB2,14,106.96,23864.82502576271,25
Amazon_FAMRB2,15,116.72,26182.10242779661,25
Amazon_FAMRB2,16,124.6,27881.05423254237,25
Amazon_FAMRB2,17,119.08333333333333,26779.981069915255,24
Amazon_FAMRB2,18,116.76,26315.03790983051,25
Amazon_FAMRB2,19,120.125,27223.00836059322,24
Amazon_FAMRB2,20,104.08333333333333,23529.654545409605,24
Amazon_FAMRB2,21,96.54166666666667,21739.41520056497,24
Amazon_FAMRB2,22,107.58333333333333,24253.639836864404,24
Amazon_FAMRB2,23,103.65217391304348,23348.905059690493,23
Amazon_FAMRB2,24,109.52173913043478,24692.234926308036,23
Amazon_FAMRB2,25,99.08695652173913,22291.713398673543,23
Amazon_FAMRB2,26,104.30434782608695,23256.50420707443,23
Amazon_FAMRB2,27,109.95833333333333,24793.50861765537,24
Amazon_FAMRB2,28,107.125,24067.24564618644,24
Amazon_FAMRB2,29,116.17391304347827,25967.69057184967,23
Amazon_FAMRB2,30,104.0,23399.88417488444,22
Amazon_FAMRB2,31,104.8,23476.688246327685,15
Amazon_FAMRG2,1,110.375,25032.012753601695,24
Amazon_FAMRG2,2,118.32,26735.359506779663,25
Amazon_FAMRG2,3,120.6,27279.78299057627,25
Amazon_FAMRG2,4,123.72,27972.88477274576,25
Amazon_FAMRG2,5,121.36,27424.52549722034,25
Amazon_FAMRG2,6,127.72,28864.515356474574,25
Amazon_FAMRG2,7,125.52,28412.796615457628,25
Amazon_FAMRG2,8,123.24,27902.481173627122,25
Amazon_FAMRG2,9,126.4,28673.420177016953,25
Amazon_FAMRG2,10,124.36,28180.596484406782,25
Amazon_FAMRG2,11,126.2,28573.281509016946,25
Amazon_FAMRG2,12,122.28,27693.020399661018,25
Amazon_FAMRG2,13,120.12,27222.060892474576,25
Amazon_FAMRG2,14,121.48,27484.43401538983,25
Amazon_FAMRG2,15,118.2,26756.78642359322,25
Amazon_FAMRG2,16,121.24,27419.278010237285,25
Amazon_FAMRG2,17,110.44,24977.023622915254,25
Amazon_FAMRG2,18,116.48,26350.983038983053,25
Amazon_FAMRG2,19,115.04,26015.145766169495,25
Amazon_FAMRG2,20,115.48,26116.159261694913,25
Amazon_FAMRG2,21,119.44,27020.908480474576,25
Amazon_FAMRG2,22,116.6,26418.76268881356,25
Amazon_FAMRG2,23,119.70833333333333,27108.67593015537,24
Amazon_FAMRG2,24,117.0,26502.394047951977,24
Amazon_FAMRG2,25,103.0,23315.201219915252,24
Amazon_FAMRG2,26,106.66666666666667,24137.394036370057,24
Amazon_FAMRG2,27,120.36,27263.166145762712,25
Amazon_FAMRG2,28,120.04,27182.268022440676,25
Amazon_FAMRG2,29,123.45833333333333,27960.021071680792,24
Amazon_FAMRG2,30,110.21739130434783,25037.12237177598,23
Amazon_FAMRG2,31,102.06666666666666,23058.93231638418,15
Amazon_FAMRP2,1,103.04347826086956,23328.276400589537,23
Amazon_FAMRP2,2,108.0,24384.673205911862,25
Amazon_FAMRP2,3,114.72,25925.064458738983,25
Amazon_FAMRP2,4,124.48,28094.27594299661,25
Amazon_FAMRP2,5,123.29166666666667,27829.65478220339,24
Amazon_FAMRP2,6,126.88,28602.40467060339,25
Amazon_FAMRP2,7,120.32,27111.077355688136,25
Amazon_FAMRP2,8,115.52,26093.420459661018,25
Amazon_FAMRP2,9,118.16,26710.259113925425,25
Amazon_FAMRP2,10,129.88,29323.49287661017,25
Amazon_FAMRP2,11,128.56,28915.67799898305,25
Amazon_FAMRP2,12,121.44,27172.822327322032,25
Amazon_FAMRP2,13,114.04,25463.725444,25
Amazon_FAMRP2,14,117.52,26309.09091979661,25
Amazon_FAMRP2,15,124.25,27816.444910875707,24
Amazon_FAMRP2,16,120.16,26872.842738725427,25
Amazon_FAMRP2,17,122.83333333333333,27427.53172535311,24
Amazon_FAMRP2,18,124.0,27690.57138943729,25
Amazon_FAMRP2,19,123.72,27504.549186711865,25
Amazon_FAMRP2,20,111.68,24989.355033301694,25
Amazon_FAMRP2,21,121.96,27314.94084759322,25
Amazon_FAMRP2,22,123.72,27692.05821343729,25
Amazon_FAMRP2,23,134.82608695652175,30101.774386440677,23
Amazon_FAMRP2,24,124.82608695652173,27994.71110147384,23
Amazon_FAMRP2,25,119.56521739130434,26840.270539572582,23
Amazon_FAMRP2,26,119.34782608695652,26626.759993014002,23
Amazon_FAMRP2,27,116.4,26054.676555633898,25
Amazon_FAMRP2,28,142.95652173913044,31910.531187914516,23
Amazon_FAMRP2,29,121.625,27295.06989940678,24
Amazon_FAMRP2,30,113.18181818181819,25440.330688382128,22
Amazon_FAMRP2,31,93.06666666666666,20652.244003887005,15
Amazon_FAMRR2,1,205.33333333333334,47712.38702612994,24
Amazon_FAMRR2,2,218.08,50575.28837220339,25
Amazon_FAMRR2,3,224.8,52113.95944677966,25
Amazon_FAMRR2,4,228.08,52838.575084067794,25
Amazon_FAMRR2,5,235.84,54681.19058033898,25
Amazon_FAMRR2,6,243.36,56228.199475932204,25
Amazon_FAMRR2,7,227.56,52643.39846440678,25
Amazon_FAMRR2,8,236.4,54712.267005423724,25
Amazon_FAMRR2,9,227.6,52543.72595050848,25
Amazon_FAMRR2,10,210.76,48690.60531322034,25
Amazon_FAMRR2,11,214.56,49600.543538305086,25
Amazon_FAMRR2,12,205.04,47375.91297966102,25
Amazon_FAMRR2,13,198.24,45846.33758440678,25
Amazon_FAMRR2,14,203.36,47116.68881084746,25
Amazon_FAMRR2,15,194.44,45081.17078033898,25
Amazon_FAMRR2,16,209.6,48449.951539661015,25
Amazon_FAMRR2,17,194.24,44891.30053559322,25
Amazon_FAMRR2,18,212.12,48879.339167457634,25
Amazon_FAMRR2,19,199.96,46281.789117288135,25
Amazon_FAMRR2,20,188.6,43591.76750847458,25
Amazon_FAMRR2,21,183.8,42499.538380338985,25
Amazon_FAMRR2,22,177.96,41290.58235050848,25
Amazon_FAMRR2,23,185.83333333333334,43025.62995833334,24
Amazon_FAMRR2,24,183.625,42354.11930084746,24
Amazon_FAMRR2,25,175.20833333333334,40482.89053177967,24
Amazon_FAMRR2,26,171.83333333333334,39744.268302966106,24
Amazon_FAMRR2,27,188.04,43562.964677966105,25
Amazon_FAMRR2,28,193.48,44805.27120474576,25
Amazon_FAMRR2,29,194.16666666666666,44900.806586864404,24
Amazon_FAMRR2,30,181.1304347826087,42058.056258658806,23
Amazon_FAMRR2,31,183.33333333333334,42261.66306101695,15
Amazon_FAMRU2,18,15.0,2722.1187,1
Amazon_FAMRU2,19,32.0,5807.1865,1
Amazon_FAMRU2,20,95.0,17240.084,1
Amazon_FAMRU2,21,70.0,12703.221,1
Amazon_FAMRU2,22,50.0,9073.729,1
Amazon_FAMRU2,23,69.0,12521.746,1
Amazon_FAMRU2,24,62.0,11251.424,1
Amazon_FAMRU2,25,51.0,9255.203,1
Amazon_FAMRU2,26,50.0,9073.729,1
Amazon_FAMRU2,27,98.0,17784.508,1
Amazon_FAMRU2,28,74.0,13429.118,1
Amazon_FAMRU2,29,90.0,16332.712,1
Amazon_FAMRU2,30,56.0,10162.576,1
Amazon_FAMRU2,31,33.0,5988.661,1
Amazon_FAMRV2,1,435.0416666666667,98971.51436581921,24
Amazon_FAMRV2,2,451.4,102524.38980067796,25
Amazon_FAMRV2,3,457.16,103807.83107525423,25
Amazon_FAMRV2,4,444.96,100980.41252271186,25
Amazon_FAMRV2,5,416.72,94592.50710033897,25
Amazon_FAMRV2,6,402.04,91276.37727457628,25
Amazon_FAMRV2,7,405.96,92267.44703864407,25
Amazon_FAMRV2,8,397.04,90316.70418983052,25
Amazon_FAMRV2,9,402.96,91507.70157355933,25
Amazon_FAMRV2,10,390.68,88499.77181627118,25
Amazon_FAMRV2,11,374.88,85066.0988237288,25
Amazon_FAMRV2,12,361.32,81814.33602033899,25
Amazon_FAMRV2,13,367.12,83010.31983322033,25
Amazon_FAMRV2,14,393.68,88987.5237918644,25
Amazon_FAMRV2,15,397.28,89637.77119661016,25
Amazon_FAMRV2,16,401.56,91189.00633016949,25
Amazon_FAMRV2,17,381.04,86498.0417077966,25
Amazon_FAMRV2,18,382.44,86879.70747050848,25
Amazon_FAMRV2,19,385.4,87534.67662644068,25
Amazon_FAMRV2,20,366.72,82993.08984542373,25
Amazon_FAMRV2,21,351.0,79399.80614847458,25
Amazon_FAMRV2,22,344.08,77922.73427457627,25
Amazon_FAMRV2,23,336.0,75950.93646257062,24
Amazon_FAMRV2,24,360.375,81353.44949646892,24
Amazon_FAMRV2,25,346.3333333333333,78247.24606497175,24
Amazon_FAMRV2,26,375.5416666666667,84759.4677259887,24
Amazon_FAMRV2,27,428.32,97000.47807796611,25
Amazon_FAMRV2,28,418.28,94492.54382644068,25
Amazon_FAMRV2,29,401.4166666666667,90833.49176553672,24
Amazon_FAMRV2,30,408.5217391304348,92385.76955490051,23
Amazon_FAMRV2,31,380.26666666666665,85175.12907344633,15
Amazon_FAPA1E,1,198.25,26924.65054661017,24
Amazon_FAPA1E,2,218.92,29655.132303728817,25
Amazon_FAPA1E,3,225.48,30607.545513898305,25
Amazon_FAPA1E,4,220.44,29865.905075932205,25
Amazon_FAPA1E,5,213.24,28933.606563389832,25
Amazon_FAPA1E,6,203.16,27595.505216271187,25
Amazon_FAPA1E,7,194.08,26438.44074440678,25
Amazon_FAPA1E,8,201.72,27465.19320522034,25
Amazon_FAPA1E,9,185.52,25213.15922847458,25
Amazon_FAPA1E,10,178.04,24213.955715932203,25
Amazon_FAPA1E,11,169.32,23017.97299118644,25
Amazon_FAPA1E,12,175.8,23931.90515322034,25
Amazon_FAPA1E,13,172.76,23562.396465559323,25
Amazon_FAPA1E,14,180.16,24600.95595423729,25
Amazon_FAPA1E,15,165.96,22597.73909559322,25
Amazon_FAPA1E,16,163.6,22294.69825355932,25
Amazon_FAPA1E,17,161.68,22033.637519322037,25
Amazon_FAPA1E,18,167.32,22763.90838983051,25
Amazon_FAPA1E,19,158.68,21589.352463050847,25
Amazon_FAPA1E,20,173.96,23678.27788542373,25
Amazon_FAPA1E,21,172.52,23429.460826440678,25
Amazon_FAPA1E,22,175.04,23780.603193220337,25
Amazon_FAPA1E,23,165.25,22539.014620762715,24
Amazon_FAPA1E,24,166.95833333333334,22736.705495056496,24
Amazon_FAPA1E,25,161.0,21964.16309039548,24
Amazon_FAPA1E,26,155.125,21139.237321327684,24
Amazon_FAPA1E,27,172.28,23541.84393084746,25
Amazon_FAPA1E,28,191.4,26180.003277288135,25
Amazon_FAPA1E,29,189.83333333333334,25968.99388135593,24
Amazon_FAPA1E,30,180.91304347826087,24763.34198599853,23
Amazon_FAPA1E,31,188.93333333333334,25782.508300564972,15
Amazon_FAPAM5,1,1274.375,297098.56765536725,24
Amazon_FAPAM5,2,1203.8,278849.9002847458,25
Amazon_FAPAM5,3,1201.88,277696.1888,25
Amazon_FAPAM5,4,1323.52,306070.3585220339,25
Amazon_FAPAM5,5,1423.6,329142.4095118644,25
Amazon_FAPAM5,6,1472.32,340609.5593084746,25
Amazon_FAPAM5,7,1511.84,348408.5968881356,25
Amazon_FAPAM5,8,1488.2,342828.7980949153,25
Amazon_FAPAM5,9,1180.08,271688.5745694915,25
Amazon_FAPAM5,10,1061.68,244094.23751186443,25
Amazon_FAPAM5,11,1100.8,252523.6957220339,25
Amazon_FAPAM5,12,954.8,220727.01572881357,25
Amazon_FAPAM5,13,1061.96,246095.5613694915,25
Amazon_FAPAM5,14,1311.72,304448.0178983051,25
Amazon_FAPAM5,15,1171.16,270981.625979661,25
Amazon_FAPAM5,16,1487.96,345763.0007186441,25
Amazon_FAPAM5,17,1469.84,341632.0833762712,25
Amazon_FAPAM5,18,1474.68,343045.98028474575,25
Amazon_FAPAM5,19,1245.24,289069.32208135596,25
Amazon_FAPAM5,20,1208.68,279132.6778305085,25
Amazon_FAPAM5,21,1097.56,252965.35589152545,25
Amazon_FAPAM5,22,1105.28,254696.28791864406,25
Amazon_FAPAM5,23,1026.4166666666667,236808.22880649718,24
Amazon_FAPAM5,24,936.2916666666666,215239.14153954803,24
Amazon_FAPAM5,25,933.75,214980.26152542373,24
Amazon_FAPAM5,26,866.9166666666666,199130.0849470339,24
Amazon_FAPAM5,27,1094.72,251905.66206779663,25
Amazon_FAPAM5,28,1044.04,240102.52591864407,25
Amazon_FAPAM5,29,1100.7083333333333,254164.61904943504,24
Amazon_FAPAM5,30,1356.608695652174,315595.28397568164,23
Amazon_FAPAM5,31,1061.0666666666666,246754.40662146892,15
Amazon_FASB3,1,155.75,14211.364409039548,24
Amazon_FASB3,2,163.92,15084.997945084746,25
Amazon_FASB3,3,179.76,16797.38036,25
Amazon_FASB3,4,176.36,16598.495472542374,25
Amazon_FASB3,5,174.12,15950.167603593221,25
Amazon_FASB3,6,168.44,15493.246866644069,25
Amazon_FASB3,7,172.56,15877.868456271188,25
Amazon_FASB3,8,166.08,15208.303719322037,25
Amazon_FASB3,9,158.24,14643.643473491527,25
Amazon_FASB3,10,155.24,14252.406141694917,25
Amazon_FASB3,11,148.32,13690.720033288137,25
Amazon_FASB3,12,152.12,14175.909774101696,25
Amazon_FASB3,13,159.68,14839.998571186443,25
Amazon_FASB3,14,157.64,15069.348507525425,25
Amazon_FASB3,15,148.8,14179.050847186441,25
Amazon_FASB3,16,154.28,14795.38513084746,25
Amazon_FASB3,17,170.68,16700.008922169494,25
Amazon_FASB3,18,172.28,15963.676748949154,25
Amazon_FASB3,19,146.16,13596.60068183051,25
Amazon_FASB3,20,147.92,13947.282640203392,25
Amazon_FASB3,21,135.84,12917.751859322034,25
Amazon_FASB3,22,149.72,14263.747120000004,25
Amazon_FASB3,23,143.08333333333334,13929.749892937856,24
Amazon_FASB3,24,157.91666666666666,15724.484462570623,24
Amazon_FASB3,25,131.95833333333334,13042.777660381356,24
Amazon_FASB3,26,128.20833333333334,12669.260670692092,24
Amazon_FASB3,27,137.72,13412.892963796612,25
Amazon_FASB3,28,142.08,13971.632551457627,25
Amazon_FASB3,29,137.58333333333334,13253.423634180792,24
Amazon_FASB3,30,142.6086956521739,13552.358149226236,23
Amazon_FASB3,31,152.0,14196.192013559323,15
Amazon_FASG3,1,113.875,11383.204121115821,24
Amazon_FASG3,2,127.72,12977.875941383052,25
Amazon_FASG3,3,133.6,13769.60676863729,25
Amazon_FASG3,4,130.04,13530.528093742374,25
Amazon_FASG3,5,133.72,13666.953902806781,25
Amazon_FASG3,6,127.2,13054.955995213562,25
Amazon_FASG3,7,125.32,12900.323390169493,25
Amazon_FASG3,8,120.48,12452.547756094917,25
Amazon_FASG3,9,116.48,11899.117281993222,25
Amazon_FASG3,10,108.2,11214.681342711865,25
Amazon_FASG3,11,105.4,10700.999974983053,25
Amazon_FASG3,12,111.84,11480.667139186442,25
Amazon_FASG3,13,122.76,12611.349778101696,25
Amazon_FASG3,14,114.76,11761.329480542376,25
Amazon_FASG3,15,106.76,11059.187161694916,25
Amazon_FASG3,16,113.48,11832.82232901695,25
Amazon_FASG3,17,110.32,11712.713208542375,25
Amazon_FASG3,18,108.0,11335.1797060339,25
Amazon_FASG3,19,107.6,11356.305078169495,25
Amazon_FASG3,20,112.04,11973.084113586443,25
Amazon_FASG3,21,113.48,12019.615607322035,25
Amazon_FASG3,22,106.96,11331.732909694918,25
Amazon_FASG3,23,102.75,10923.89398608757,24
Amazon_FASG3,24,104.29166666666667,11068.465363983052,24
Amazon_FASG3,25,92.125,9647.711167584746,24
Amazon_FASG3,26,101.75,10723.353077895483,24
Amazon_FASG3,27,105.36,10945.360049966104,25
Amazon_FASG3,28,105.56,11095.322705423729,25
Amazon_FASG3,29,106.25,11101.850184110173,24
Amazon_FASG3,30,104.8695652173913,10772.032390051585,23
Amazon_FASG3,31,90.86666666666666,9173.205685649718,15
Amazon_FASM3,1,108.65217391304348,11171.850369226237,23
Amazon_FASM3,2,114.24,11793.65698461017,25
Amazon_FASM3,3,125.54166666666667,13168.846773566385,24
Amazon_FASM3,4,131.5,13728.745695367235,24
Amazon_FASM3,5,125.84,13206.558624291527,25
Amazon_FASM3,6,124.25,12834.73733834746,24
Amazon_FASM3,7,134.36,13582.563360623732,25
Amazon_FASM3,8,126.54166666666667,13036.986582570624,24
Amazon_FASM3,9,115.28,11908.012238108477,25
Amazon_FASM3,10,117.04166666666667,12079.393347401134,24
Amazon_FASM3,11,109.92,11208.482732657629,25
Amazon_FASM3,12,121.52,12588.306429118647,25
Amazon_FASM3,13,149.875,14855.058538368647,24
Amazon_FASM3,14,121.36,12509.197262325426,25
Amazon_FASM3,15,104.04,10829.25355002034,25
Amazon_FASM3,16,110.73913043478261,11626.32497497421,23
Amazon_FASM3,17,139.58333333333334,14392.274006588987,24
Amazon_FASM3,18,116.6,11705.013516,25
Amazon_FASM3,19,110.16,11234.722738738985,25
Amazon_FASM3,20,112.70833333333333,11552.242245529662,24
Amazon_FASM3,21,106.96,10728.546483498307,25
Amazon_FASM3,22,94.12,9697.319984081358,25
Amazon_FASM3,23,98.56521739130434,10325.624895541638,23
Amazon_FASM3,24,109.125,11650.28320470339,24
Amazon_FASM3,25,93.30434782608695,9809.302838334563,23
Amazon_FASM3,26,95.04347826086956,10038.92709982314,23
Amazon_FASM3,27,94.54166666666667,9949.767621687855,24
Amazon_FASM3,28,98.52,10311.347087227121,25
Amazon_FASM3,29,117.52173913043478,11940.668319233604,23
Amazon_FASM3,30,106.13636363636364,10894.84973996148,22
Amazon_FASM3,31,92.46666666666667,8965.472366214692,15
Amazon_FASP3,1,16.77777777777778,1951.4764596704335,18
Amazon_FASP3,2,23.055555555555557,2694.1478252824863,18
Amazon_FASP3,3,22.294117647058822,2578.1764730209375,17
Amazon_FASP3,4,19.22222222222222,2249.3634801977405,18
Amazon_FASP3,5,21.27777777777778,2469.1497072598877,18
Amazon_FASP3,6,17.27777777777778,2012.899237146893,18
Amazon_FASP3,7,19.294117647058822,2248.7457664506483,17
Amazon_FASP3,8,15.38888888888889,1785.6619661111115,18
Amazon_FASP3,9,17.823529411764707,2090.3459620039885,17
Amazon_FASP3,10,17.941176470588236,2101.3010939980063,17
Amazon_FASP3,11,15.444444444444445,1794.8888883804148,18
Amazon_FASP3,12,16.8,1966.5175141016953,15
Amazon_FASP3,13,17.0,1993.6301097806586,17
Amazon_FASP3,14,17.352941176470587,2035.079760947159,17
Amazon_FASP3,15,14.647058823529411,1714.4376861016954,17
Amazon_FASP3,16,20.571428571428573,2412.447941876514,14
Amazon_FASP3,17,16.733333333333334,1958.6881355706219,15
Amazon_FASP3,18,15.5,1820.330509769976,14
Amazon_FASP3,19,19.25,2257.6927928919495,16
Amazon_FASP3,20,21.0,2463.213986324153,16
Amazon_FASP3,21,22.666666666666668,2661.9887023163847,15
Amazon_FASP3,22,23.133333333333333,2713.551402474577,15
Amazon_FASP3,23,19.0,2228.129933548023,15
Amazon_FASP3,24,20.933333333333334,2455.1819047344634,15
Amazon_FASP3,25,18.733333333333334,2200.0553593220343,15
Amazon_FASP3,26,23.333333333333332,2740.282496045198,15
Amazon_FASP3,27,26.428571428571427,3103.789337167071,14
Amazon_FASP3,28,26.625,3123.817796493645,16
Amazon_FASP3,29,31.692307692307693,3721.9661030899615,13
Amazon_FASP3,30,26.142857142857142,3063.285714261502,14
Amazon_FASP3,31,18.22222222222222,2140.0301318267425,9
Amazon_FAST3,1,6.6875,669.8548731144069,16
Amazon_FAST3,2,7.052631578947368,654.171272836753,19
Amazon_FAST3,3,6.533333333333333,699.1773990282488,15
Amazon_FAST3,4,6.222222222222222,530.7608285969868,18
Amazon_FAST3,5,7.4375,727.5328338559323,16
Amazon_FAST3,6,7.6,681.7581880225989,15
Amazon_FAST3,7,7.4375,724.492587351695,16
Amazon_FAST3,8,6.444444444444445,562.2636540301319,18
Amazon_FAST3,9,5.529411764705882,543.5054820039882,17
Amazon_FAST3,10,6.866666666666666,618.3355892316384,15
Amazon_FAST3,11,5.647058823529412,520.1236292023929,17
Amazon_FAST3,12,6.117647058823529,561.0827476669991,17
Amazon_FAST3,13,5.9411764705882355,557.5264131904287,17
Amazon_FAST3,14,4.4375,451.21716139830517,16
Amazon_FAST3,15,6.235294117647059,603.5134574077767,17
Amazon_FAST3,16,6.5625,722.0603805614409,16
Amazon_FAST3,17,7.0,678.8549923069681,18
Amazon_FAST3,18,6.055555555555555,605.7730676459512,18
Amazon_FAST3,19,6.9411764705882355,646.3529394117647,17
Amazon_FAST3,20,7.5625,672.2870711440679,16
Amazon_FAST3,21,7.5625,684.4480962605933,16
Amazon_FAST3,22,7.470588235294118,674.1904262412763,17
Amazon_FAST3,23,5.666666666666667,555.237287084746,15
Amazon_FAST3,24,5.529411764705882,574.9810548055834,17
Amazon_FAST3,25,7.3125,728.0540212182204,16
Amazon_FAST3,26,6.6,629.176261344633,15
Amazon_FAST3,27,6.9411764705882355,629.1844431904289,17
Amazon_FAST3,28,6.615384615384615,638.4667507953066,13
Amazon_FAST3,29,6.333333333333333,591.3728788248588,15
Amazon_FAST3,30,6.538461538461538,644.4002603259453,13
Amazon_FAST3,31,8.555555555555555,804.7890709604521,9
Amazon_FATB6,1,100.75,24856.64727259887,24
Amazon_FATB6,2,106.56,26290.067510508477,25
Amazon_FATB6,3,108.64,26803.237275661017,25
Amazon_FATB6,4,103.48,25530.182088949154,25
Amazon_FATB6,5,104.32,25737.423833898305,25
Amazon_FATB6,6,103.88,25628.868478305085,25
Amazon_FATB6,7,104.88,25875.58474366102,25
Amazon_FATB6,8,111.64,27543.385281152543,25
Amazon_FATB6,9,125.6,30987.54224420339,25
Amazon_FATB6,10,99.08,24444.631324745762,25
Amazon_FATB6,11,98.2,24227.521172881356,25
Amazon_FATB6,12,100.48,24790.033867796614,25
Amazon_FATB6,13,91.2,22500.50854644068,25
Amazon_FATB6,14,96.64,23842.644228474575,25
Amazon_FATB6,15,96.04,23694.614279999998,25
Amazon_FATB6,16,92.04,22707.74996542373,25
Amazon_FATB6,17,91.32,22530.114235254237,25
Amazon_FATB6,18,91.6,22599.19504881356,25
Amazon_FATB6,19,89.76,22145.23711118644,25
Amazon_FATB6,20,87.52,21592.59313959322,25
Amazon_FATB6,21,81.8,20181.37702623729,25
Amazon_FATB6,22,80.08,19757.025222101696,25
Amazon_FATB6,23,76.20833333333333,18801.822854943504,24
Amazon_FATB6,24,73.16666666666667,18051.39465706215,24
Amazon_FATB6,25,67.66666666666667,16694.456213771187,24
Amazon_FATB6,26,73.54166666666667,18143.913171398304,24
Amazon_FATB6,27,88.4,21809.703358983053,25
Amazon_FATB6,28,99.08,24444.631250169492,25
Amazon_FATB6,29,102.29166666666667,25237.000927966103,24
Amazon_FATB6,30,105.17391304347827,25948.09825202653,23
Amazon_FATB6,31,90.33333333333333,22286.687755932206,15
Amazon_FATD6,1,13.708333333333334,3382.0665608050845,24
Amazon_FATD6,2,17.68,4361.940656000001,25
Amazon_FATD6,3,14.2,3503.368659118644,25
Amazon_FATD6,4,15.84,3907.9830631864406,25
Amazon_FATD6,5,14.52,3582.317818779661,25
Amazon_FATD6,6,14.12,3483.631342644068,25
Amazon_FATD6,7,12.08,2980.3305136271188,25
Amazon_FATD6,8,13.73913043478261,3389.664684082535,23
Amazon_FATD6,9,15.565217391304348,3840.189793367723,23
Amazon_FATD6,10,14.0,3454.025473940678,24
Amazon_FATD6,11,11.76,2901.3813363389827,25
Amazon_FATD6,12,10.96,2704.008477423729,25
Amazon_FATD6,13,13.08,3227.046601220339,25
Amazon_FATD6,14,12.52,3088.885577355932,25
Amazon_FATD6,15,11.4,2812.5635463050844,25
Amazon_FATD6,16,12.25,3022.272242514124,24
Amazon_FATD6,17,13.4,3305.9957304406776,25
Amazon_FATD6,18,12.84,3167.834720338983,25
Amazon_FATD6,19,13.32,3286.258485084746,25
Amazon_FATD6,20,12.48,3079.0169006101696,25
Amazon_FATD6,21,13.6,3355.339001694915,25
Amazon_FATD6,22,13.6,3355.3390181694913,25
Amazon_FATD6,23,13.875,3423.185927824859,24
Amazon_FATD6,24,13.875,3423.185911370056,24
Amazon_FATD6,25,13.625,3361.5068609463274,24
Amazon_FATD6,26,13.291666666666666,3279.2681810734466,24
Amazon_FATD6,27,15.56,3838.902535932203,25
Amazon_FATD6,28,14.88,3671.1355548474576,25
Amazon_FATD6,29,13.608695652173912,3357.4843098747237,23
Amazon_FATD6,30,13.521739130434783,3336.030739204127,23
Amazon_FATD6,31,15.066666666666666,3717.1893065536724,15
Amazon_FATG6,1,54.125,13353.50903460452,24
Amazon_FATG6,2,64.2,15839.173816271186,25
Amazon_FATG6,3,64.44,15898.38550759322,25
Amazon_FATG6,4,65.04,16046.41525220339,25
Amazon_FATG6,5,68.64,16934.593191186443,25
Amazon_FATG6,6,60.84,15010.207570169494,25
Amazon_FATG6,7,62.6,15444.427974711863,25
Amazon_FATG6,8,53.68,13243.720384,25
Amazon_FATG6,9,55.2,13618.728638779661,25
Amazon_FATG6,10,54.96,13559.516982576271,25
Amazon_FATG6,11,54.56,13460.830442237288,25
Amazon_FATG6,12,55.68,13737.152610644067,25
Amazon_FATG6,13,52.4,12927.923619864407,25
Amazon_FATG6,14,55.16,13608.860146644069,25
Amazon_FATG6,15,57.2,14112.161011525423,25
Amazon_FATG6,16,57.2,14112.160878440678,25
Amazon_FATG6,17,56.6,13964.131317966103,25
Amazon_FATG6,18,57.0,14062.817906101694,25
Amazon_FATG6,19,54.0,13322.669397152544,25
Amazon_FATG6,20,54.64,13480.567724474575,25
Amazon_FATG6,21,56.36,13904.919468474576,25
Amazon_FATG6,22,58.2,14358.877307661018,25
Amazon_FATG6,23,51.458333333333336,12695.599433615818,24
Amazon_FATG6,24,50.583333333333336,12479.722865466101,24
Amazon_FATG6,25,48.833333333333336,12047.96956292373,24
Amazon_FATG6,26,44.083333333333336,10876.068167655367,24
Amazon_FATG6,27,55.72,13747.021099050848,25
Amazon_FATG6,28,57.48,14181.241441966102,25
Amazon_FATG6,29,55.0,13569.385558403956,24
Amazon_FATG6,30,58.82608695652174,14513.343021223287,23
Amazon_FATG6,31,48.733333333333334,12023.29804858757,15
Amazon_FATP6,1,21.791666666666668,5376.355021822034,24
Amazon_FATP6,2,22.24,5486.966114983051,25
Amazon_FATP6,3,29.04,7164.63556061017,25
Amazon_FATP6,4,29.72,7332.402550101695,25
Amazon_FATP6,5,30.083333333333332,7422.042746610169,24
Amazon_FATP6,6,26.92,6641.597485084745,25
Amazon_FATP6,7,24.2,5970.52952420339,25
Amazon_FATP6,8,23.32,5753.419418847458,25
Amazon_FATP6,9,22.0,5427.754196949153,25
Amazon_FATP6,10,23.4,5773.15681979661,25
Amazon_FATP6,11,25.0,6167.9025248135595,25
Amazon_FATP6,12,23.0,5674.470358169491,25
Amazon_FATP6,13,23.36,5763.28816738983,25
Amazon_FATP6,14,21.88,5398.148322847457,25
Amazon_FATP6,15,18.84,4648.131362305085,25
Amazon_FATP6,16,21.8,5378.410991389831,25
Amazon_FATP6,17,22.24,5486.966112271187,25
Amazon_FATP6,18,24.48,6039.610169288136,25
Amazon_FATP6,19,22.72,5605.389785220339,25
Amazon_FATP6,20,20.8,5131.6949842711865,25
Amazon_FATP6,21,19.44,4796.16102461017,25
Amazon_FATP6,22,22.0,5427.754225220339,25
Amazon_FATP6,23,20.083333333333332,4954.881652259887,24
Amazon_FATP6,24,23.375,5766.988888206215,24
Amazon_FATP6,25,18.375,4533.408364759887,24
Amazon_FATP6,26,19.75,4872.6430375,24
Amazon_FATP6,27,21.32,5259.987294644068,25
Amazon_FATP6,28,24.04,5931.055168338984,25
Amazon_FATP6,29,24.875,6137.063029307909,24
Amazon_FATP6,30,23.956521739130434,5910.459674797347,23
Amazon_FATP6,31,24.4,6019.872954576272,15
Amazon_FATT6,1,47.458333333333336,11708.734952471752,24
Amazon_FATT6,2,54.64,13480.56776,25
Amazon_FATT6,3,54.08,13342.406786440679,25
Amazon_FATT6,4,56.08,13835.838930847458,25
Amazon_FATT6,5,54.28,13391.750016271188,25
Amazon_FATT6,6,51.08,12602.258587118644,25
Amazon_FATT6,7,49.6,12237.118699661018,25
Amazon_FATT6,8,46.36,11437.758481355933,25
Amazon_FATT6,9,47.68,11763.423720203391,25
Amazon_FATT6,10,41.76,10302.86444359322,25
Amazon_FATT6,11,44.04,10865.377098101693,25
Amazon_FATT6,12,45.8,11299.597432067798,25
Amazon_FATT6,13,44.8,11052.881338101695,25
Amazon_FATT6,14,47.76,11783.161081559323,25
Amazon_FATT6,15,44.04,10865.377157288136,25
Amazon_FATT6,16,49.52,12217.381329491525,25
Amazon_FATT6,17,45.92,11329.203353491526,25
Amazon_FATT6,18,45.12,11131.830488135594,25
Amazon_FATT6,19,47.52,11723.949145423729,25
Amazon_FATT6,20,44.12,10885.114435525426,25
Amazon_FATT6,21,42.4,10460.762628949153,25
Amazon_FATT6,22,40.56,10006.805069423728,25
Amazon_FATT6,23,39.333333333333336,9704.16668079096,24
Amazon_FATT6,24,47.916666666666664,11821.8131490113,24
Amazon_FATT6,25,41.583333333333336,10259.277816737287,24
Amazon_FATT6,26,41.833333333333336,10320.956888418079,24
Amazon_FATT6,27,47.0,11595.656791186442,25
Amazon_FATT6,28,44.52,10983.800817084746,25
Amazon_FATT6,29,44.708333333333336,11030.26565183616,24
Amazon_FATT6,30,46.34782608695652,11434.755008843036,23
Amazon_FATT6,31,40.4,9967.330600790961,15
Amazon_GGPESM,1,22.666666666666668,6627.118687711864,24
Amazon_GGPESM,2,50.32,14712.20347284746,25
Amazon_GGPESM,3,43.6,12747.45760922034,25
Amazon_GGPESM,4,44.72,13074.915270745763,25
Amazon_GGPESM,5,73.76,21565.42373918644,25
Amazon_GGPESM,6,35.92,10502.033923491526,25
Amazon_GGPESM,7,28.44,8315.08477122034,25
Amazon_GGPESM,8,27.6,8069.491551423729,25
Amazon_GGPESM,9,29.083333333333332,8503.177960204803,24
Amazon_GGPESM,10,23.48,6864.915243728814,25
Amazon_GGPESM,11,25.84,7554.915290067796,25
Amazon_GGPESM,12,34.72,10151.186305762712,25
Amazon_GGPESM,13,30.04,8782.88141179661,25
Amazon_GGPESM,14,25.44,7437.966118915255,25
Amazon_GGPESM,15,22.92,6701.186452,25
Amazon_GGPESM,16,24.92,7285.932233559322,25
Amazon_GGPESM,17,21.56,6303.5593349830515,25
Amazon_GGPESM,18,29.48,8619.152559050848,25
Amazon_GGPESM,19,31.48,9203.898331084747,25
Amazon_GGPESM,20,37.96,11098.474589152544,25
Amazon_GGPESM,21,30.52,8923.220370338984,25
Amazon_GGPESM,22,101.64,29716.77966064407,25
Amazon_GGPESM,23,55.0,16080.508485098871,24
Amazon_GGPESM,24,29.416666666666668,8600.63560674435,24
Amazon_GGPESM,25,28.0,8186.440714653955,24
Amazon_GGPESM,26,23.458333333333332,6858.5805365113,24
Amazon_GGPESM,27,19.24,5625.2542878305085,25
Amazon_GGPESM,28,18.04,5274.406806983051,25
Amazon_GGPESM,29,21.166666666666668,6188.559357556497,24
Amazon_GGPESM,30,19.47826086956522,5694.915272770819,23
Amazon_GGPESM,31,16.4,4794.915276440678,15
Amazon_GGPFPM,1,4.95,4817.828416322034,20
Amazon_GGPFPM,2,5.944444444444445,5769.526859510359,18
Amazon_GGPFPM,3,6.476190476190476,6294.30995928975,21
Amazon_GGPFPM,4,7.571428571428571,7331.749356319612,21
Amazon_GGPFPM,5,7.761904761904762,7479.933425552866,21
Amazon_GGPFPM,6,7.631578947368421,7357.99509880464,19
Amazon_GGPFPM,7,7.105263157894737,6843.164631186441,19
Amazon_GGPFPM,8,6.7272727272727275,6496.109374668722,22
Amazon_GGPFPM,9,5.869565217391305,5669.62969532793,23
Amazon_GGPFPM,10,6.95,6707.447053949152,20
Amazon_GGPFPM,11,7.095238095238095,6850.817181904761,21
Amazon_GGPFPM,12,7.5,7240.995773069681,18
Amazon_GGPFPM,13,7.3,7031.377107593221,20
Amazon_GGPFPM,14,6.7272727272727275,6475.885976779661,22
Amazon_GGPFPM,15,6.45,6212.002124627119,20
Amazon_GGPFPM,16,6.190476190476191,5943.401931251009,21
Amazon_GGPFPM,17,5.631578947368421,5415.689123710973,19
Amazon_GGPFPM,18,6.5,6256.461865355932,20
Amazon_GGPFPM,19,6.833333333333333,6591.701981600754,18
Amazon_GGPFPM,20,7.473684210526316,7187.488855361285,19
Amazon_GGPFPM,21,6.315789473684211,6273.531221159678,19
Amazon_GGPFPM,22,6.15,6072.906364881356,20
Amazon_GGPFPM,23,5.388888888888889,5310.776838286252,18
Amazon_GGPFPM,24,6.222222222222222,6147.445615819209,18
Amazon_GGPFPM,25,7.176470588235294,6923.404772602194,17
Amazon_GGPFPM,26,7.866666666666666,7579.745799796611,15
Amazon_GGPFPM,27,6.5,6249.399711600754,18
Amazon_GGPFPM,28,5.944444444444445,5737.747187344633,18
Amazon_GGPFPM,29,6.611111111111111,6369.385586497176,18
Amazon_GGPFPM,30,5.647058823529412,5443.818566221336,17
Amazon_GGPFPM,31,5.416666666666667,5250.794487711864,12
Amazon_GGPGMM,1,234.08333333333334,99467.74312309323,24
Amazon_GGPGMM,2,281.56,117234.22877179662,25
Amazon_GGPGMM,3,299.96,126797.00945288135,25
Amazon_GGPGMM,4,318.2,133028.3643037288,25
Amazon_GGPGMM,5,332.52,138347.0596277966,25
Amazon_GGPGMM,6,303.0,127819.95815688134,25
Amazon_GGPGMM,7,281.2,121618.93238711864,25
Amazon_GGPGMM,8,235.56,102085.19578183051,25
Amazon_GGPGMM,9,266.68,112366.39855959322,25
Amazon_GGPGMM,10,306.04,129428.31409491526,25
Amazon_GGPGMM,11,255.2,108379.11867322034,25
Amazon_GGPGMM,12,209.96,88362.17744772881,25
Amazon_GGPGMM,13,190.64,80267.33901491525,25
Amazon_GGPGMM,14,238.04,98496.33026237288,25
Amazon_GGPGMM,15,289.64,118858.3986983051,25
Amazon_GGPGMM,16,247.12,101962.22046779661,25
Amazon_GGPGMM,17,303.24,123955.39828067797,25
Amazon_GGPGMM,18,269.64,110277.43215186441,25
Amazon_GGPGMM,19,242.52,99443.05889559323,25
Amazon_GGPGMM,20,257.44,105978.96583647458,25
Amazon_GGPGMM,21,230.96,95134.42367728814,25
Amazon_GGPGMM,22,242.36,101874.63557966102,25
Amazon_GGPGMM,23,163.83333333333334,67935.91058968926,24
Amazon_GGPGMM,24,167.25,70128.76109180792,24
Amazon_GGPGMM,25,203.75,84568.2731581921,24
Amazon_GGPGMM,26,170.66666666666666,71072.56393502824,24
Amazon_GGPGMM,27,192.24,81182.54186101694,25
Amazon_GGPGMM,28,218.72,92265.35620474577,25
Amazon_GGPGMM,29,247.875,106510.8309210452,24
Amazon_GGPGMM,30,232.47826086956522,98824.10556109065,23
Amazon_GGPGMM,31,107.0,44511.907138192095,15
Amazon_GGPLUM,1,261.5,143164.3528029661,24
Amazon_GGPLUM,2,283.32,155001.02629084745,25
Amazon_GGPLUM,3,260.32,143256.33038847457,25
Amazon_GGPLUM,4,281.84,156237.96499254237,25
Amazon_GGPLUM,5,271.44,152612.0594033898,25
Amazon_GGPLUM,6,288.36,160824.6614840678,25
Amazon_GGPLUM,7,268.4,149840.5681661017,25
Amazon_GGPLUM,8,254.44,143396.11040291525,25
Amazon_GGPLUM,9,237.32,130958.56791369492,25
Amazon_GGPLUM,10,242.56,133359.63575457627,25
Amazon_GGPLUM,11,232.08,127814.92390169491,25
Amazon_GGPLUM,12,230.88,125687.05827864406,25
Amazon_GGPLUM,13,324.04,174057.25356440677,25
Amazon_GGPLUM,14,295.12,157034.2867322034,25
Amazon_GGPLUM,15,299.6,162189.1273094915,25
Amazon_GGPLUM,16,295.56,160958.11102677966,25
Amazon_GGPLUM,17,280.12,154261.60244928816,25
Amazon_GGPLUM,18,241.68,131442.71214013558,25
Amazon_GGPLUM,19,238.64,129671.59407552543,25
Amazon_GGPLUM,20,217.2,116957.97503728814,25
Amazon_GGPLUM,21,236.44,130884.94130372882,25
Amazon_GGPLUM,22,258.36,144644.03593471186,25
Amazon_GGPLUM,23,242.33333333333334,136537.10126250001,24
Amazon_GGPLUM,24,236.875,132168.935804661,24
Amazon_GGPLUM,25,228.08695652173913,128011.10008106117,23
Amazon_GGPLUM,26,197.125,111977.78048375707,24
Amazon_GGPLUM,27,230.48,127871.79563796612,25
Amazon_GGPLUM,28,272.92,153216.76195118646,25
Amazon_GGPLUM,29,281.0833333333333,152930.90683474575,24
Amazon_GGPLUM,30,239.95652173913044,129929.56882461312,23
Amazon_GGPLUM,31,215.6,116406.9070779661,15
Amazon_GGPSG3,1,4.0,2285.593218952234,11
Amazon_GGPSG3,2,4.454545454545454,2545.3197212634823,11
Amazon_GGPSG3,3,3.230769230769231,1846.0560671447197,13
Amazon_GGPSG3,4,3.1538461538461537,1802.1023448500653,13
Amazon_GGPSG3,5,3.0,1714.1949148631031,13
Amazon_GGPSG3,6,3.8333333333333335,2190.3601744350285,12
Amazon_GGPSG3,7,4.888888888888889,2793.502824858757,9
Amazon_GGPSG3,8,4.583333333333333,2618.908895762712,12
Amazon_GGPSG3,9,4.285714285714286,2448.84989031477,14
Amazon_GGPSG3,10,6.333333333333333,3618.855931779661,12
Amazon_GGPSG3,11,5.833333333333333,3333.156798728813,12
Amazon_GGPSG3,12,4.083333333333333,2333.2097453389833,12
Amazon_GGPSG3,13,6.444444444444445,3682.3446421845574,9
Amazon_GGPSG3,14,4.454545454545454,2545.3197221879814,11
Amazon_GGPSG3,15,5.0,2856.9915403697996,11
Amazon_GGPSG3,16,4.7272727272727275,2701.1556235747307,11
Amazon_GGPSG3,17,6.875,3928.363347457627,8
Amazon_GGPSG3,18,5.2727272727272725,3012.8274258859788,11
Amazon_GGPSG3,19,6.545454545454546,3740.0616323574727,11
Amazon_GGPSG3,20,5.916666666666667,3380.773304237288,12
Amazon_GGPSG3,21,4.6,2772.424575762712,10
Amazon_GGPSG3,22,5.2727272727272725,3162.429891217258,11
Amazon_GGPSG3,23,6.666666666666667,3903.6027516949157,12
Amazon_GGPSG3,24,5.181818181818182,3063.733827580894,11
Amazon_GGPSG3,25,6.083333333333333,3476.00635338983,12
Amazon_GGPSG3,26,6.083333333333333,3476.0063591807907,12
Amazon_GGPSG3,27,6.3076923076923075,3604.2046985658408,13
Amazon_GGPSG3,28,3.8181818181818183,2181.702618027735,11
Amazon_GGPSG3,29,4.2727272727272725,2441.429121263482,11
Amazon_GGPSG3,30,5.375,3071.265888559322,8
Amazon_GGPSG3,31,3.0,1714.194913983051,8
Amazon_HMFCCL4,1,86.41666666666667,13694.844672316385,12
Amazon_HMFCCL4,2,106.0,16798.304827683616,12
Amazon_HMFCCL4,3,105.91666666666667,16785.099146892655,12
Amazon_HMFCCL4,4,99.41666666666667,15755.01436158192,12
Amazon_HMFCCL4,5,105.83333333333333,16771.892809322035,12
Amazon_HMFCCL4,6,99.33333333333333,15741.807844632769,12
Amazon_HMFCCL4,7,102.23076923076923,16200.97790352021,13
Amazon_HMFCCL4,8,109.25,17313.34725706215,12
Amazon_HMFCCL4,9,93.38461538461539,14799.087415906128,13
Amazon_HMFCCL4,10,93.92307692307692,14884.419883441982,13
Amazon_HMFCCL4,11,90.46153846153847,14335.854003911343,13
Amazon_HMFCCL4,12,86.46153846153847,13701.955602346805,13
Amazon_HMFCCL4,13,90.61538461538461,14360.234684485007,13
Amazon_HMFCCL4,14,84.23076923076923,13348.435572359844,13
Amazon_HMFCCL4,15,88.23076923076923,13982.33383702738,13
Amazon_HMFCCL4,16,86.71428571428571,13742.00961622276,14
Amazon_HMFCCL4,17,82.92857142857143,13142.070298668283,14
Amazon_HMFCCL4,18,78.5,12440.254100484262,14
Amazon_HMFCCL4,19,78.71428571428571,12474.213049636804,14
Amazon_HMFCCL4,20,82.07142857142857,13006.234744552057,14
Amazon_HMFCCL4,21,82.0,12994.91539104116,14
Amazon_HMFCCL4,22,95.53846153846153,15140.417117340286,13
Amazon_HMFCCL4,23,75.92307692307692,12031.87746023468,13
Amazon_HMFCCL4,24,89.08333333333333,14117.44352062147,12
Amazon_HMFCCL4,25,72.61538461538461,11507.692400782269,13
Amazon_HMFCCL4,26,75.41666666666667,11951.62436723164,12
Amazon_HMFCCL4,27,87.15384615384616,13811.668915254237,13
Amazon_HMFCCL4,28,88.15384615384616,13970.143365580181,13
Amazon_HMFCCL4,29,93.16666666666667,14764.548098870056,12
Amazon_HMFCCL4,30,87.16666666666667,13813.70057344633,12
Amazon_HMFCCL4,31,76.875,12182.733199152543,8
Amazon_J4PICSR,1,3.5294117647058822,647.2956213659023,17
Amazon_J4PICSR,2,4.421052631578948,810.3144602230152,19
Amazon_J4PICSR,3,4.7894736842105265,874.6097294380019,19
Amazon_J4PICSR,4,4.3,787.595340161017,20
Amazon_J4PICSR,5,3.85,706.3029720000001,20
Amazon_J4PICSR,6,4.15,763.3156780084746,20
Amazon_J4PICSR,7,4.055555555555555,747.2457592655368,18
Amazon_J4PICSR,8,3.0,554.4279724237288,20
Amazon_J4PICSR,9,3.75,686.0911046694915,20
Amazon_J4PICSR,10,4.2,770.402549338983,20
Amazon_J4PICSR,11,3.85,709.3220346525424,20
Amazon_J4PICSR,12,3.2777777777777777,598.093224369115,18
Amazon_J4PICSR,13,3.2,586.3983080593221,20
Amazon_J4PICSR,14,4.190476190476191,767.0399599112187,21
Amazon_J4PICSR,15,3.65,673.728818381356,20
Amazon_J4PICSR,16,4.111111111111111,750.42372346516,18
Amazon_J4PICSR,17,4.166666666666667,771.7161070527306,18
Amazon_J4PICSR,18,3.25,600.7309345254237,20
Amazon_J4PICSR,19,3.8947368421052633,713.4701118733274,19
Amazon_J4PICSR,20,3.35,616.7161047372881,20
Amazon_J4PICSR,21,3.7142857142857144,692.0460082728007,21
Amazon_J4PICSR,22,3.5,646.8008548116761,18
Amazon_J4PICSR,23,4.222222222222222,788.2556523822975,18
Amazon_J4PICSR,24,3.6842105263157894,678.7399666993756,19
Amazon_J4PICSR,25,2.8125,515.625002838983,16
Amazon_J4PICSR,26,3.2857142857142856,608.0357188377724,14
Amazon_J4PICSR,27,2.8125,515.6250006885593,16
Amazon_J4PICSR,28,3.0,549.9999999774011,15
Amazon_J4PICSR,29,3.5555555555555554,648.8700572693032,18
Amazon_J4PICSR,30,3.066666666666667,561.0593204858758,15
Amazon_J4PICSR,31,4.3,786.9915281016949,10
Amazon_J4PRGSR,1,89.29166666666667,16526.906811793786,24
Amazon_J4PRGSR,2,104.44,19317.152568474576,25
Amazon_J4PRGSR,3,110.04,20345.160962711867,25
Amazon_J4PRGSR,4,113.84,20958.15258623729,25
Amazon_J4PRGSR,5,108.32,20032.29667864407,25
Amazon_J4PRGSR,6,105.08,19433.466039322037,25
Amazon_J4PRGSR,7,106.72,19720.500139932203,25
Amazon_J4PRGSR,8,108.56,20052.78814101695,25
Amazon_J4PRGSR,9,104.56,19272.33049559322,25
Amazon_J4PRGSR,10,111.72,20550.915261694918,25
Amazon_J4PRGSR,11,106.44,19604.008351864406,25
Amazon_J4PRGSR,12,101.28,18695.84738142373,25
Amazon_J4PRGSR,13,92.96,17109.864289898305,25
Amazon_J4PRGSR,14,91.36,16822.70338657627,25
Amazon_J4PRGSR,15,87.28,16031.389737559322,25
Amazon_J4PRGSR,16,94.08,17348.796711389834,25
Amazon_J4PRGSR,17,91.64,16927.11867098305,25
Amazon_J4PRGSR,18,88.32,16375.3981060339,25
Amazon_J4PRGSR,19,82.88,15313.55086901695,25
Amazon_J4PRGSR,20,86.72,15952.983054440678,25
Amazon_J4PRGSR,21,84.24,15552.20355816949,25
Amazon_J4PRGSR,22,85.96,15835.118584271186,25
Amazon_J4PRGSR,23,74.33333333333333,13694.756481709039,24
Amazon_J4PRGSR,24,71.45833333333333,13152.913179590396,24
Amazon_J4PRGSR,25,75.95833333333333,14037.288159604519,24
Amazon_J4PRGSR,26,79.41666666666667,14613.506348446326,24
Amazon_J4PRGSR,27,75.8,13895.110218644068,25
Amazon_J4PRGSR,28,79.8,14614.703355525424,25
Amazon_J4PRGSR,29,79.20833333333333,14548.755349788136,24
Amazon_J4PRGSR,30,76.91304347826087,14127.385846204863,23
Amazon_J4PRGSR,31,70.4,12916.059298305083,15
Amazon_J4PVCSR,1,35.095238095238095,7784.897108902342,21
Amazon_J4PVCSR,2,35.32,7834.7542535322045,25
Amazon_J4PVCSR,3,42.2,9360.889828108475,25
Amazon_J4PVCSR,4,37.8,8384.872919837288,25
Amazon_J4PVCSR,5,35.56,7887.991555769492,25
Amazon_J4PVCSR,6,40.32,8943.86441600678,25
Amazon_J4PVCSR,7,41.72,9254.415243322035,25
Amazon_J4PVCSR,8,46.666666666666664,10351.694938276836,24
Amazon_J4PVCSR,9,53.56,11880.788157152543,25
Amazon_J4PVCSR,10,51.68,11463.76273680678,25
Amazon_J4PVCSR,11,52.2,11579.110189762712,25
Amazon_J4PVCSR,12,52.92,11738.822049681357,25
Amazon_J4PVCSR,13,35.08,7781.516977681357,25
Amazon_J4PVCSR,14,34.333333333333336,7615.889854272599,24
Amazon_J4PVCSR,15,33.4,7408.85594420339,25
Amazon_J4PVCSR,16,58.32,12936.661035877967,25
Amazon_J4PVCSR,17,31.791666666666668,7052.092195543785,24
Amazon_J4PVCSR,18,35.04,7772.644079206781,25
Amazon_J4PVCSR,19,63.869565217391305,14167.676877177599,23
Amazon_J4PVCSR,20,40.875,9066.97563463983,24
Amazon_J4PVCSR,21,36.5,8351.045026419491,24
Amazon_J4PVCSR,22,36.375,8446.428525988702,24
Amazon_J4PVCSR,23,33.86363636363637,7849.273512912173,22
Amazon_J4PVCSR,24,41.26086956521739,9966.753335254238,23
Amazon_J4PVCSR,25,45.583333333333336,10111.387733396894,24
Amazon_J4PVCSR,26,40.666666666666664,9020.762718403956,24
Amazon_J4PVCSR,27,32.63636363636363,7239.464575616334,22
Amazon_J4PVCSR,28,31.0,6876.483065223422,22
Amazon_J4PVCSR,29,29.38095238095238,6517.342626820016,21
Amazon_J4PVCSR,30,36.31818181818182,8056.172945708784,22
Amazon_J4PVCSR,31,42.5,9427.43646181598,14
Amazon_J4PVSSR,1,22.105263157894736,4903.434447475469,19
Amazon_J4PVSSR,2,26.61904761904762,5904.6912968523,21
Amazon_J4PVSSR,3,33.333333333333336,7394.06779755179,18
Amazon_J4PVSSR,4,40.875,9066.975637076272,16
Amazon_J4PVSSR,5,41.1578947368421,9129.727924442463,19
Amazon_J4PVSSR,6,37.25,8262.870772144068,20
Amazon_J4PVSSR,7,38.25,8484.692804652543,20
Amazon_J4PVSSR,8,41.55,9216.70551290678,20
Amazon_J4PVSSR,9,47.35,10503.273310127119,20
Amazon_J4PVSSR,10,83.33333333333333,18485.169491271186,18
Amazon_J4PVSSR,11,57.421052631578945,12737.254691935772,19
Amazon_J4PVSSR,12,77.0,17080.296611758477,16
Amazon_J4PVSSR,13,46.68421052631579,10355.586541980374,19
Amazon_J4PVSSR,14,34.2,7586.313562025423,20
Amazon_J4PVSSR,15,30.6,6787.754238059322,20
Amazon_J4PVSSR,16,29.842105263157894,6619.636491123997,19
Amazon_J4PVSSR,17,29.77777777777778,6605.367232467044,18
Amazon_J4PVSSR,18,30.444444444444443,6753.248599745763,18
Amazon_J4PVSSR,19,45.611111111111114,10117.54943740113,18
Amazon_J4PVSSR,20,46.529411764705884,10321.248759581256,17
Amazon_J4PVSSR,21,46.125,10438.667647775424,16
Amazon_J4PVSSR,22,44.294117647058826,10109.604436291127,17
Amazon_J4PVSSR,23,36.8125,8377.940942934323,16
Amazon_J4PVSSR,24,39.5,9119.10382755179,18
Amazon_J4PVSSR,25,37.21052631578947,8254.114583273862,19
Amazon_J4PVSSR,26,36.55555555555556,8108.827693700566,18
Amazon_J4PVSSR,27,30.705882352941178,6811.24128554337,17
Amazon_J4PVSSR,28,26.333333333333332,5841.313566506591,18
Amazon_J4PVSSR,29,22.833333333333332,5064.936444124294,18
Amazon_J4PVSSR,30,23.5,5212.817807192797,16
Amazon_J4PVSSR,31,23.5,5212.817805932204,10
Amazon_J4PVWSR,1,583.5416666666666,131207.49346963278,24
Amazon_J4PVWSR,2,752.0,169442.79634711865,25
Amazon_J4PVWSR,3,615.64,138087.94133152542,25
Amazon_J4PVWSR,4,677.24,152564.4655738305,25
Amazon_J4PVWSR,5,644.76,145226.21219254236,25
Amazon_J4PVWSR,6,627.24,141801.3316440678,25
Amazon_J4PVWSR,7,578.6,130137.33123118644,25
Amazon_J4PVWSR,8,542.04,121785.99131050847,25
Amazon_J4PVWSR,9,528.72,118933.01760677967,25
Amazon_J4PVWSR,10,673.48,150381.6868162712,25
Amazon_J4PVWSR,11,545.12,121930.22033084747,25
Amazon_J4PVWSR,12,488.64,109958.49136271188,25
Amazon_J4PVWSR,13,402.44,90725.56698305086,25
Amazon_J4PVWSR,14,387.2,87280.16962169492,25
Amazon_J4PVWSR,15,498.64,112008.9143959322,25
Amazon_J4PVWSR,16,465.6,104657.0342901695,25
Amazon_J4PVWSR,17,457.32,103162.29633898305,25
Amazon_J4PVWSR,18,527.96,119960.61895979661,25
Amazon_J4PVWSR,19,509.36,116788.118512339,25
Amazon_J4PVWSR,20,497.4,112605.88941105087,25
Amazon_J4PVWSR,21,429.12,97454.79713627118,25
Amazon_J4PVWSR,22,420.68,94847.87380881356,25
Amazon_J4PVWSR,23,331.375,75103.20455084745,24
Amazon_J4PVWSR,24,323.9583333333333,73321.63672245764,24
Amazon_J4PVWSR,25,372.375,83800.66202853108,24
Amazon_J4PVWSR,26,326.5,73228.65488029661,24
Amazon_J4PVWSR,27,401.6,89973.55908305086,25
Amazon_J4PVWSR,28,500.36,112451.46584630507,25
Amazon_J4PVWSR,29,472.5416666666667,106528.31081744352,24
Amazon_J4PVWSR,30,437.2608695652174,98518.13712896095,23
Amazon_J4PVWSR,31,311.53333333333336,70323.17797966102,15
Amazon_JBKRUSL,1,6.0,1398.6789742771684,17
Amazon_JBKRUSL,2,5.421052631578948,1259.4781465655665,19
Amazon_JBKRUSL,3,5.315789473684211,1235.0579768064229,19
Amazon_JBKRUSL,4,4.647058823529412,1084.9950143569292,17
Amazon_JBKRUSL,5,5.9375,1379.6345373940678,16
Amazon_JBKRUSL,6,5.0,1162.013948654038,17
Amazon_JBKRUSL,7,4.0,933.9481592223331,17
Amazon_JBKRUSL,8,3.6875,855.2701382415255,16
Amazon_JBKRUSL,9,4.0588235294117645,941.4257225324028,17
Amazon_JBKRUSL,10,4.294117647058823,994.1425719840479,17
Amazon_JBKRUSL,11,5.0,1160.7521256355933,16
Amazon_JBKRUSL,12,3.5,815.783906440678,20
Amazon_JBKRUSL,13,4.529411764705882,1055.8325075772682,17
Amazon_JBKRUSL,14,4.388888888888889,1021.1864367231639,18
Amazon_JBKRUSL,15,4.647058823529412,1083.1256229312064,17
Amazon_JBKRUSL,16,5.2105263157894735,1211.3068708296166,19
Amazon_JBKRUSL,17,6.0,1397.9705512934881,19
Amazon_JBKRUSL,18,6.117647058823529,1430.8325125623132,17
Amazon_JBKRUSL,19,4.705882352941177,1097.7068918245263,17
Amazon_JBKRUSL,20,3.8947368421052633,908.2292567350581,19
Amazon_JBKRUSL,21,5.0,1165.4055727602906,14
Amazon_JBKRUSL,22,3.588235294117647,837.8614277168494,17
Amazon_JBKRUSL,23,3.3529411764705883,782.5274188434696,17
Amazon_JBKRUSL,24,4.285714285714286,996.5193740920097,14
Amazon_JBKRUSL,25,5.642857142857143,1311.1380123486686,14
Amazon_JBKRUSL,26,4.0,924.7881367584746,16
Amazon_JBKRUSL,27,4.823529411764706,1119.7657138584248,17
Amazon_JBKRUSL,28,4.705882352941177,1095.0897402791625,17
Amazon_JBKRUSL,29,6.357142857142857,1472.7602984261503,14
Amazon_JBKRUSL,30,6.533333333333333,1521.6101715254238,15
Amazon_JBKRUSL,31,4.333333333333333,1009.8870058380414,9
Amazon_JBKSPSL,1,64.04166666666667,14916.313593644069,24
Amazon_JBKSPSL,2,73.04,16969.067854372883,25
Amazon_JBKSPSL,3,84.92,19728.30510861017,25
Amazon_JBKSPSL,4,74.04,17215.42387538983,25
Amazon_JBKSPSL,5,70.88,16483.474662101697,25
Amazon_JBKSPSL,6,79.16,18422.54246101695,25
Amazon_JBKSPSL,7,77.2,17981.440740474576,25
Amazon_JBKSPSL,8,67.68,15758.135662101697,25
Amazon_JBKSPSL,9,59.68,13914.661064813561,25
Amazon_JBKSPSL,10,64.12,14937.203437288135,25
Amazon_JBKSPSL,11,56.72,13248.559370847459,25
Amazon_JBKSPSL,12,58.52,13659.406719457627,25
Amazon_JBKSPSL,13,59.08,13792.627042847458,25
Amazon_JBKSPSL,14,59.68,13926.355854372883,25
Amazon_JBKSPSL,15,55.84,13030.677952474576,25
Amazon_JBKSPSL,16,62.2,14494.830586440678,25
Amazon_JBKSPSL,17,59.6,13890.254307525423,25
Amazon_JBKSPSL,18,54.32,12645.76276101695,25
Amazon_JBKSPSL,19,54.48,12696.864391525425,25
Amazon_JBKSPSL,20,52.52,12244.830573288136,25
Amazon_JBKSPSL,21,55.36,12925.881456338984,25
Amazon_JBKSPSL,22,57.12,13347.193215254238,25
Amazon_JBKSPSL,23,54.458333333333336,12786.599508474575,24
Amazon_JBKSPSL,24,51.375,12073.538070338984,24
Amazon_JBKSPSL,25,49.125,11441.472430790962,24
Amazon_JBKSPSL,26,54.21739130434783,12588.890775976419,23
Amazon_JBKSPSL,27,58.76,13667.033848542373,25
Amazon_JBKSPSL,28,59.52,13874.9999,25
Amazon_JBKSPSL,29,56.166666666666664,13080.243393855933,24
Amazon_JBKSPSL,30,60.65217391304348,14124.262842225498,23
Amazon_JBKSPSL,31,53.6,12472.033908474577,15
Amazon_JBPCBSL,1,19.428571428571427,4445.520605569008,21
Amazon_JBPCBSL,2,16.73913043478261,3830.1399583271927,23
Amazon_JBPCBSL,3,20.5,4690.677964098613,22
Amazon_JBPCBSL,4,20.90909090909091,4784.283519029276,22
Amazon_JBPCBSL,5,17.217391304347824,3939.572581061165,23
Amazon_JBPCBSL,6,18.90909090909091,4326.656365947612,22
Amazon_JBPCBSL,7,15.428571428571429,3530.2663381759485,21
Amazon_JBPCBSL,8,19.454545454545453,4451.4638048921415,22
Amazon_JBPCBSL,9,18.454545454545453,4222.65017211094,22
Amazon_JBPCBSL,10,18.956521739130434,4337.509252947679,23
Amazon_JBPCBSL,11,16.695652173913043,3820.1915531319087,23
Amazon_JBPCBSL,12,18.0,4118.644027080124,22
Amazon_JBPCBSL,13,16.304347826086957,3730.65584156227,23
Amazon_JBPCBSL,14,17.26086956521739,3949.5210212969787,23
Amazon_JBPCBSL,15,18.08695652173913,4138.540875534267,23
Amazon_JBPCBSL,16,15.863636363636363,3629.815081009245,22
Amazon_JBPCBSL,17,17.391304347826086,3979.3662261606487,23
Amazon_JBPCBSL,18,17.428571428571427,3987.8934358353513,21
Amazon_JBPCBSL,19,17.47826086956522,3999.2631018422994,23
Amazon_JBPCBSL,20,17.47826086956522,3999.263031134856,23
Amazon_JBPCBSL,21,18.136363636363637,4157.334366101695,22
Amazon_JBPCBSL,22,16.391304347826086,3755.92483725129,23
Amazon_JBPCBSL,23,14.681818181818182,3363.143277734977,22
Amazon_JBPCBSL,24,13.863636363636363,3185.2927347842838,22
Amazon_JBPCBSL,25,16.75,3832.6271343220337,20
Amazon_JBPCBSL,26,14.35,3283.4746059322033,20
Amazon_JBPCBSL,27,17.045454545454547,3900.231074075501,22
Amazon_JBPCBSL,28,16.954545454545453,3879.429875577812,22
Amazon_JBPCBSL,29,17.19047619047619,3933.4141033898304,21
Amazon_JBPCBSL,30,19.15,4381.779602796611,20
Amazon_JBPCBSL,31,16.666666666666668,3813.559330367232,12
Amazon_JBPEVSR,1,46.0,6870.762684887006,24
Amazon_JBPEVSR,2,50.36,7521.991511050848,25
Amazon_JBPEVSR,3,44.96,6715.423765355933,25
Amazon_JBPEVSR,4,50.36,7521.991554888136,25
Amazon_JBPEVSR,5,47.88,7151.567775993221,25
Amazon_JBPEVSR,6,44.6,6661.652536881356,25
Amazon_JBPEVSR,7,43.32,6470.466076454238,25
Amazon_JBPEVSR,8,47.8,7139.618640528814,25
Amazon_JBPEVSR,9,42.333333333333336,6323.093224223165,24
Amazon_JBPEVSR,10,42.96,6416.69492080678,25
Amazon_JBPEVSR,11,42.0,6273.305061823729,25
Amazon_JBPEVSR,12,41.24,6159.788132061018,25
Amazon_JBPEVSR,13,42.24,6309.152529600001,25
Amazon_JBPEVSR,14,41.04,6129.915256528813,25
Amazon_JBPEVSR,15,45.041666666666664,6727.621813629944,24
Amazon_JBPEVSR,16,41.32,6171.737293891526,25
Amazon_JBPEVSR,17,40.08,5986.525415315255,25
Amazon_JBPEVSR,18,40.88,6106.016935722034,25
Amazon_JBPEVSR,19,41.625,6217.293447740114,24
Amazon_JBPEVSR,20,41.16,6147.838942908475,25
Amazon_JBPEVSR,21,42.166666666666664,6325.084698446328,24
Amazon_JBPEVSR,22,46.041666666666664,6913.953877401131,24
Amazon_JBPEVSR,23,38.541666666666664,5797.081550981638,24
Amazon_JBPEVSR,24,37.666666666666664,5656.305606701978,24
Amazon_JBPEVSR,25,38.916666666666664,5812.764803502825,24
Amazon_JBPEVSR,26,36.69565217391305,5481.024335224761,23
Amazon_JBPEVSR,27,46.041666666666664,6876.986235028249,24
Amazon_JBPEVSR,28,44.8,6691.525403857627,25
Amazon_JBPEVSR,29,43.52173913043478,6500.598750331614,23
Amazon_JBPEVSR,30,43.31818181818182,6470.194529583975,22
Amazon_JBPEVSR,31,44.0,6572.033887288136,14
Amazon_JBPNOSL,1,63.85,15503.072011322034,20
Amazon_JBPNOSL,2,55.08695652173913,13368.598041002211,23
Amazon_JBPNOSL,3,66.72727272727273,16201.560135832051,22
Amazon_JBPNOSL,4,67.0909090909091,16284.331638089368,22
Amazon_JBPNOSL,5,59.958333333333336,14576.933376631356,24
Amazon_JBPNOSL,6,57.73913043478261,13995.76274192336,23
Amazon_JBPNOSL,7,57.391304347826086,13962.186621274872,23
Amazon_JBPNOSL,8,60.869565217391305,14781.687355490052,23
Amazon_JBPNOSL,9,58.291666666666664,14154.660982189265,24
Amazon_JBPNOSL,10,69.82608695652173,16969.510116661753,23
Amazon_JBPNOSL,11,69.04761904761905,16779.206955609363,21
Amazon_JBPNOSL,12,67.13636363636364,16335.90145127889,22
Amazon_JBPNOSL,13,61.857142857142854,15088.529246408396,21
Amazon_JBPNOSL,14,48.91304347826087,11909.082590994843,23
Amazon_JBPNOSL,15,44.81818181818182,10878.177887488444,22
Amazon_JBPNOSL,16,43.916666666666664,10695.842228834746,24
Amazon_JBPNOSL,17,54.52173913043478,13279.476679587324,23
Amazon_JBPNOSL,18,60.34782608695652,14710.80487751658,23
Amazon_JBPNOSL,19,71.13636363636364,17398.49777303544,22
Amazon_JBPNOSL,20,62.36363636363637,15199.63406386749,22
Amazon_JBPNOSL,21,56.27272727272727,13793.384011171032,22
Amazon_JBPNOSL,22,54.43478260869565,13291.083323736184,23
Amazon_JBPNOSL,23,61.476190476190474,15074.455234059726,21
Amazon_JBPNOSL,24,52.04347826086956,12751.174411554903,23
Amazon_JBPNOSL,25,48.142857142857146,11699.45521315577,21
Amazon_JBPNOSL,26,47.95238095238095,11641.797654237287,21
Amazon_JBPNOSL,27,48.26086956521739,11704.310965298453,23
Amazon_JBPNOSL,28,50.0,12118.884863289677,22
Amazon_JBPNOSL,29,48.130434782608695,11678.196338916729,23
Amazon_JBPNOSL,30,54.35,13161.069945033898,20
Amazon_JBPNOSL,31,47.76923076923077,11573.419175280314,13
Amazon_JBPSMSL,1,6.277777777777778,1436.440668549906,18
Amazon_JBPSMSL,2,6.285714285714286,1438.256649959645,21
Amazon_JBPSMSL,3,6.818181818181818,1560.0924313174112,22
Amazon_JBPSMSL,4,4.9523809523809526,1133.1718999596449,21
Amazon_JBPSMSL,5,6.55,1498.7288044491527,20
Amazon_JBPSMSL,6,3.85,880.9321940677967,20
Amazon_JBPSMSL,7,3.8181818181818183,873.6517664869029,22
Amazon_JBPSMSL,8,4.947368421052632,1132.024966101695,19
Amazon_JBPSMSL,9,4.9523809523809526,1133.171914850686,21
Amazon_JBPSMSL,10,6.684210526315789,1529.4380231489743,19
Amazon_JBPSMSL,11,5.470588235294118,1251.7447667497509,17
Amazon_JBPSMSL,12,5.875,1344.2796444915255,16
Amazon_JBPSMSL,13,4.833333333333333,1105.9321939265537,18
Amazon_JBPSMSL,14,5.125,1172.6694904131357,16
Amazon_JBPSMSL,15,4.333333333333333,991.5254260357817,18
Amazon_JBPSMSL,16,4.444444444444445,1016.9491401129944,18
Amazon_JBPSMSL,17,5.277777777777778,1207.6271107344633,18
Amazon_JBPSMSL,18,5.35,1224.1525402542372,20
Amazon_JBPSMSL,19,4.7368421052631575,1083.8536908117753,19
Amazon_JBPSMSL,20,5.368421052631579,1228.3675274754685,19
Amazon_JBPSMSL,21,5.388888888888889,1244.4915343691148,18
Amazon_JBPSMSL,22,4.894736842105263,1141.6592252007135,19
Amazon_JBPSMSL,23,6.2631578947368425,1446.1016920606603,19
Amazon_JBPSMSL,24,5.055555555555555,1163.6440525894538,18
Amazon_JBPSMSL,25,5.45,1247.0339062288135,20
Amazon_JBPSMSL,26,4.65,1063.9830442372881,20
Amazon_JBPSMSL,27,5.2727272727272725,1206.471493990755,22
Amazon_JBPSMSL,28,5.25,1201.2711790677968,20
Amazon_JBPSMSL,29,6.888888888888889,1576.2711777306968,18
Amazon_JBPSMSL,30,6.375,1458.6864206567798,16
Amazon_JBPSMSL,31,4.384615384615385,1003.2594575619296,13
Amazon_JBPSTSR,1,2.3846153846153846,507.2033908735333,13
Amazon_JBPSTSR,2,3.0,649.3038755811139,14
Amazon_JBPSTSR,3,4.0,863.0447960653754,14
Amazon_JBPSTSR,4,3.7333333333333334,794.1949182146893,15
Amazon_JBPSTSR,5,2.5454545454545454,544.0677985053931,11
Amazon_JBPSTSR,6,2.4615384615384617,519.915255488918,13
Amazon_JBPSTSR,7,4.4,947.7330522033899,10
Amazon_JBPSTSR,8,3.7857142857142856,803.3898336803875,14
Amazon_JBPSTSR,9,2.5,540.4131362711865,12
Amazon_JBPSTSR,10,2.6923076923076925,558.0508493350718,13
Amazon_JBPSTSR,11,3.909090909090909,856.8374427118645,11
Amazon_JBPSTSR,12,3.6923076923076925,788.575620756193,13
Amazon_JBPSTSR,13,2.3333333333333335,498.7288152966102,12
Amazon_JBPSTSR,14,3.25,697.3516968785311,12
Amazon_JBPSTSR,15,2.25,499.0995762711865,8
Amazon_JBPSTSR,16,2.769230769230769,592.5195585267276,13
Amazon_JBPSTSR,17,2.8333333333333335,609.6398322457627,12
Amazon_JBPSTSR,18,3.3333333333333335,725.2648311864408,12
Amazon_JBPSTSR,19,3.3333333333333335,720.5508491949154,12
Amazon_JBPSTSR,20,2.3636363636363638,519.1640988597843,11
Amazon_JBPSTSR,21,2.6153846153846154,582.452738565841,13
Amazon_JBPSTSR,22,3.4615384615384617,770.1483057105607,13
Amazon_JBPSTSR,23,2.272727272727273,511.4006163328198,11
Amazon_JBPSTSR,24,3.1818181818181817,688.8570897226502,11
Amazon_JBPSTSR,25,2.888888888888889,640.8192092843692,9
Amazon_JBPSTSR,26,3.5,771.6631363276838,12
Amazon_JBPSTSR,27,4.384615384615385,963.9015654237289,13
Amazon_JBPSTSR,28,2.857142857142857,609.5339039467314,14
Amazon_JBPSTSR,29,3.3076923076923075,725.0162981486311,13
Amazon_JBPSTSR,30,2.4444444444444446,529.6610177966102,9
Amazon_JBPSTSR,31,2.5,526.2711894632769,6
Amazon_JBPVYSL,1,124.29166666666667,29399.232122175144,24
Amazon_JBPVYSL,2,136.08,32071.525632542372,25
Amazon_JBPVYSL,3,149.36,34983.940573559325,25
Amazon_JBPVYSL,4,146.24,34105.42408474576,25
Amazon_JBPVYSL,5,155.92,36343.85560271187,25
Amazon_JBPVYSL,6,136.16,31904.36403186441,25
Amazon_JBPVYSL,7,134.6,31546.143785084747,25
Amazon_JBPVYSL,8,155.2,36266.94902576271,25
Amazon_JBPVYSL,9,141.32,33397.62727864407,25
Amazon_JBPVYSL,10,120.24,28416.991783728812,25
Amazon_JBPVYSL,11,132.88,31408.09299661017,25
Amazon_JBPVYSL,12,98.52,23296.398339661017,25
Amazon_JBPVYSL,13,92.8,21909.91527457627,25
Amazon_JBPVYSL,14,89.88,21387.076151864407,25
Amazon_JBPVYSL,15,86.92,20650.550861694916,25
Amazon_JBPVYSL,16,93.76,22330.169871864407,25
Amazon_JBPVYSL,17,110.68,26329.576522305088,25
Amazon_JBPVYSL,18,106.48,25464.53393179661,25
Amazon_JBPVYSL,19,108.56,26022.71198779661,25
Amazon_JBPVYSL,20,100.04,23974.06773423729,25
Amazon_JBPVYSL,21,99.44,23865.063719322035,25
Amazon_JBPVYSL,22,99.56,23908.982994576272,25
Amazon_JBPVYSL,23,106.375,25616.127985875704,24
Amazon_JBPVYSL,24,94.5,22800.51639194915,24
Amazon_JBPVYSL,25,89.04166666666667,21306.276466101695,24
Amazon_JBPVYSL,26,86.20833333333333,20623.940587923727,24
Amazon_JBPVYSL,27,99.64,23767.627190983054,25
Amazon_JBPVYSL,28,93.08,22244.237128135595,25
Amazon_JBPVYSL,29,96.16666666666667,22858.315444915253,24
Amazon_JBPVYSL,30,95.43478260869566,22615.926848931467,23
Amazon_JBPVYSL,31,97.53333333333333,23146.82194237288,15
Amazon_JBPVYSLE,3,1.0,743.64404,1
Amazon_JBPVYSLE,5,2.0,1487.2881,1
Amazon_JBPVYSLE,6,1.0,743.64404,1
Amazon_JBPVYSLE,7,5.0,3718.2205,1
Amazon_JBPVYSLE,8,1.0,743.64404,1
Amazon_JBPVYSLE,9,1.0,743.64404,1
Amazon_JBPVYSLE,10,1.0,743.64404,1
Amazon_JBPVYSLE,11,1.0,743.64404,1
Amazon_JBPVYSLE,15,1.0,743.64404,1
Amazon_JBPVYSLE,18,1.0,743.64404,1
Amazon_JBPVYSLE,22,1.0,743.64404,1
Amazon_JBPVYSLE,27,0.0,0.0,1
Amazon_JEPAS21,1,52.8421052631579,49937.42166735058,19
Amazon_JEPAS21,2,57.166666666666664,54017.33885781545,18
Amazon_JEPAS21,3,61.0,57770.105276717215,19
Amazon_JEPAS21,4,58.666666666666664,55637.651397578695,21
Amazon_JEPAS21,5,62.9,59505.57297084746,20
Amazon_JEPAS21,6,64.78947368421052,61283.53045405888,19
Amazon_JEPAS21,7,57.095238095238095,54043.614701856335,21
Amazon_JEPAS21,8,60.95238095238095,57745.76286602099,21
Amazon_JEPAS21,9,53.80952380952381,50861.682997255855,21
Amazon_JEPAS21,10,59.05555555555556,55922.917025047085,18
Amazon_JEPAS21,11,54.05263157894737,51090.75557145406,19
Amazon_JEPAS21,12,52.7,49793.835071440684,20
Amazon_JEPAS21,13,48.95,46360.8364620339,20
Amazon_JEPAS21,14,42.04761904761905,39788.650504439065,21
Amazon_JEPAS21,15,48.95,46249.607835,20
Amazon_JEPAS21,16,50.65,47449.799235,20
Amazon_JEPAS21,17,45.473684210526315,42783.31789054416,19
Amazon_JEPAS21,18,43.85,41358.78253305085,20
Amazon_JEPAS21,19,48.55,45639.693692627116,20
Amazon_JEPAS21,20,42.7,40174.131709322035,20
Amazon_JEPAS21,21,39.85,37598.6122561017,20
Amazon_JEPAS21,22,34.04761904761905,32133.323482889427,21
Amazon_JEPAS21,23,34.3,32301.292557881352,20
Amazon_JEPAS21,24,36.0,33810.74936146298,19
Amazon_JEPAS21,25,35.68421052631579,33513.22463835861,19
Amazon_JEPAS21,26,32.6,30653.008287118642,20
Amazon_JEPAS21,27,41.523809523809526,39083.77757901534,21
Amazon_JEPAS21,28,52.89473684210526,49736.67469366638,19
Amazon_JEPAS21,29,50.27777777777778,47192.62036252354,18
Amazon_JEPAS21,30,49.0,46112.923316440676,20
Amazon_JEPAS21,31,40.583333333333336,38062.12887161018,12
Amazon_JEPCQS1,1,26.25,8836.038037146891,24
Amazon_JEPCQS1,2,29.083333333333332,9973.81352740113,24
Amazon_JEPCQS1,3,29.6,10018.972887322034,25
Amazon_JEPCQS1,4,27.8,9331.164342867796,25
Amazon_JEPCQS1,5,24.5,8340.93221822034,24
Amazon_JEPCQS1,6,30.47826086956522,10301.600824981577,23
Amazon_JEPCQS1,7,28.458333333333332,9834.27431299435,24
Amazon_JEPCQS1,8,25.291666666666668,8786.08592118644,24
Amazon_JEPCQS1,9,27.2,9516.24413518644,25
Amazon_JEPCQS1,10,26.56,9314.36955416949,25
Amazon_JEPCQS1,11,24.76,8527.550733762711,25
Amazon_JEPCQS1,12,25.4,8749.235594101694,25
Amazon_JEPCQS1,13,23.16,8078.110242305085,25
Amazon_JEPCQS1,14,27.76,9577.911888135593,25
Amazon_JEPCQS1,15,26.28,9186.391681966103,25
Amazon_JEPCQS1,16,27.24,9521.537261491525,25
Amazon_JEPCQS1,17,26.84,9530.710225762712,25
Amazon_JEPCQS1,18,28.64,10321.342365559321,25
Amazon_JEPCQS1,19,23.4,8455.886386169492,25
Amazon_JEPCQS1,20,23.625,8421.04341059322,24
Amazon_JEPCQS1,21,24.956521739130434,8755.685699705233,23
Amazon_JEPCQS1,22,23.16,8239.580289355932,25
Amazon_JEPCQS1,23,23.791666666666668,8693.91102690678,24
Amazon_JEPCQS1,24,25.708333333333332,9853.109114265537,24
Amazon_JEPCQS1,25,19.833333333333332,6919.798779166667,24
Amazon_JEPCQS1,26,21.25,7182.415237076271,24
Amazon_JEPCQS1,27,25.25,8451.18641108757,24
Amazon_JEPCQS1,28,23.76,7897.555887254237,25
Amazon_JEPCQS1,29,24.041666666666668,8098.056158898305,24
Amazon_JEPCQS1,30,24.181818181818183,8331.367492912172,22
Amazon_JEPCQS1,31,20.4,7374.745737175142,15
Amazon_JEPDSS1W,1,12.0,6094.068,1
Amazon_JEPDSS1W,2,9.0,4570.551,2
Amazon_JEPDSS1W,3,14.0,7109.7456,1
Amazon_JEPDSS1W,4,8.5,4316.6315,2
Amazon_JEPDSS1W,5,5.5,2793.1145,2
Amazon_JEPDSS1W,6,17.0,8633.263,1
Amazon_JEPDSS1W,7,11.0,5586.2285,2
Amazon_JEPDSS1W,8,5.5,2793.1143,2
Amazon_JEPDSS1W,9,16.5,8379.3435,2
Amazon_JEPDSS1W,10,13.5,6855.8264,2
Amazon_JEPDSS1W,11,16.0,8125.4235,2
Amazon_JEPDSS1W,12,6.0,3047.034,2
Amazon_JEPDSS1W,13,8.0,4062.7119000000002,2
Amazon_JEPDSS1W,14,9.5,4824.4704,2
Amazon_JEPDSS1W,15,13.0,6601.907000000001,2
Amazon_JEPDSS1W,16,7.5,3808.7922000000003,2
Amazon_JEPDSS1W,17,6.5,3300.9535,2
Amazon_JEPDSS1W,18,4.5,2285.2755,2
Amazon_JEPDSS1W,19,2.5,1269.5975,2
Amazon_JEPDSS1W,20,4.0,2031.3559,2
Amazon_JEPDSS1W,21,2.0,1015.678,2
Amazon_JEPDSS1W,22,5.0,2539.1948,1
Amazon_JEPDSS1W,23,5.5,2793.1145,2
Amazon_JEPDSS1W,24,4.5,2285.2755,2
Amazon_JEPDSS1W,25,10.0,5078.3896,1
Amazon_JEPDSS1W,26,6.0,3047.034,2
Amazon_JEPDSS1W,27,7.0,3554.8728,1
Amazon_JEPDSS1W,28,10.0,5078.3896,1
Amazon_JEPDSS1W,29,6.0,3047.034,2
Amazon_JEPDSS1W,30,11.0,5586.229,1
Amazon_JEPDSS1W,31,19.0,9648.94,1
Amazon_JEPDSS1WG,1,3.0,1523.517,1
Amazon_JEPDSS1WG,2,3.5,1777.4364,2
Amazon_JEPDSS1WG,3,2.5,1269.5975,2
Amazon_JEPDSS1WG,4,2.0,1015.678,2
Amazon_JEPDSS1WG,5,1.0,507.839,1
Amazon_JEPDSS1WG,6,2.0,1015.678,2
Amazon_JEPDSS1WG,7,2.0,1015.678,2
Amazon_JEPDSS1WG,8,1.5,761.7585,2
Amazon_JEPDSS1WG,9,1.5,761.7585,2
Amazon_JEPDSS1WG,11,1.0,507.839,1
Amazon_JEPDSS1WG,12,3.0,1523.517,1
Amazon_JEPDSS1WG,14,3.0,1523.517,2
Amazon_JEPDSS1WG,15,1.3333333333333333,677.1186666666666,3
Amazon_JEPDSS1WG,16,1.0,507.839,3
Amazon_JEPDSS1WG,17,2.0,1015.678,2
Amazon_JEPDSS1WG,18,1.6666666666666667,846.3983333333332,3
Amazon_JEPDSS1WG,19,2.6666666666666665,1354.2373333333333,3
Amazon_JEPDSS1WG,20,1.3333333333333333,677.1186666666666,3
Amazon_JEPDSS1WG,21,2.3333333333333335,1184.9576,3
Amazon_JEPDSS1WG,22,2.0,1015.678,1
Amazon_JEPDSS1WG,23,2.0,1015.678,3
Amazon_JEPDSS1WG,24,2.3333333333333335,1184.9576666666667,3
Amazon_JEPDSS1WG,25,1.0,507.839,3
Amazon_JEPDSS1WG,26,1.3333333333333333,677.1186666666666,3
Amazon_JEPDSS1WG,27,3.0,1523.517,2
Amazon_JEPDSS1WG,28,2.5,1269.5975,2
Amazon_JEPDSS1WG,29,1.3333333333333333,677.1186666666666,3
Amazon_JEPDSS1WG,30,2.0,1015.678,3
Amazon_JEPDSS1WG,31,2.5,1269.5975,2
Amazon_JEPDSS1WP,1,3.5,1777.4364,2
Amazon_JEPDSS1WP,2,4.5,2285.2754,2
Amazon_JEPDSS1WP,3,3.5,1777.4364,2
Amazon_JEPDSS1WP,4,4.5,2285.2754,2
Amazon_JEPDSS1WP,5,6.0,3047.0338,2
Amazon_JEPDSS1WP,6,3.5,1777.4365,2
Amazon_JEPDSS1WP,7,10.0,5078.3896,1
Amazon_JEPDSS1WP,8,7.0,3554.8728499999997,2
Amazon_JEPDSS1WP,9,7.0,3554.873,2
Amazon_JEPDSS1WP,10,4.0,2031.356,2
Amazon_JEPDSS1WP,11,6.0,3047.034,2
Amazon_JEPDSS1WP,12,2.0,1015.678,2
Amazon_JEPDSS1WP,13,4.0,2031.356,2
Amazon_JEPDSS1WP,14,5.0,2539.195,2
Amazon_JEPDSS1WP,15,3.0,1523.5169999999998,3
Amazon_JEPDSS1WP,16,3.0,1523.517,3
Amazon_JEPDSS1WP,17,4.0,2031.3559,2
Amazon_JEPDSS1WP,18,3.3333333333333335,1692.7966666666664,3
Amazon_JEPDSS1WP,19,3.0,1523.5169999999998,3
Amazon_JEPDSS1WP,20,6.0,3047.034,1
Amazon_JEPDSS1WP,21,1.0,507.839,3
Amazon_JEPDSS1WP,22,4.0,2031.356,3
Amazon_JEPDSS1WP,23,2.0,1015.678,3
Amazon_JEPDSS1WP,24,3.3333333333333335,1692.7966,3
Amazon_JEPDSS1WP,25,1.6666666666666667,846.3983333333334,3
Amazon_JEPDSS1WP,26,5.0,2539.1949333333337,3
Amazon_JEPDSS1WP,27,2.6666666666666665,1354.2373333333333,3
Amazon_JEPDSS1WP,28,4.5,2285.2754,2
Amazon_JEPDSS1WP,29,1.5,761.7585,2
Amazon_JEPDSS1WP,30,1.3333333333333333,677.1186666666666,3
Amazon_JEPDSS1WP,31,2.5,1269.5975,2
Amazon_JEPDSS1WV,1,1.5,761.7585,2
Amazon_JEPDSS1WV,2,4.0,2031.3559,2
Amazon_JEPDSS1WV,3,2.0,1015.678,2
Amazon_JEPDSS1WV,4,2.5,1269.5975,2
Amazon_JEPDSS1WV,5,1.5,761.7585,2
Amazon_JEPDSS1WV,6,2.0,1015.678,1
Amazon_JEPDSS1WV,7,4.0,2031.356,1
Amazon_JEPDSS1WV,8,3.0,1523.517,1
Amazon_JEPDSS1WV,9,3.5,1777.4365,2
Amazon_JEPDSS1WV,10,1.0,507.839,2
Amazon_JEPDSS1WV,11,1.0,507.839,2
Amazon_JEPDSS1WV,12,6.0,3047.034,1
Amazon_JEPDSS1WV,13,5.0,2539.195,2
Amazon_JEPDSS1WV,14,1.3333333333333333,677.1186666666666,3
Amazon_JEPDSS1WV,15,3.3333333333333335,1692.7966,3
Amazon_JEPDSS1WV,16,2.3333333333333335,1184.9576666666667,3
Amazon_JEPDSS1WV,17,2.6666666666666665,1354.2373333333333,3
Amazon_JEPDSS1WV,18,1.5,761.7585,2
Amazon_JEPDSS1WV,19,3.0,1523.517,3
Amazon_JEPDSS1WV,20,2.3333333333333335,1184.9576666666667,3
Amazon_JEPDSS1WV,21,2.5,1269.5975,2
Amazon_JEPDSS1WV,22,4.0,2031.356,2
Amazon_JEPDSS1WV,23,1.5,761.7585,2
Amazon_JEPDSS1WV,24,2.5,1269.5975,2
Amazon_JEPDSS1WV,25,2.0,1015.678,2
Amazon_JEPDSS1WV,26,1.6666666666666667,846.3983333333334,3
Amazon_JEPDSS1WV,27,2.6666666666666665,1354.2373333333333,3
Amazon_JEPDSS1WV,28,1.6666666666666667,846.3983333333332,3
Amazon_JEPDSS1WV,29,2.0,1015.678,3
Amazon_JEPDSS1WV,30,2.0,1015.678,3
Amazon_JEPDSS1WV,31,3.0,1523.517,1
Amazon_JEPEUS1,1,214.125,72070.29123940678,24
Amazon_JEPEUS1,2,237.4,81445.8660738983,25
Amazon_JEPEUS1,3,243.96,83149.98773491527,25
Amazon_JEPEUS1,4,291.8,99461.12072949152,25
Amazon_JEPEUS1,5,351.96,119300.0084820339,25
Amazon_JEPEUS1,6,338.44,113878.11413559322,25
Amazon_JEPEUS1,7,361.84,121145.25826508476,25
Amazon_JEPEUS1,8,302.52,100959.14803525424,25
Amazon_JEPEUS1,9,281.72,95217.63555525424,25
Amazon_JEPEUS1,10,254.44,88653.15754576272,25
Amazon_JEPEUS1,11,234.16,81555.30514644067,25
Amazon_JEPEUS1,12,360.08,118120.89410508475,25
Amazon_JEPEUS1,13,240.72,81950.26797627118,25
Amazon_JEPEUS1,14,214.8,73798.74911322034,25
Amazon_JEPEUS1,15,213.08,74124.58536610169,25
Amazon_JEPEUS1,16,220.96,77060.27786440677,25
Amazon_JEPEUS1,17,210.04,74288.10987389831,25
Amazon_JEPEUS1,18,221.2,78003.89468135593,25
Amazon_JEPEUS1,19,226.76,79800.85938101696,25
Amazon_JEPEUS1,20,222.0,78172.26124677966,25
Amazon_JEPEUS1,21,212.04,74739.9325681356,25
Amazon_JEPEUS1,22,220.72,76757.58538305086,25
Amazon_JEPEUS1,23,194.29166666666666,68729.4907309322,24
Amazon_JEPEUS1,24,187.83333333333334,65933.38828460452,24
Amazon_JEPEUS1,25,186.33333333333334,65843.98271822034,24
Amazon_JEPEUS1,26,175.66666666666666,62879.40683757062,24
Amazon_JEPEUS1,27,205.28,71220.12172135593,25
Amazon_JEPEUS1,28,223.48,76525.82574237288,25
Amazon_JEPEUS1,29,209.83333333333334,72533.28464689266,24
Amazon_JEPEUS1,30,194.7826086956522,67143.89098725129,23
Amazon_JEPEUS1,31,159.93333333333334,57003.00916237289,15
Amazon_JEPGF4,1,122.76470588235294,66246.12510817547,17
Amazon_JEPGF4,2,149.11764705882354,80466.66384945165,17
Amazon_JEPGF4,3,179.23529411764707,96718.70670787636,17
Amazon_JEPGF4,4,214.7058823529412,115859.29517846461,17
Amazon_JEPGF4,5,194.41176470588235,104908.21223429711,17
Amazon_JEPGF4,6,187.76470588235293,101321.33568494517,17
Amazon_JEPGF4,7,181.44444444444446,97910.80491525424,18
Amazon_JEPGF4,8,163.22222222222223,88077.75446421845,18
Amazon_JEPGF4,9,150.5,81212.60594538605,18
Amazon_JEPGF4,10,150.05555555555554,80972.77500847458,18
Amazon_JEPGF4,11,141.22222222222223,76206.14362806026,18
Amazon_JEPGF4,12,146.66666666666666,79144.06757438794,18
Amazon_JEPGF4,13,133.5,72039.08878907721,18
Amazon_JEPGF4,14,144.22222222222223,77825.00041572505,18
Amazon_JEPGF4,15,142.38888888888889,76835.69905649718,18
Amazon_JEPGF4,16,155.27777777777777,83790.78354425612,18
Amazon_JEPGF4,17,156.61111111111111,84510.2755047081,18
Amazon_JEPGF4,18,147.72222222222223,79713.66465536723,18
Amazon_JEPGF4,19,111.22222222222223,60017.58413559323,18
Amazon_JEPGF4,20,99.94444444444444,53931.88539077213,18
Amazon_JEPGF4,21,104.22222222222223,56240.25404896421,18
Amazon_JEPGF4,22,146.27777777777777,78934.21605932203,18
Amazon_JEPGF4,23,157.11764705882354,84783.61117447657,17
Amazon_JEPGF4,24,163.0,87957.83909072782,17
Amazon_JEPGF4,25,146.23529411764707,78911.29129411765,17
Amazon_JEPGF4,26,128.94117647058823,69579.06280658026,17
Amazon_JEPGF4,27,149.83333333333334,80852.86029990583,18
Amazon_JEPGF4,28,159.72222222222223,86189.08849293785,18
Amazon_JEPGF4,29,157.64705882352942,85069.29223230308,17
Amazon_JEPGF4,30,134.8235294117647,72753.29019511465,17
Amazon_JEPGF4,31,114.36363636363636,61712.75051725732,11
Amazon_JEPGF4W,1,4.0,2158.47465,2
Amazon_JEPGF4W,2,7.5,4047.1400000000003,2
Amazon_JEPGF4W,3,1.5,809.4279750000001,2
Amazon_JEPGF4W,4,8.5,4586.7585,2
Amazon_JEPGF4W,5,4.0,2158.47465,2
Amazon_JEPGF4W,6,3.5,1888.6653000000001,2
Amazon_JEPGF4W,7,2.0,1079.237325,2
Amazon_JEPGF4W,8,3.5,1888.6653000000001,2
Amazon_JEPGF4W,9,5.0,2698.0933,2
Amazon_JEPGF4W,10,3.5,1888.665325,2
Amazon_JEPGF4W,11,5.0,2698.0931499999997,2
Amazon_JEPGF4W,12,2.0,1079.237325,2
Amazon_JEPGF4W,13,2.6666666666666665,1438.9831000000001,3
Amazon_JEPGF4W,14,4.333333333333333,2338.347533333333,3
Amazon_JEPGF4W,15,6.666666666666667,3597.457533333333,3
Amazon_JEPGF4W,16,3.0,1618.8559666666667,3
Amazon_JEPGF4W,17,7.0,3777.330566666666,3
Amazon_JEPGF4W,18,6.333333333333333,3417.584766666667,3
Amazon_JEPGF4W,19,8.666666666666666,4676.695033333333,3
Amazon_JEPGF4W,20,3.6666666666666665,1978.6017333333332,3
Amazon_JEPGF4W,21,2.6666666666666665,1438.9830833333333,3
Amazon_JEPGF4W,22,4.666666666666667,2518.2203,3
Amazon_JEPGF4W,23,2.6666666666666665,1438.9830666666667,3
Amazon_JEPGF4W,24,1.3333333333333333,719.4915333333333,3
Amazon_JEPGF4W,25,2.6666666666666665,1438.9830833333333,3
Amazon_JEPGF4W,26,2.6666666666666665,1438.9831000000001,3
Amazon_JEPGF4W,27,3.0,1618.8559500000001,2
Amazon_JEPGF4W,28,3.3333333333333335,1798.7288666666666,3
Amazon_JEPGF4W,29,2.0,1079.2373166666666,3
Amazon_JEPGF4W,30,2.0,1079.2373166666666,3
Amazon_JEPGF4W,31,1.5,809.4279750000001,2
Amazon_JEPHRS1,1,35.625,12636.636677824858,24
Amazon_JEPHRS1,2,41.92,15274.759261559322,25
Amazon_JEPHRS1,3,44.08,16240.596514915256,25
Amazon_JEPHRS1,4,43.76,15777.549321355931,25
Amazon_JEPHRS1,5,90.2,29581.469554576273,25
Amazon_JEPHRS1,6,62.64,20888.36975715254,25
Amazon_JEPHRS1,7,55.625,18786.29787217514,24
Amazon_JEPHRS1,8,56.6,19466.12004976271,25
Amazon_JEPHRS1,9,48.64,16890.57954935593,25
Amazon_JEPHRS1,10,43.28,15454.667858644067,25
Amazon_JEPHRS1,11,52.875,18179.24288135593,24
Amazon_JEPHRS1,12,63.36,21372.121562305085,25
Amazon_JEPHRS1,13,32.84,12168.51366040678,25
Amazon_JEPHRS1,14,29.76,11152.352550711865,25
Amazon_JEPHRS1,15,31.28,11643.67117057627,25
Amazon_JEPHRS1,16,29.5,11081.440691101694,24
Amazon_JEPHRS1,17,31.8,11909.486475525424,25
Amazon_JEPHRS1,18,33.25,12429.502167725988,24
Amazon_JEPHRS1,19,36.76,13592.171272338983,25
Amazon_JEPHRS1,20,33.12,12715.322055661018,25
Amazon_JEPHRS1,21,30.12,11663.422376677967,25
Amazon_JEPHRS1,22,41.32,14567.704684135593,25
Amazon_JEPHRS1,23,25.5,10232.74947930791,24
Amazon_JEPHRS1,24,26.0,10094.718757132769,24
Amazon_JEPHRS1,25,24.666666666666668,8916.101629237288,24
Amazon_JEPHRS1,26,21.958333333333332,7800.513809110169,24
Amazon_JEPHRS1,27,41.08,14140.754263071185,25
Amazon_JEPHRS1,28,29.2,9905.39997240678,25
Amazon_JEPHRS1,29,30.125,10550.598578319208,24
Amazon_JEPHRS1,30,33.391304347826086,11718.924058290346,23
Amazon_JEPHRS1,31,24.266666666666666,9372.932167231638,15
Amazon_JEPOU1,1,20.90909090909091,13276.38659476117,11
Amazon_JEPOU1,2,24.636363636363637,15643.047070046225,11
Amazon_JEPOU1,3,26.454545454545453,16797.515435285055,11
Amazon_JEPOU1,4,30.727272727272727,19510.516300338986,11
Amazon_JEPOU1,5,27.6,17524.83071033898,10
Amazon_JEPOU1,6,21.583333333333332,13704.502121468926,12
Amazon_JEPOU1,7,21.75,13810.32843920904,12
Amazon_JEPOU1,8,25.666666666666668,16297.246099999998,12
Amazon_JEPOU1,9,18.25,11587.976691949152,12
Amazon_JEPOU1,10,19.5,12381.673793728814,12
Amazon_JEPOU1,11,21.666666666666668,13757.41522884181,12
Amazon_JEPOU1,12,19.272727272727273,12237.36522927581,11
Amazon_JEPOU1,13,23.727272727272727,15065.812596918338,11
Amazon_JEPOU1,14,21.833333333333332,13863.24143765537,12
Amazon_JEPOU1,15,23.272727272727273,14777.195596918336,11
Amazon_JEPOU1,16,19.25,12222.934190960454,12
Amazon_JEPOU1,17,20.363636363636363,12930.046230970725,11
Amazon_JEPOU1,18,22.25,14127.807275508474,12
Amazon_JEPOU1,19,19.25,12222.934188728812,12
Amazon_JEPOU1,20,23.0,14604.02538936826,11
Amazon_JEPOU1,21,23.272727272727273,14777.19580770416,11
Amazon_JEPOU1,22,23.666666666666668,15027.330571327684,12
Amazon_JEPOU1,23,21.09090909090909,13391.833527365177,11
Amazon_JEPOU1,24,20.727272727272727,13160.939893374423,11
Amazon_JEPOU1,25,23.545454545454547,14950.36570440678,11
Amazon_JEPOU1,26,19.363636363636363,12295.088604345148,11
Amazon_JEPOU1,27,24.454545454545453,15527.600214791986,11
Amazon_JEPOU1,28,25.272727272727273,16047.110862958398,11
Amazon_JEPOU1,29,26.1,16572.393955627118,10
Amazon_JEPOU1,30,19.636363636363637,12468.258767981511,11
Amazon_JEPOU1,31,15.428571428571429,9796.489180532688,7
Amazon_JEPVYSS,1,57.583333333333336,14729.025438347458,24
Amazon_JEPVYSS,2,57.0,14596.398576949152,25
Amazon_JEPVYSS,3,70.95833333333333,18165.96918170904,24
Amazon_JEPVYSS,4,65.24,16684.805196338984,25
Amazon_JEPVYSS,5,76.88,19639.270997152544,25
Amazon_JEPVYSS,6,67.70833333333333,17259.66644526836,24
Amazon_JEPVYSS,7,61.833333333333336,15765.78382980226,24
Amazon_JEPVYSS,8,67.91304347826087,17319.58368017686,23
Amazon_JEPVYSS,9,61.208333333333336,15595.365568997177,24
Amazon_JEPVYSS,10,60.666666666666664,15468.591062146894,24
Amazon_JEPVYSS,11,54.16,13827.864302779662,25
Amazon_JEPVYSS,12,52.375,13380.37588707627,24
Amazon_JEPVYSS,13,47.88,12251.771400677966,25
Amazon_JEPVYSS,14,47.833333333333336,12243.167588064971,24
Amazon_JEPVYSS,15,49.791666666666664,12827.19816779661,24
Amazon_JEPVYSS,16,53.666666666666664,13776.800789265537,24
Amazon_JEPVYSS,17,53.25,13647.298875706214,24
Amazon_JEPVYSS,18,49.84,12750.101754305086,25
Amazon_JEPVYSS,19,53.333333333333336,13690.942512288137,24
Amazon_JEPVYSS,20,48.28,12410.41526440678,25
Amazon_JEPVYSS,21,45.88,11857.249227796612,25
Amazon_JEPVYSS,22,78.41666666666667,20053.26076963277,24
Amazon_JEPVYSS,23,47.78260869565217,12259.34788577745,23
Amazon_JEPVYSS,24,53.391304347826086,13683.10450036846,23
Amazon_JEPVYSS,25,43.291666666666664,11096.689567796611,24
Amazon_JEPVYSS,26,40.875,10429.528649081922,24
Amazon_JEPVYSS,27,89.44,22755.864438237288,25
Amazon_JEPVYSS,28,59.708333333333336,15225.556060522598,24
Amazon_JEPVYSS,29,66.36363636363636,16913.713554391372,22
Amazon_JEPVYSS,30,58.608695652173914,15027.690064701548,23
Amazon_JEPVYSS,31,54.46666666666667,13988.686455932204,15
Amazon_JMKSPSR,1,29.956521739130434,4569.638868570376,23
Amazon_JMKSPSR,2,29.28,4466.440716,25
Amazon_JMKSPSR,3,28.916666666666668,4411.016980225989,24
Amazon_JMKSPSR,4,30.4,4637.288142630508,25
Amazon_JMKSPSR,5,30.375,4633.474613206215,24
Amazon_JMKSPSR,6,29.958333333333332,4569.91525670904,24
Amazon_JMKSPSR,7,28.833333333333332,4398.3050919491525,24
Amazon_JMKSPSR,8,30.041666666666668,4582.627145127119,24
Amazon_JMKSPSR,9,28.125,4290.254208827683,24
Amazon_JMKSPSR,10,23.916666666666668,3648.305071009887,24
Amazon_JMKSPSR,11,22.791666666666668,3476.6948942655367,24
Amazon_JMKSPSR,12,23.291666666666668,3552.966147408192,24
Amazon_JMKSPSR,13,23.565217391304348,3594.694153868828,23
Amazon_JMKSPSR,14,21.708333333333332,3311.440690642655,24
Amazon_JMKSPSR,15,24.17391304347826,3687.5460670228445,23
Amazon_JMKSPSR,16,23.958333333333332,3654.6610364406783,24
Amazon_JMKSPSR,17,20.958333333333332,3197.033931567797,24
Amazon_JMKSPSR,18,24.708333333333332,3769.0678234322036,24
Amazon_JMKSPSR,19,22.375,3413.1356213700565,24
Amazon_JMKSPSR,20,23.956521739130434,3654.384683515107,23
Amazon_JMKSPSR,21,22.583333333333332,3444.9152557203392,24
Amazon_JMKSPSR,22,29.0,4423.728844841562,23
Amazon_JMKSPSR,23,23.304347826086957,3554.900500736919,23
Amazon_JMKSPSR,24,26.40909090909091,4028.5054301232667,22
Amazon_JMKSPSR,25,24.043478260869566,3667.6492583640384,23
Amazon_JMKSPSR,26,23.043478260869566,3515.10687321297,23
Amazon_JMKSPSR,27,31.166666666666668,4754.237297987288,24
Amazon_JMKSPSR,28,31.75,4843.220398467514,24
Amazon_JMKSPSR,29,30.869565217391305,4708.916743699337,23
Amazon_JMKSPSR,30,27.272727272727273,4160.246520223421,22
Amazon_JMKSPSR,31,25.066666666666666,3823.7287785084745,15
Amazon_JMPTRSR,1,303.0416666666667,42374.47033283898,24
Amazon_JMPTRSR,2,398.24,55686.10165559323,25
Amazon_JMPTRSR,3,448.84,62761.52547254237,25
Amazon_JMPTRSR,4,388.68,54349.32226894916,25
Amazon_JMPTRSR,5,317.76,44432.54231335593,25
Amazon_JMPTRSR,6,390.92,54662.542363796616,25
Amazon_JMPTRSR,7,369.52,51670.169380135594,25
Amazon_JMPTRSR,8,357.84,50036.94920250848,25
Amazon_JMPTRSR,9,338.96,47396.949134508475,25
Amazon_JMPTRSR,10,338.44,47324.237281355934,25
Amazon_JMPTRSR,11,284.0,39711.86449694915,25
Amazon_JMPTRSR,12,313.56,43845.25390501695,25
Amazon_JMPTRSR,13,299.8,41921.18603369492,25
Amazon_JMPTRSR,14,307.24,42961.525819932205,25
Amazon_JMPTRSR,15,335.4,46899.15254237289,25
Amazon_JMPTRSR,16,316.28,44225.59277105085,25
Amazon_JMPTRSR,17,353.96,49494.40640067797,25
Amazon_JMPTRSR,18,352.76,49326.60995959322,25
Amazon_JMPTRSR,19,431.24,60300.50860610169,25
Amazon_JMPTRSR,20,341.92,47810.84740522034,25
Amazon_JMPTRSR,21,295.8,41623.627055728815,25
Amazon_JMPTRSR,22,272.28,38327.76580949153,25
Amazon_JMPTRSR,23,274.4583333333333,39304.72457507062,24
Amazon_JMPTRSR,24,245.0,34660.13764074859,24
Amazon_JMPTRSR,25,280.7083333333333,39251.58900720339,24
Amazon_JMPTRSR,26,239.25,33454.44910310735,24
Amazon_JMPTRSR,27,255.24,35690.33903498305,25
Amazon_JMPTRSR,28,263.4,36831.355624813565,25
Amazon_JMPTRSR,29,254.66666666666666,35610.169537217516,24
Amazon_JMPTRSR,30,250.7391304347826,35060.98009764186,23
Amazon_JMPTRSR,31,208.13333333333333,29103.38952418079,15
Amazon_JXPINSR,1,102.875,14711.996782768363,24
Amazon_JXPINSR,2,93.08,13311.228852949154,25
Amazon_JXPINSR,3,115.12,16463.135611728812,25
Amazon_JXPINSR,4,113.8,16274.364438915254,25
Amazon_JXPINSR,5,119.16,17040.889789966102,25
Amazon_JXPINSR,6,126.72,18122.033687186442,25
Amazon_JXPINSR,7,114.36,16354.44928040678,25
Amazon_JXPINSR,8,127.56,18242.16099566102,25
Amazon_JXPINSR,9,126.72,18122.033889898306,25
Amazon_JXPINSR,10,113.84,16280.084763186442,25
Amazon_JXPINSR,11,115.76,16554.66112325424,25
Amazon_JXPINSR,12,141.32,20209.957393694916,25
Amazon_JXPINSR,13,117.48,16800.635661423727,25
Amazon_JXPINSR,14,93.84,13419.915284677967,25
Amazon_JXPINSR,15,75.24,10759.957739254238,25
Amazon_JXPINSR,16,92.28,13196.822146983051,25
Amazon_JXPINSR,17,83.68,11966.949260677966,25
Amazon_JXPINSR,18,97.92,14003.389854440677,25
Amazon_JXPINSR,19,123.0,17590.04249393898,25
Amazon_JXPINSR,20,142.44,20370.126900067797,25
Amazon_JXPINSR,21,98.8,14129.237439322034,25
Amazon_JXPINSR,22,85.64,12247.245736881358,25
Amazon_JXPINSR,23,86.75,12405.985133262713,24
Amazon_JXPINSR,24,81.5,11655.19058926554,24
Amazon_JXPINSR,25,73.125,10457.49467450565,24
Amazon_JXPINSR,26,98.375,14068.458650423729,24
Amazon_JXPINSR,27,77.16,11034.533919593221,25
Amazon_JXPINSR,28,90.44,12933.686395661018,25
Amazon_JXPINSR,29,87.83333333333333,12560.911007485876,24
Amazon_JXPINSR,30,87.43478260869566,12503.914833456154,23
Amazon_JXPINSR,31,66.73333333333333,9543.432105084745,15
Amazon_KNNO9,1,43.22727272727273,2601.63639012987,22
Amazon_KNNO9,2,48.04347826086956,2894.9565120082816,23
Amazon_KNNO9,3,45.04347826086956,2717.54451563147,23
Amazon_KNNO9,4,52.0,3126.250022103175,24
Amazon_KNNO9,5,50.6,3044.464741657143,25
Amazon_KNNO9,6,52.0,3114.535707896826,24
Amazon_KNNO9,7,48.916666666666664,2947.6071445436505,24
Amazon_KNNO9,8,44.2,2659.2990568380956,25
Amazon_KNNO9,9,45.56,2753.3257291428577,25
Amazon_KNNO9,10,55.2,3315.299045771429,25
Amazon_KNNO9,11,45.4,2735.8323880000007,25
Amazon_KNNO9,12,46.56,2810.3352504190475,25
Amazon_KNNO9,13,46.52173913043478,2810.4099578467913,23
Amazon_KNNO9,14,44.041666666666664,2654.4246103968258,24
Amazon_KNNO9,15,43.458333333333336,2624.8135020436507,24
Amazon_KNNO9,16,46.208333333333336,2790.9285754563493,24
Amazon_KNNO9,17,46.791666666666664,2825.5833480952383,24
Amazon_KNNO9,18,44.869565217391305,2706.679095445135,23
Amazon_KNNO9,19,46.125,2785.884882281746,24
Amazon_KNNO9,20,45.73913043478261,2758.1201174120083,23
Amazon_KNNO9,21,46.333333333333336,2793.3690729563496,24
Amazon_KNNO9,22,40.68,2455.6266724190477,25
Amazon_KNNO9,23,40.291666666666664,2423.555549027778,24
Amazon_KNNO9,24,46.17391304347826,2775.776406956522,23
Amazon_KNNO9,25,40.56521739130435,2450.15319068323,23
Amazon_KNNO9,26,39.69565217391305,2395.995839958592,23
Amazon_KNNO9,27,40.125,2405.6587332539684,24
Amazon_KNNO9,28,42.24,2542.7809584190477,25
Amazon_KNNO9,29,34.21739130434783,2057.6397624223605,23
Amazon_KNNO9,30,36.17391304347826,2177.668729440994,23
Amazon_KNNO9,31,35.5,2130.047625,14
Amazon_LGHP2,1,60.4,1911.152554677966,15
Amazon_LGHP2,2,59.3125,1892.240442743644,16
Amazon_LGHP2,3,53.9375,1721.1070087923729,16
Amazon_LGHP2,4,69.5,2215.514526755448,14
Amazon_LGHP2,5,74.13333333333334,2384.1355706101695,15
Amazon_LGHP2,6,61.1764705882353,1965.4636322532406,17
Amazon_LGHP2,7,64.5,2064.85172595339,16
Amazon_LGHP2,8,63.0,2022.1186643126177,18
Amazon_LGHP2,9,76.0,2435.084774274953,18
Amazon_LGHP2,10,82.9375,2650.2806847987285,16
Amazon_LGHP2,11,73.61111111111111,2356.737283992467,18
Amazon_LGHP2,12,77.77777777777777,2488.135627495292,18
Amazon_LGHP2,13,67.8125,2158.045566737288,16
Amazon_LGHP2,14,67.93333333333334,2166.1525494915254,15
Amazon_LGHP2,15,57.10526315789474,1821.9580779928638,19
Amazon_LGHP2,16,69.47058823529412,2214.5114631764704,17
Amazon_LGHP2,17,64.13333333333334,2044.9830285062149,15
Amazon_LGHP2,18,54.266666666666666,1714.881360338983,15
Amazon_LGHP2,19,41.588235294117645,1321.959116109671,17
Amazon_LGHP2,20,59.57142857142857,1890.326836307506,14
Amazon_LGHP2,21,65.73333333333333,2096.033903105085,15
Amazon_LGHP2,22,66.71428571428571,2122.627123825666,14
Amazon_LGHP2,23,76.42857142857143,2403.087179866828,14
Amazon_LGHP2,24,75.25,2369.936445868644,16
Amazon_LGHP2,25,94.06666666666666,2983.57621621469,15
Amazon_LGHP2,26,89.86666666666666,2839.3220346666667,15
Amazon_LGHP2,27,82.78571428571429,2594.58231283293,14
Amazon_LGHP2,28,70.3529411764706,2223.888355353938,17
Amazon_LGHP2,29,61.6875,1936.9544372351695,16
Amazon_LGHP2,30,67.0,2121.7118752542374,15
Amazon_LGHP2,31,52.63636363636363,1656.4021503081663,11
Amazon_MCBWC2,1,33.333333333333336,3016.949161111111,9
Amazon_MCBWC2,2,28.88888888888889,2614.689211111111,9
Amazon_MCBWC2,3,36.125,3269.6185925,8
Amazon_MCBWC2,4,34.0,3077.288177777778,9
Amazon_MCBWC2,5,30.333333333333332,2745.423666666667,9
Amazon_MCBWC2,6,29.88888888888889,2705.1977666666667,9
Amazon_MCBWC2,7,31.88888888888889,2886.2146666666667,9
Amazon_MCBWC2,8,30.11111111111111,2725.310737777778,9
Amazon_MCBWC2,9,27.11111111111111,2453.7853222222225,9
Amazon_MCBWC2,10,31.0,2805.762688888889,9
Amazon_MCBWC2,11,37.44444444444444,3389.039488888889,9
Amazon_MCBWC2,12,39.0,3529.8305266666666,9
Amazon_MCBWC2,13,43.333333333333336,3922.033833333333,9
Amazon_MCBWC2,14,45.22222222222222,4092.9943888888893,9
Amazon_MCBWC2,15,43.0,3891.864335555556,9
Amazon_MCBWC2,16,37.22222222222222,3368.926551111111,9
Amazon_MCBWC2,17,43.55555555555556,3942.147011111111,9
Amazon_MCBWC2,18,34.7,3140.644056,10
Amazon_MCBWC2,19,35.4,3204.0000219999997,10
Amazon_MCBWC2,20,35.2,3185.898299,10
Amazon_MCBWC2,21,36.6,3312.6101540000004,10
Amazon_MCBWC2,22,40.9,3701.7964899999997,10
Amazon_MCBWC2,23,37.0,3348.813511111111,9
Amazon_MCBWC2,24,33.77777777777778,3057.1751955555555,9
Amazon_MCBWC2,25,32.77777777777778,2966.666672222222,9
Amazon_MCBWC2,26,26.77777777777778,2423.615844444444,9
Amazon_MCBWC2,27,31.9,2887.220376,10
Amazon_MCBWC2,28,32.333333333333336,2926.4406599999998,9
Amazon_MCBWC2,29,29.6,2679.050879,10
Amazon_MCBWC2,30,31.2,2823.864378,10
Amazon_MCBWC2,31,30.2,2733.3559800000003,5
Amazon_MCBWC7,15,1.0,248.8983,1
Amazon_MCBWC7,16,4.0,995.5932,1
Amazon_MCBWC7,19,1.0,248.8983,1
Amazon_MCBWC7,20,2.0,497.7966,1
Amazon_MCBWC7,22,1.0,248.8983,1
Amazon_MCBWC7,23,1.0,248.8983,1
Amazon_MCBWC7,24,3.0,746.6949,1
Amazon_MCBWC7,26,2.0,497.7966,1
Amazon_MCBWC7,29,1.0,248.8983,1
Amazon_MCBWCC2,1,51.25,13915.6780375,8
Amazon_MCBWCC2,2,37.875,10284.0253625,8
Amazon_MCBWCC2,3,37.375,10148.2625275,8
Amazon_MCBWCC2,4,37.142857142857146,10085.23012857143,7
Amazon_MCBWCC2,5,33.714285714285715,9154.285628571428,7
Amazon_MCBWCC2,6,30.5,8281.5254425,8
Amazon_MCBWCC2,7,33.0,8960.3387875,8
Amazon_MCBWCC2,8,60.857142857142854,16524.26162857143,7
Amazon_MCBWCC2,9,42.25,11471.9489275,8
Amazon_MCBWCC2,10,39.714285714285715,10783.437999999998,7
Amazon_MCBWCC2,11,32.875,8926.3979625,8
Amazon_MCBWCC2,12,33.0,8960.3389875,8
Amazon_MCBWCC2,13,34.333333333333336,9322.373122222221,9
Amazon_MCBWCC2,14,38.125,10351.9067625,8
Amazon_MCBWCC2,15,37.111111111111114,10076.610166666667,9
Amazon_MCBWCC2,16,33.0,8960.338926666667,9
Amazon_MCBWCC2,17,36.25,9842.7965875,8
Amazon_MCBWCC2,18,30.0,8145.7628,8
Amazon_MCBWCC2,19,30.11111111111111,8175.932157777777,9
Amazon_MCBWCC2,20,31.125,8451.228575000001,8
Amazon_MCBWCC2,21,34.375,9333.6866875,8
Amazon_MCBWCC2,22,58.375,15850.2964875,8
Amazon_MCBWCC2,23,29.25,7942.11844,8
Amazon_MCBWCC2,24,26.5,7195.423580000001,8
Amazon_MCBWCC2,25,28.75,7806.355975,8
Amazon_MCBWCC2,26,29.25,7942.1185625,8
Amazon_MCBWCC2,27,40.333333333333336,10951.525311111112,9
Amazon_MCBWCC2,28,57.44444444444444,15597.627522222223,9
Amazon_MCBWCC2,29,56.666666666666664,15386.440288888889,9
Amazon_MCBWCC2,30,74.88888888888889,20334.236300000004,9
Amazon_MCBWCC2,31,29.8,8091.45748,5
Amazon_MCBWCL2,1,77.10526315789474,16283.586242194468,19
Amazon_MCBWCL2,2,86.0,18162.03386208742,19
Amazon_MCBWCL2,3,91.63157894736842,19351.3470809099,19
Amazon_MCBWCL2,4,88.8,18753.355959322034,20
Amazon_MCBWCL2,5,89.9,18985.660991525427,20
Amazon_MCBWCL2,6,86.2,18204.27114661017,20
Amazon_MCBWCL2,7,86.05,18172.593232711864,20
Amazon_MCBWCL2,8,87.75,18531.61014686441,20
Amazon_MCBWCL2,9,88.55,18700.55951101695,20
Amazon_MCBWCL2,10,93.0,19640.338983050846,20
Amazon_MCBWCL2,11,96.65,20411.16945762712,20
Amazon_MCBWCL2,12,82.3,17380.64398559322,20
Amazon_MCBWCL2,13,84.3,17803.017118644068,20
Amazon_MCBWCL2,14,85.8,18119.796827966104,20
Amazon_MCBWCL2,15,76.6,16176.881420338983,20
Amazon_MCBWCL2,16,86.4,18246.50869067797,20
Amazon_MCBWCL2,17,82.35,17391.203429661018,20
Amazon_MCBWCL2,18,82.2,17359.525464745762,20
Amazon_MCBWCL2,19,81.0,17106.101781355934,20
Amazon_MCBWCL2,20,82.25,17370.084744067797,20
Amazon_MCBWCL2,21,87.95,18573.8475,20
Amazon_MCBWCL2,22,90.2,19049.016935593223,20
Amazon_MCBWCL2,23,104.21052631578948,22007.85012399643,19
Amazon_MCBWCL2,24,84.6842105263158,17884.15713559322,19
Amazon_MCBWCL2,25,80.57894736842105,17017.18110615522,19
Amazon_MCBWCL2,26,84.05263157894737,17750.775999464764,19
Amazon_MCBWCL2,27,88.45,18679.440811949153,20
Amazon_MCBWCL2,28,87.15,18404.898090338982,20
Amazon_MCBWCL2,29,82.89473684210526,17506.244649063337,19
Amazon_MCBWCL2,30,79.0,16683.728874843888,19
Amazon_MCBWCL2,31,70.83333333333333,14959.03946723164,12
Amazon_MCBWCO2,1,35.421052631578945,7529.901835236396,19
Amazon_MCBWCO2,2,35.421052631578945,7532.399737377342,19
Amazon_MCBWCO2,3,39.36842105263158,8364.282090900982,19
Amazon_MCBWCO2,4,34.4,7322.949198474576,20
Amazon_MCBWCO2,5,34.9,7418.576284661018,20
Amazon_MCBWCO2,6,34.65,7372.186454237289,20
Amazon_MCBWCO2,7,35.9,7638.779682033899,20
Amazon_MCBWCO2,8,38.5,8201.152470084748,20
Amazon_MCBWCO2,9,34.45,7342.288124576272,20
Amazon_MCBWCO2,10,33.45,7131.338971016949,20
Amazon_MCBWCO2,11,34.55,7359.135475932204,20
Amazon_MCBWCO2,12,28.25,6017.745732033899,20
Amazon_MCBWCO2,13,33.26315789473684,7082.92592292596,19
Amazon_MCBWCO2,14,29.65,6305.576258474577,20
Amazon_MCBWCO2,15,30.05,6399.542388686442,20
Amazon_MCBWCO2,16,31.5,6706.000068686441,20
Amazon_MCBWCO2,17,33.95,7236.457631737288,20
Amazon_MCBWCO2,18,30.105263157894736,6417.769785459412,19
Amazon_MCBWCO2,19,31.157894736842106,6634.825998483498,19
Amazon_MCBWCO2,20,30.263157894736842,6453.862626583408,19
Amazon_MCBWCO2,21,33.3,7095.152503262712,20
Amazon_MCBWCO2,22,34.0,7240.035588314006,19
Amazon_MCBWCO2,23,30.666666666666668,6527.532992090396,18
Amazon_MCBWCO2,24,28.894736842105264,6159.125783541481,19
Amazon_MCBWCO2,25,29.05263157894737,6191.222126895629,19
Amazon_MCBWCO2,26,28.526315789473685,6077.074045316683,19
Amazon_MCBWCO2,27,31.0,6593.762751949153,20
Amazon_MCBWCO2,28,31.55,6708.2542016949155,20
Amazon_MCBWCO2,29,29.105263157894736,6192.096421944693,19
Amazon_MCBWCO2,30,40.89473684210526,8685.370124442463,19
Amazon_MCBWCO2,31,27.25,5797.542363841808,12
Amazon_MCBWL2,1,36.75,3326.1864254745765,20
Amazon_MCBWL2,2,40.25,3642.96610661017,20
Amazon_MCBWL2,3,42.0,3801.3559096610174,20
Amazon_MCBWL2,4,38.8,3511.728811610169,20
Amazon_MCBWL2,5,33.85,3063.7118572881354,20
Amazon_MCBWL2,6,35.4,3204.000005,20
Amazon_MCBWL2,7,35.05,3172.3220451694915,20
Amazon_MCBWL2,8,36.8,3330.7118765254236,20
Amazon_MCBWL2,9,35.3,3194.9491306779664,20
Amazon_MCBWL2,10,35.3,3194.949154576271,20
Amazon_MCBWL2,11,31.9,2887.2203134745764,20
Amazon_MCBWL2,12,33.0,2986.779663135593,20
Amazon_MCBWL2,13,32.25,2918.89829979661,20
Amazon_MCBWL2,14,28.6,2588.5423499152544,20
Amazon_MCBWL2,15,31.6,2860.067789491525,20
Amazon_MCBWL2,16,35.5,3213.0508377118645,20
Amazon_MCBWL2,17,32.35,2927.9491484745763,20
Amazon_MCBWL2,18,32.35,2927.9491467796606,20
Amazon_MCBWL2,19,29.5,2670.000008559322,20
Amazon_MCBWL2,20,28.4,2570.4406786440677,20
Amazon_MCBWL2,21,24.714285714285715,2236.852292251816,21
Amazon_MCBWL2,22,27.428571428571427,2482.5181715899917,21
Amazon_MCBWL2,23,27.65,2502.559326016949,20
Amazon_MCBWL2,24,29.7,2688.101694152542,20
Amazon_MCBWL2,25,27.94736842105263,2529.473697413024,19
Amazon_MCBWL2,26,23.4,2117.898307542373,20
Amazon_MCBWL2,27,29.904761904761905,2706.6343789346247,21
Amazon_MCBWL2,28,30.5,2760.508466694915,20
Amazon_MCBWL2,29,30.5,2760.5084755084745,20
Amazon_MCBWL2,30,30.8,2787.6610398305083,20
Amazon_MCBWL2,31,28.333333333333332,2564.4067562146893,12
Amazon_MCBWL7,10,5.0,1244.4916,1
Amazon_MCBWL7,11,2.0,497.7966,1
Amazon_MCBWL7,12,1.0,248.8983,1
Amazon_MCBWL7,13,1.0,248.8983,1
Amazon_MCBWL7,14,1.0,248.8983,1
Amazon_MCBWL7,15,4.0,995.5932,1
Amazon_MCBWL7,16,1.0,248.8983,1
Amazon_MCBWL7,17,2.0,497.7966,1
Amazon_MCBWL7,18,1.0,248.8983,1
Amazon_MCBWL7,19,2.0,497.7966,1
Amazon_MCBWL7,20,4.0,995.5932,1
Amazon_MCBWL7,22,1.0,248.8983,1
Amazon_MCBWL7,23,3.0,746.6949,1
Amazon_MCBWL7,24,1.0,248.8983,1
Amazon_MCBWL7,26,4.0,995.5932,1
Amazon_MCBWL7,27,2.0,497.7966,1
Amazon_MCBWL7,29,2.0,497.7966,1
Amazon_MCBWL7,30,5.0,1244.4916,1
Amazon_MCBWO2,1,24.5,2247.762712838983,20
Amazon_MCBWO2,2,24.55,2254.423733389831,20
Amazon_MCBWO2,3,26.5,2433.762697881356,20
Amazon_MCBWO2,4,25.35,2328.3559279661017,20
Amazon_MCBWO2,5,22.6,2074.9830582711866,20
Amazon_MCBWO2,6,23.75,2176.6271241525424,20
Amazon_MCBWO2,7,22.35,2047.677970542373,20
Amazon_MCBWO2,8,27.65,2533.169488983051,20
Amazon_MCBWO2,9,22.6,2071.7288084745765,20
Amazon_MCBWO2,10,22.25,2039.6440757118646,20
Amazon_MCBWO2,11,22.65,2075.7457732542375,20
Amazon_MCBWO2,12,22.4,2053.3220412711867,20
Amazon_MCBWO2,13,23.45,2145.203404661017,20
Amazon_MCBWO2,14,18.25,1670.7966000000001,20
Amazon_MCBWO2,15,21.8,1995.9660719491526,20
Amazon_MCBWO2,16,20.3,1858.2711826271188,20
Amazon_MCBWO2,17,17.7,1618.5762692881358,20
Amazon_MCBWO2,18,22.2,2034.0000072033902,20
Amazon_MCBWO2,19,19.7,1804.6779683220338,20
Amazon_MCBWO2,20,18.6,1704.91526570339,20
Amazon_MCBWO2,21,17.80952380952381,1633.1234726230832,21
Amazon_MCBWO2,22,18.285714285714285,1677.1912862146894,21
Amazon_MCBWO2,23,18.8,1723.5254117372883,20
Amazon_MCBWO2,24,18.45,1692.5593071186443,20
Amazon_MCBWO2,25,19.35,1773.9152692881357,20
Amazon_MCBWO2,26,17.3,1588.4745780169492,20
Amazon_MCBWO2,27,18.952380952380953,1738.401942905569,21
Amazon_MCBWO2,28,21.761904761904763,1997.5302640516547,21
Amazon_MCBWO2,29,22.3,2051.491520966102,20
Amazon_MCBWO2,30,22.3,2051.5932216101696,20
Amazon_MCBWO2,31,16.416666666666668,1507.3728663276836,12
Amazon_MCBWO7,22,3.0,746.6949,1
Amazon_MCBWO7,23,2.0,497.7966,1
Amazon_MCBWO7,24,1.0,248.8983,1
Amazon_MCBWO7,25,2.0,497.7966,1
Amazon_MCBWO7,27,3.0,746.6949,1
Amazon_MCBWO7,28,1.0,248.8983,1
Amazon_MCBWS2,21,1.0,90.50848,1
Amazon_MCBWS2,22,2.0,181.01695,1
Amazon_MCBWS2,23,6.0,543.05084,1
Amazon_MCBWS2,24,3.0,271.52542,1
Amazon_MCBWS2,25,7.0,633.5593,1
Amazon_MCBWS2,26,7.0,633.5593,1
Amazon_MCBWS2,27,2.0,181.01695,1
Amazon_MCBWS2,28,2.0,181.01695,1
Amazon_MCBWS2,29,3.0,271.52542,1
Amazon_MCBWS2,30,3.0,271.52542,1
Amazon_MCBWS2,31,4.0,362.0339,1
Amazon_MCBWS7,22,1.0,248.8983,1
Amazon_MCBWS7,23,2.0,497.7966,1
Amazon_MCBWS7,24,2.0,497.7966,1
Amazon_MCBWS7,25,1.0,248.8983,1
Amazon_MCBWS7,26,1.0,248.8983,1
Amazon_MCBWS7,27,2.0,497.7966,1
Amazon_MCBWS7,28,1.0,248.8983,1
Amazon_MCBWS7,29,6.0,1493.3898,1
Amazon_MEPRGS1,1,63.8421052631579,6304.081191810884,19
Amazon_MEPRGS1,2,68.33333333333333,6690.501390301319,18
Amazon_MEPRGS1,3,68.10526315789474,6644.458077136485,19
Amazon_MEPRGS1,4,62.476190476190474,6122.124719741727,21
Amazon_MEPRGS1,5,64.57142857142857,6413.438256029056,21
Amazon_MEPRGS1,6,59.9,5911.016923652543,20
Amazon_MEPRGS1,7,59.65,5914.1949418559325,20
Amazon_MEPRGS1,8,67.45,6659.427966347457,20
Amazon_MEPRGS1,9,50.5,4969.544494822034,20
Amazon_MEPRGS1,10,58.10526315789474,5713.648528608385,19
Amazon_MEPRGS1,11,59.888888888888886,5903.072065037665,18
Amazon_MEPRGS1,12,44.142857142857146,4354.5702528248585,21
Amazon_MEPRGS1,13,50.25,4955.243649076272,20
Amazon_MEPRGS1,14,55.73684210526316,5500.390302221231,19
Amazon_MEPRGS1,15,54.333333333333336,5349.576276553673,18
Amazon_MEPRGS1,16,55.473684210526315,5442.685109696699,19
Amazon_MEPRGS1,17,48.89473684210526,4818.800202140946,19
Amazon_MEPRGS1,18,58.88235294117647,5802.59226221336,17
Amazon_MEPRGS1,19,58.470588235294116,5753.988035692922,17
Amazon_MEPRGS1,20,53.44444444444444,5276.306514971752,18
Amazon_MEPRGS1,21,44.73684210526316,4446.643642283675,19
Amazon_MEPRGS1,22,52.6,5260.074145601695,20
Amazon_MEPRGS1,23,57.23529411764706,5648.479549351944,17
Amazon_MEPRGS1,24,49.8421052631579,4936.083836128457,19
Amazon_MEPRGS1,25,50.77777777777778,4995.056476459511,18
Amazon_MEPRGS1,26,55.05555555555556,5403.425135489643,18
Amazon_MEPRGS1,27,52.18181818181818,5193.807783097072,22
Amazon_MEPRGS1,28,69.88888888888889,6928.848924764596,18
Amazon_MEPRGS1,29,69.05555555555556,6822.033889736346,18
Amazon_MEPRGS1,30,69.3529411764706,6852.255741276172,17
Amazon_MEPRGS1,31,48.81818181818182,4771.2827331278895,11
Amazon_MEPRGSL,1,115.6086956521739,17507.829770523214,23
Amazon_MEPRGSL,2,116.21739130434783,17662.582814148856,23
Amazon_MEPRGSL,3,115.08333333333333,17387.182228460453,24
Amazon_MEPRGSL,4,117.48,17730.762521084744,25
Amazon_MEPRGSL,5,114.91666666666667,17340.83698079096,24
Amazon_MEPRGSL,6,110.6086956521739,16710.851093883568,23
Amazon_MEPRGSL,7,116.17391304347827,17482.406219528373,23
Amazon_MEPRGSL,8,113.6086956521739,17101.326403021372,23
Amazon_MEPRGSL,9,124.9090909090909,18840.716509460708,22
Amazon_MEPRGSL,10,131.69565217391303,19736.55110853353,23
Amazon_MEPRGSL,11,126.5,19074.15265628531,24
Amazon_MEPRGSL,12,118.43478260869566,17859.063895725867,23
Amazon_MEPRGSL,13,112.22727272727273,16985.94010191063,22
Amazon_MEPRGSL,14,109.875,16577.065556991525,24
Amazon_MEPRGSL,15,112.56521739130434,17054.071456669124,23
Amazon_MEPRGSL,16,124.08333333333333,18742.584643855935,24
Amazon_MEPRGSL,17,112.625,16924.258491723165,24
Amazon_MEPRGSL,18,105.58333333333333,15891.154875903956,24
Amazon_MEPRGSL,19,106.04347826086956,15969.694174627857,23
Amazon_MEPRGSL,20,94.625,14226.165254096044,24
Amazon_MEPRGSL,21,94.56,14210.84748522034,25
Amazon_MEPRGSL,22,111.0,16695.444824152542,24
Amazon_MEPRGSL,23,101.6086956521739,15151.437122254974,23
Amazon_MEPRGSL,24,105.56521739130434,15769.344072733973,23
Amazon_MEPRGSL,25,101.6086956521739,15224.391983050848,23
Amazon_MEPRGSL,26,89.0,13306.144063968926,24
Amazon_MEPRGSL,27,107.33333333333333,16058.792324717515,24
Amazon_MEPRGSL,28,104.2,15563.389866305084,25
Amazon_MEPRGSL,29,105.45833333333333,15741.790163771186,24
Amazon_MEPRGSL,30,96.86363636363636,14578.486007688753,22
Amazon_MEPRGSL,31,106.0,15861.228993583534,14
Amazon_MGFO8M,1,234.41666666666666,15001.747821539548,24
Amazon_MGFO8M,2,248.4,15846.101729674578,25
Amazon_MGFO8M,3,248.0,15848.99999661017,25
Amazon_MGFO8M,4,262.32,16769.28819457627,25
Amazon_MGFO8M,5,254.0,16250.644006779661,25
Amazon_MGFO8M,6,242.2,15470.542489491527,25
Amazon_MGFO8M,7,243.16,15531.101774915254,25
Amazon_MGFO8M,8,253.76,16207.474686779662,25
Amazon_MGFO8M,9,231.12,14785.62703423729,25
Amazon_MGFO8M,10,220.56,14115.203322033898,25
Amazon_MGFO8M,11,239.56,15339.660954779662,25
Amazon_MGFO8M,12,242.8,15532.779642711865,25
Amazon_MGFO8M,13,250.52,16040.745637016951,25
Amazon_MGFO8M,14,234.96,15027.864390305085,25
Amazon_MGFO8M,15,235.48,15056.084768338984,25
Amazon_MGFO8M,16,243.64,15597.15258779661,25
Amazon_MGFO8M,17,230.44,14747.491584474577,25
Amazon_MGFO8M,18,252.24,16117.93217281356,25
Amazon_MGFO8M,19,233.56,14919.864431206779,25
Amazon_MGFO8M,20,224.24,14334.559291091526,25
Amazon_MGFO8M,21,220.6,14096.898384271188,25
Amazon_MGFO8M,22,225.96,14430.508536474577,25
Amazon_MGFO8M,23,225.83333333333334,14435.910950564974,24
Amazon_MGFO8M,24,243.54166666666666,15579.661010310736,24
Amazon_MGFO8M,25,235.20833333333334,15060.063572528248,24
Amazon_MGFO8M,26,224.75,14369.173661228815,24
Amazon_MGFO8M,27,239.8,15309.762816271186,25
Amazon_MGFO8M,28,245.64,15703.627277288137,25
Amazon_MGFO8M,29,234.54166666666666,14986.175844632768,24
Amazon_MGFO8M,30,230.1304347826087,14705.250529329403,23
Amazon_MGFO8M,31,203.73333333333332,13010.338892994352,15
Amazon_MHAG2,1,895.9166666666666,174800.9743714689,24
Amazon_MHAG2,2,1054.44,205721.2979023729,25
Amazon_MHAG2,3,1165.6,222930.21373898306,25
Amazon_MHAG2,4,1141.44,217003.75941152542,25
Amazon_MHAG2,5,1032.88,198438.4372623729,25
Amazon_MHAG2,6,968.16,186631.81023728813,25
Amazon_MHAG2,7,1804.68,378456.3155050847,25
Amazon_MHAG2,8,1355.76,274033.55543728813,25
Amazon_MHAG2,9,1024.8,198013.69846101693,25
Amazon_MHAG2,10,997.08,195239.95957288134,25
Amazon_MHAG2,11,892.88,174083.61463118647,25
Amazon_MHAG2,12,934.68,180788.85704474576,25
Amazon_MHAG2,13,893.72,174417.80300338982,25
Amazon_MHAG2,14,904.24,177094.343320678,25
Amazon_MHAG2,15,924.12,179839.52539050847,25
Amazon_MHAG2,16,910.16,176407.04737559322,25
Amazon_MHAG2,17,905.04,175166.54308000003,25
Amazon_MHAG2,18,1056.08,206352.91495661016,25
Amazon_MHAG2,19,956.56,185273.93839118644,25
Amazon_MHAG2,20,951.64,183833.11543728813,25
Amazon_MHAG2,21,941.48,183762.03000949151,25
Amazon_MHAG2,22,920.64,181104.34562033898,25
Amazon_MHAG2,23,1082.2916666666667,216688.60241949154,24
Amazon_MHAG2,24,939.375,185513.58077683617,24
Amazon_MHAG2,25,860.4166666666666,168022.6601483051,24
Amazon_MHAG2,26,865.0,170385.5386581921,24
Amazon_MHAG2,27,932.52,183617.3291559322,25
Amazon_MHAG2,28,1036.6,202197.6902366102,25
Amazon_MHAG2,29,1085.0,212602.78597810733,24
Amazon_MHAG2,30,984.2173913043479,193178.40028371406,23
Amazon_MHAG2,31,806.0,160118.1857062147,15
Amazon_MPHRB3,1,460.0833333333333,65951.77636581921,24
Amazon_MPHRB3,2,552.24,79162.20070915254,25
Amazon_MPHRB3,3,549.96,78835.36778576272,25
Amazon_MPHRB3,4,503.96,72241.38509762712,25
Amazon_MPHRB3,5,469.28,67270.0949538983,25
Amazon_MPHRB3,6,465.04,66662.30187525423,25
Amazon_MPHRB3,7,449.2,64391.67814915255,25
Amazon_MPHRB3,8,433.6,62155.45760881356,25
Amazon_MPHRB3,9,394.04,56484.63220881356,25
Amazon_MPHRB3,10,367.6,52694.52558847458,25
Amazon_MPHRB3,11,357.52,51249.582637288135,25
Amazon_MPHRB3,12,375.92,53887.17615118644,25
Amazon_MPHRB3,13,425.88,61048.815444745764,25
Amazon_MPHRB3,14,417.28,59816.026675932204,25
Amazon_MPHRB3,15,391.04,56054.58992677966,25
Amazon_MPHRB3,16,415.68,59586.67150711864,25
Amazon_MPHRB3,17,390.08,55916.976528135594,25
Amazon_MPHRB3,18,401.04,57488.06483728814,25
Amazon_MPHRB3,19,367.28,52648.65432745763,25
Amazon_MPHRB3,20,463.52,66444.41326305085,25
Amazon_MPHRB3,21,449.28,64403.14596542373,25
Amazon_MPHRB3,22,440.96,63210.49446033899,25
Amazon_MPHRB3,23,362.125,51909.697732344626,24
Amazon_MPHRB3,24,358.625,51407.98205155367,24
Amazon_MPHRB3,25,348.9583333333333,50022.28992867232,24
Amazon_MPHRB3,26,377.9583333333333,54179.36596186441,24
Amazon_MPHRB3,27,368.12,52769.065795932205,25
Amazon_MPHRB3,28,373.0,53468.60178169492,25
Amazon_MPHRB3,29,378.875,54310.76798375707,24
Amazon_MPHRB3,30,367.69565217391306,52708.237015475315,23
Amazon_MPHRB3,31,384.53333333333336,55121.87541242938,15
Amazon_MPHRBT,1,58.125,4145.100633262712,24
Amazon_MPHRBT,2,68.84,4909.225435240678,25
Amazon_MPHRBT,3,64.16,4575.477961355932,25
Amazon_MPHRBT,4,56.4,4022.0847589694913,25
Amazon_MPHRBT,5,52.0,3708.3050983593216,25
Amazon_MPHRBT,6,49.04,3497.216948745763,25
Amazon_MPHRBT,7,44.68,3186.2898405220335,25
Amazon_MPHRBT,8,42.08,3000.8745778508473,25
Amazon_MPHRBT,9,39.96,2849.6898328813554,25
Amazon_MPHRBT,10,37.24,2655.716942223729,25
Amazon_MPHRBT,11,35.68,2544.467803816949,25
Amazon_MPHRBT,12,36.08,2572.9932383728815,25
Amazon_MPHRBT,13,41.2,2938.118652698305,25
Amazon_MPHRBT,14,43.44,3097.861006420339,25
Amazon_MPHRBT,15,39.68,2829.7220624406777,25
Amazon_MPHRBT,16,41.8,2980.906780949152,25
Amazon_MPHRBT,17,39.6,2824.016950454237,25
Amazon_MPHRBT,18,39.44,2812.6067791457626,25
Amazon_MPHRBT,19,44.84,3197.699995376271,25
Amazon_MPHRBT,20,38.88,2772.671207376271,25
Amazon_MPHRBT,21,40.2,2866.8050866440676,25
Amazon_MPHRBT,22,40.44,2883.920338237288,25
Amazon_MPHRBT,23,40.416666666666664,2882.2563649152544,24
Amazon_MPHRBT,24,40.0,2852.542366610169,24
Amazon_MPHRBT,25,37.208333333333336,2653.4587113559323,24
Amazon_MPHRBT,26,43.166666666666664,3078.3686589689264,24
Amazon_MPHRBT,27,42.72,3046.5152748,25
Amazon_MPHRBT,28,47.16,3363.147467240678,25
Amazon_MPHRBT,29,45.625,3253.681135967514,24
Amazon_MPHRBT,30,48.78260869565217,3478.8614544215184,23
Amazon_MPHRBT,31,42.2,3009.4321985310735,15
Amazon_MPHRGT,1,76.625,5464.401445480226,24
Amazon_MPHRGT,2,83.48,5953.255939322034,25
Amazon_MPHRGT,3,116.6,8315.160970508476,25
Amazon_MPHRGT,4,89.92,6412.515244745762,25
Amazon_MPHRGT,5,76.68,5468.323709694915,25
Amazon_MPHRGT,6,75.44,5379.894911118645,25
Amazon_MPHRGT,7,71.96,5131.723730101695,25
Amazon_MPHRGT,8,78.08,5568.162706101695,25
Amazon_MPHRGT,9,79.52,5670.854224745763,25
Amazon_MPHRGT,10,70.56,5031.884746033898,25
Amazon_MPHRGT,11,78.92,5628.066161966101,25
Amazon_MPHRGT,12,71.04,5066.115283864407,25
Amazon_MPHRGT,13,64.84,4623.971205152542,25
Amazon_MPHRGT,14,71.2,5077.525401762712,25
Amazon_MPHRGT,15,66.4,4735.220356474576,25
Amazon_MPHRGT,16,67.56,4817.944075762712,25
Amazon_MPHRGT,17,70.52,5029.032211911865,25
Amazon_MPHRGT,18,79.36,5659.444113559322,25
Amazon_MPHRGT,19,85.32,6084.472862237288,25
Amazon_MPHRGT,20,75.2,5362.779653016949,25
Amazon_MPHRGT,21,89.56,6386.84240338983,25
Amazon_MPHRGT,22,72.72,5185.92202840678,25
Amazon_MPHRGT,23,67.79166666666667,4834.465060522599,24
Amazon_MPHRGT,24,64.0,4564.067803672316,24
Amazon_MPHRGT,25,61.291666666666664,4370.926924929378,24
Amazon_MPHRGT,26,59.958333333333336,4275.842173022599,24
Amazon_MPHRGT,27,65.28,4655.349153898304,25
Amazon_MPHRGT,28,74.28,5297.171190508475,25
Amazon_MPHRGT,29,73.95833333333333,5274.231959745763,24
Amazon_MPHRGT,30,73.52173913043478,5243.0968747973475,23
Amazon_MPHRGT,31,66.53333333333333,4744.728824519773,15
Amazon_OFRAC1,1,580.5833333333334,227247.83826271188,24
Amazon_OFRAC1,2,681.24,269878.9934508475,25
Amazon_OFRAC1,3,709.4,279565.1635186441,25
Amazon_OFRAC1,4,720.68,284698.03726101696,25
Amazon_OFRAC1,5,705.52,276067.9267525424,25
Amazon_OFRAC1,6,688.36,270519.06089491525,25
Amazon_OFRAC1,7,671.0,264673.5911525424,25
Amazon_OFRAC1,8,682.48,268909.8814508475,25
Amazon_OFRAC1,9,660.76,261339.32290169492,25
Amazon_OFRAC1,10,623.36,245646.08936949153,25
Amazon_OFRAC1,11,631.88,248945.42212881357,25
Amazon_OFRAC1,12,645.44,254199.33662372883,25
Amazon_OFRAC1,13,622.72,245962.6829288136,25
Amazon_OFRAC1,14,609.96,239864.73315254238,25
Amazon_OFRAC1,15,632.44,249475.5835525424,25
Amazon_OFRAC1,16,653.4,256673.60216271188,25
Amazon_OFRAC1,17,631.68,248072.56279322036,25
Amazon_OFRAC1,18,613.76,242083.36148474578,25
Amazon_OFRAC1,19,540.12,211899.92442033897,25
Amazon_OFRAC1,20,612.32,243328.73251525423,25
Amazon_OFRAC1,21,594.12,235306.70298305087,25
Amazon_OFRAC1,22,630.96,248968.12182372884,25
Amazon_OFRAC1,23,628.25,247927.2133686441,24
Amazon_OFRAC1,24,625.7083333333334,245818.8397740113,24
Amazon_OFRAC1,25,601.2916666666666,237190.25398305085,24
Amazon_OFRAC1,26,597.5416666666666,236314.52732344635,24
Amazon_OFRAC1,27,630.52,248245.76344406782,25
Amazon_OFRAC1,28,649.68,256550.5097423729,25
Amazon_OFRAC1,29,616.4583333333334,245560.25966101696,24
Amazon_OFRAC1,30,576.0,226481.1016212233,23
Amazon_OFRAC1,31,596.3333333333334,236088.17681355932,15
Amazon_OHRR2,15,1.0,324.15256,1
Amazon_OHRR2,16,1.0,324.15256,1
Amazon_OHRR2,17,2.0,648.3051,1
Amazon_OHRR2,18,12.0,3889.8306,1
Amazon_OHRR2,19,20.0,6483.051,1
Amazon_OHRR2,20,17.0,5510.5933,1
Amazon_OHRR2,21,14.0,4538.1357,1
Amazon_OHRR2,22,34.0,11021.187,1
Amazon_OHRR2,23,58.0,18800.848,1
Amazon_OHRR2,24,63.0,20421.61,1
Amazon_OHRR2,25,59.0,19125.0,1
Amazon_OHRR2,26,75.0,24311.441,1
Amazon_OHRR2,27,58.0,18800.848,1
Amazon_OHRR2,28,87.0,28201.271,1
Amazon_OHRR2,29,97.0,31442.797,1
Amazon_OHRR2,30,87.0,28201.271,1
Amazon_OHRR2,31,42.0,13614.407,1
Amazon_RF4RM,1,455.875,108827.70192867232,24
Amazon_RF4RM,2,636.84,152325.30630779662,25
Amazon_RF4RM,3,783.16,188647.77994169493,25
Amazon_RF4RM,4,751.6,180819.76443728816,25
Amazon_RF4RM,5,744.2,178424.69469559324,25
Amazon_RF4RM,6,682.72,163314.91475118644,25
Amazon_RF4RM,7,506.32,120981.6605342373,25
Amazon_RF4RM,8,517.48,123115.27128813561,25
Amazon_RF4RM,9,554.24,132368.94897762712,25
Amazon_RF4RM,10,587.84,141176.13530915254,25
Amazon_RF4RM,11,604.16,144552.81419118645,25
Amazon_RF4RM,12,627.2,150846.10224338985,25
Amazon_RF4RM,13,550.64,132213.66020610172,25
Amazon_RF4RM,14,551.4,131725.98330508475,25
Amazon_RF4RM,15,507.92,121580.84732203391,25
Amazon_RF4RM,16,483.24,115745.64446711866,25
Amazon_RF4RM,17,500.32,120199.1186183051,25
Amazon_RF4RM,18,495.76,119416.57572745763,25
Amazon_RF4RM,19,487.44,117329.79703118645,25
Amazon_RF4RM,20,469.2,112574.13569084747,25
Amazon_RF4RM,21,427.2,102310.17026644068,25
Amazon_RF4RM,22,457.12,109845.76304542374,25
Amazon_RF4RM,23,409.7916666666667,98354.71385946329,24
Amazon_RF4RM,24,489.6666666666667,117900.00021963277,24
Amazon_RF4RM,25,412.2916666666667,98854.29032132769,24
Amazon_RF4RM,26,422.2083333333333,100638.08299717515,24
Amazon_RF4RM,27,400.28,95104.52527322035,25
Amazon_RF4RM,28,432.32,102758.64420338985,25
Amazon_RF4RM,29,432.0,102905.72046186442,24
Amazon_RF4RM,30,448.4347826086956,107060.5374826824,23
Amazon_RF4RM,31,465.26666666666665,112100.08366214689,15
Amazon_RFL4RE,1,4152.625,1015296.2933573447,24
Amazon_RFL4RE,2,3592.8,873460.0793966103,25
Amazon_RFL4RE,3,2626.6,637451.0872135594,25
Amazon_RFL4RE,4,2602.44,630234.4542983051,25
Amazon_RFL4RE,5,2509.0,606293.0818874576,25
Amazon_RFL4RE,6,2403.36,580123.3707728813,25
Amazon_RFL4RE,7,2816.32,678372.5548,25
Amazon_RFL4RE,8,2425.64,585518.9505355932,25
Amazon_RFL4RE,9,2185.2,530663.4930942373,25
Amazon_RFL4RE,10,2353.0,570542.3458440677,25
Amazon_RFL4RE,11,2125.6,511777.52199728816,25
Amazon_RFL4RE,12,1861.0,450619.3253016949,25
Amazon_RFL4RE,13,2222.92,537258.2055484746,25
Amazon_RFL4RE,14,2438.08,591482.9009735594,25
Amazon_RFL4RE,15,2988.6,726024.4997593221,25
Amazon_RFL4RE,16,2372.72,576138.0408915255,25
Amazon_RFL4RE,17,2040.8,492026.19336271187,25
Amazon_RFL4RE,18,1830.36,439133.9503322034,25
Amazon_RFL4RE,19,1335.28,320917.72848135594,25
Amazon_RFL4RE,20,1951.48,470310.0987457627,25
Amazon_RFL4RE,21,1341.24,322004.28703728813,25
Amazon_RFL4RE,22,2221.12,537363.4571898305,25
Amazon_RFL4RE,23,1744.4583333333333,417225.9547281074,24
Amazon_RFL4RE,24,1486.0,356327.5411793785,24
Amazon_RFL4RE,25,1578.0416666666667,379773.6251059322,24
Amazon_RFL4RE,26,1919.375,466136.60018714686,24
Amazon_RFL4RE,27,1837.76,445083.71037694917,25
Amazon_RFL4RE,28,1796.48,434626.0209762712,25
Amazon_RFL4RE,29,1928.5833333333333,465723.46271186444,24
Amazon_RFL4RE,30,2049.1304347826085,494763.0602763449,23
Amazon_RFL4RE,31,3911.0,943940.5884971751,15
Amazon_RGAMA6,1,264.7083333333333,97136.59996045199,24
Amazon_RGAMA6,2,265.72,97043.9493661017,25
Amazon_RGAMA6,3,292.8,107236.67803728813,25
Amazon_RGAMA6,4,352.56,129631.11634508474,25
Amazon_RGAMA6,5,376.92,139032.1521694915,25
Amazon_RGAMA6,6,300.56,110154.50876610169,25
Amazon_RGAMA6,7,309.48,113481.0001138983,25
Amazon_RGAMA6,8,272.68,99970.93262372882,25
Amazon_RGAMA6,9,257.84,94461.55890169492,25
Amazon_RGAMA6,10,243.68,89190.60942101694,25
Amazon_RGAMA6,11,242.68,89021.74605016949,25
Amazon_RGAMA6,12,241.0,88363.67774305085,25
Amazon_RGAMA6,13,242.0,88611.2539661017,25
Amazon_RGAMA6,14,265.44,97923.05042915254,25
Amazon_RGAMA6,15,262.52,96924.9654481356,25
Amazon_RGAMA6,16,267.36,98701.93291186441,25
Amazon_RGAMA6,17,282.08,103993.93204067796,25
Amazon_RGAMA6,18,278.32,102409.62767118643,25
Amazon_RGAMA6,19,257.08,94542.55900949152,25
Amazon_RGAMA6,20,237.68,87135.86440677967,25
Amazon_RGAMA6,21,225.8,82779.71200949153,25
Amazon_RGAMA6,22,211.8,77551.77987050847,25
Amazon_RGAMA6,23,201.29166666666666,73640.30712923729,24
Amazon_RGAMA6,24,193.125,70757.25625706215,24
Amazon_RGAMA6,25,195.58333333333334,71634.8516539548,24
Amazon_RGAMA6,26,210.41666666666666,76881.35596398305,24
Amazon_RGAMA6,27,233.8,85636.22061355932,25
Amazon_RGAMA6,28,230.36,84309.10175457626,25
Amazon_RGAMA6,29,230.58333333333334,84246.29283050848,24
Amazon_RGAMA6,30,232.7391304347826,85115.16234414148,23
Amazon_RGAMA6,31,205.66666666666666,75320.08345762712,15
Amazon_RGAMB4,1,40.95652173913044,10029.99260154753,23
Amazon_RGAMB4,2,53.333333333333336,13068.273405367232,24
Amazon_RGAMB4,3,54.958333333333336,13459.798711723166,24
Amazon_RGAMB4,4,54.041666666666664,13233.8452865113,24
Amazon_RGAMB4,5,50.416666666666664,12359.586838276837,24
Amazon_RGAMB4,6,41.541666666666664,10171.557228107346,24
Amazon_RGAMB4,7,40.583333333333336,9943.538086723163,24
Amazon_RGAMB4,8,40.583333333333336,9940.995766384181,24
Amazon_RGAMB4,9,33.666666666666664,8249.046575070623,24
Amazon_RGAMB4,10,35.625,8725.105869138419,24
Amazon_RGAMB4,11,36.041666666666664,8822.510561257062,24
Amazon_RGAMB4,12,33.82608695652174,8277.744999557848,23
Amazon_RGAMB4,13,35.0,8569.22673740113,24
Amazon_RGAMB4,14,35.583333333333336,8709.692774978814,24
Amazon_RGAMB4,15,43.666666666666664,10702.277482302261,24
Amazon_RGAMB4,16,35.541666666666664,8700.476669731639,24
Amazon_RGAMB4,17,38.916666666666664,9527.542323919492,24
Amazon_RGAMB4,18,40.77272727272727,9976.44451486903,22
Amazon_RGAMB4,19,39.608695652173914,9692.57555954311,23
Amazon_RGAMB4,20,36.869565217391305,9025.53424596168,23
Amazon_RGAMB4,21,39.43478260869565,9649.465828474576,23
Amazon_RGAMB4,22,41.130434782608695,10069.123038098747,23
Amazon_RGAMB4,23,45.5,11129.699544298921,22
Amazon_RGAMB4,24,43.13636363636363,10557.838997149462,22
Amazon_RGAMB4,25,41.5,10151.52156972265,22
Amazon_RGAMB4,26,36.27272727272727,8873.805863251155,22
Amazon_RGAMB4,27,40.130434782608695,9822.070686809138,23
Amazon_RGAMB4,28,41.08695652173913,10052.376527560797,23
Amazon_RGAMB4,29,38.90909090909091,9527.831235053929,22
Amazon_RGAMB4,30,35.42857142857143,8675.302608393866,21
Amazon_RGAMB4,31,42.92857142857143,10499.273426392252,14
Amazon_RGAOA,1,26.857142857142858,1730.8111391283294,7
Amazon_RGAOA,2,23.8,1527.7118843050846,10
Amazon_RGAOA,3,28.88888888888889,1859.3220769868171,9
Amazon_RGAOA,4,19.1,1231.0169850847458,10
Amazon_RGAOA,5,27.0,1736.2590825665861,7
Amazon_RGAOA,6,25.0,1612.6588981991526,8
Amazon_RGAOA,7,23.0,1476.9370697094432,7
Amazon_RGAOA,8,20.444444444444443,1306.7796964124293,9
Amazon_RGAOA,9,23.3,1502.542405220339,10
Amazon_RGAOA,10,29.0,1873.9830606440678,10
Amazon_RGAOA,11,23.727272727272727,1530.9707356548536,11
Amazon_RGAOA,12,23.8,1537.2457592288133,10
Amazon_RGAOA,13,20.636363636363637,1336.4792328736519,11
Amazon_RGAOA,14,25.1,1620.381352474576,10
Amazon_RGAOA,15,24.0,1547.5423496355932,10
Amazon_RGAOA,16,14.461538461538462,927.5749604758801,13
Amazon_RGAOA,17,15.25,977.5423812782486,12
Amazon_RGAOA,18,15.75,998.5169566525424,12
Amazon_RGAOA,19,17.1,1086.4830680847458,10
Amazon_RGAOA,20,20.083333333333332,1284.533892782486,12
Amazon_RGAOA,21,23.454545454545453,1510.1694904160247,11
Amazon_RGAOA,22,20.818181818181817,1330.238829322034,11
Amazon_RGAOA,23,27.5,1758.813555661017,10
Amazon_RGAOA,24,23.3,1486.1440715762712,10
Amazon_RGAOA,25,15.272727272727273,968.6440597688753,11
Amazon_RGAOA,26,15.333333333333334,974.5762645574388,9
Amazon_RGAOA,27,22.2,1422.8390243559322,10
Amazon_RGAOA,28,21.8,1397.6694805254238,10
Amazon_RGAOA,29,31.181818181818183,2008.359051163328,11
Amazon_RGAOA,30,27.11111111111111,1749.152542561205,9
Amazon_RGAOA,31,36.142857142857146,2333.353580677966,7
Amazon_RGATA,1,82.25,10007.256338771187,24
Amazon_RGATA,2,89.88,10929.508499864407,25
Amazon_RGATA,3,74.68,9109.067819864407,25
Amazon_RGATA,4,74.2,9020.288141355932,25
Amazon_RGATA,5,61.12,7438.27113742373,25
Amazon_RGATA,6,81.5,9977.701332627119,24
Amazon_RGATA,7,73.875,9074.84089512712,24
Amazon_RGATA,8,72.4,8864.237353423729,25
Amazon_RGATA,9,66.36,8088.559377627119,25
Amazon_RGATA,10,73.72,8992.372851525424,25
Amazon_RGATA,11,69.72,8488.525425084745,25
Amazon_RGATA,12,59.8,7250.186535050848,25
Amazon_RGATA,13,61.56,7446.508531389832,25
Amazon_RGATA,14,64.72,7840.067768135594,25
Amazon_RGATA,15,67.44,8153.084712677967,25
Amazon_RGATA,16,60.04,7246.067780461017,25
Amazon_RGATA,17,65.6,7936.1696047457635,25
Amazon_RGATA,18,65.16,7925.186394169491,25
Amazon_RGATA,19,62.72,7609.881217423728,25
Amazon_RGATA,20,64.92,7858.830622440678,25
Amazon_RGATA,21,66.08,7981.932164610171,25
Amazon_RGATA,22,92.64,11327.186502237288,25
Amazon_RGATA,23,79.29166666666667,9645.44497457627,24
Amazon_RGATA,24,89.95833333333333,10968.749998234465,24
Amazon_RGATA,25,98.83333333333333,12041.790173446328,24
Amazon_RGATA,26,81.54166666666667,9960.063462358758,24
Amazon_RGATA,27,81.28,9896.186445898305,25
Amazon_RGATA,28,80.92,9846.305092677967,25
Amazon_RGATA,29,79.41666666666667,9646.875011370057,24
Amazon_RGATA,30,75.78260869565217,9176.915951068533,23
Amazon_RGATA,31,68.53333333333333,8324.237279096045,15
Amazon_SHAC2,1,247.9047619047619,19492.518049959646,21
Amazon_SHAC2,2,307.0,24190.58546562404,22
Amazon_SHAC2,3,333.3181818181818,26295.15021026194,22
Amazon_SHAC2,4,270.1818181818182,21254.49153764253,22
Amazon_SHAC2,5,374.0869565217391,29540.029471201186,23
Amazon_SHAC2,6,348.85714285714283,27551.113606698957,21
Amazon_SHAC2,7,276.5238095238095,21705.36302606941,21
Amazon_SHAC2,8,522.4285714285714,41040.980453349475,21
Amazon_SHAC2,9,483.0952380952381,37765.895947732046,21
Amazon_SHAC2,10,328.1904761904762,25881.646263946735,21
Amazon_SHAC2,11,274.57142857142856,21596.73117675545,21
Amazon_SHAC2,12,296.14285714285717,23105.48446148507,21
Amazon_SHAC2,13,354.95238095238096,27988.69245690073,21
Amazon_SHAC2,14,396.5238095238095,31251.68271367232,21
Amazon_SHAC2,15,283.42857142857144,22253.970952606942,21
Amazon_SHAC2,16,356.45,28144.868697796617,20
Amazon_SHAC2,17,263.6666666666667,20648.462425375306,21
Amazon_SHAC2,18,305.72727272727275,24068.898455392915,22
Amazon_SHAC2,19,332.85714285714283,26226.610231517356,21
Amazon_SHAC2,20,314.7142857142857,24826.815960855532,21
Amazon_SHAC2,21,311.6,24587.618569745766,20
Amazon_SHAC2,22,480.2857142857143,37957.77228410008,21
Amazon_SHAC2,23,580.3333333333334,46087.30012132366,21
Amazon_SHAC2,24,325.15,25513.512636440682,20
Amazon_SHAC2,25,330.14285714285717,26054.128309160616,21
Amazon_SHAC2,26,1172.904761904762,93326.1863610331,21
Amazon_SHAC2,27,849.1428571428571,67528.98320262309,21
Amazon_SHAC2,28,491.72727272727275,38557.996769930665,22
Amazon_SHAC2,29,484.7894736842105,38060.72711596789,19
Amazon_SHAC2,30,573.9,45077.41521726272,20
Amazon_SHAC2,31,185.53846153846155,14438.487582007823,13
Amazon_SHAC4,1,290.6666666666667,46418.45304237289,24
Amazon_SHAC4,2,301.6,48616.718438644064,25
Amazon_SHAC4,3,323.72,51659.5725898305,25
Amazon_SHAC4,4,420.08,66581.72457423729,25
Amazon_SHAC4,5,521.32,82207.4337179661,25
Amazon_SHAC4,6,454.64,73461.69211322034,25
Amazon_SHAC4,7,424.8,69039.5483559322,25
Amazon_SHAC4,8,428.64,67963.72857830509,25
Amazon_SHAC4,9,380.4,60765.16301830509,25
Amazon_SHAC4,10,334.92,52947.42728881356,25
Amazon_SHAC4,11,334.08,53547.34589830509,25
Amazon_SHAC4,12,379.32,59728.088394576276,25
Amazon_SHAC4,13,791.2,131743.03715050846,25
Amazon_SHAC4,14,566.52,93465.12250847457,25
Amazon_SHAC4,15,338.64,55357.26083050848,25
Amazon_SHAC4,16,430.0,67679.6641640678,25
Amazon_SHAC4,17,383.96,61230.050387118645,25
Amazon_SHAC4,18,413.76,65169.73282033899,25
Amazon_SHAC4,19,367.32,58180.5151640678,25
Amazon_SHAC4,20,394.4,62892.793934237285,25
Amazon_SHAC4,21,306.24,49736.16611457627,25
Amazon_SHAC4,22,290.36,46923.254001355934,25
Amazon_SHAC4,23,246.08333333333334,40224.6291920904,24
Amazon_SHAC4,24,328.25,54062.12876977401,24
Amazon_SHAC4,25,297.125,49430.11658121469,24
Amazon_SHAC4,26,242.08333333333334,40267.78626553673,24
Amazon_SHAC4,27,321.68,51538.24137355932,25
Amazon_SHAC4,28,306.88,49744.31140542373,25
Amazon_SHAC4,29,281.75,45146.47226412429,24
Amazon_SHAC4,30,371.04347826086956,61202.12157700811,23
Amazon_SHAC4,31,303.4,50103.20359887006,15
Amazon_SHACC,1,785.5833333333334,248298.46632062146,24
Amazon_SHACC,2,1041.24,328859.9982779661,25
Amazon_SHACC,3,1077.76,327470.1862644068,25
Amazon_SHACC,4,2104.44,577425.0527254237,25
Amazon_SHACC,5,949.44,283769.54559322033,25
Amazon_SHACC,6,1071.12,325710.91429152543,25
Amazon_SHACC,7,1138.64,354241.98178983055,25
Amazon_SHACC,8,972.48,301569.0996271187,25
Amazon_SHACC,9,819.0,254777.18849152542,25
Amazon_SHACC,10,840.52,261465.71232135594,25
Amazon_SHACC,11,668.92,207668.89825084747,25
Amazon_SHACC,12,820.84,257520.96540000002,25
Amazon_SHACC,13,680.96,215177.03332000002,25
Amazon_SHACC,14,710.72,224061.55778305087,25
Amazon_SHACC,15,1021.92,329421.8124637288,25
Amazon_SHACC,16,709.48,224207.54342711865,25
Amazon_SHACC,17,689.88,216856.37459661017,25
Amazon_SHACC,18,681.24,215214.4066576271,25
Amazon_SHACC,19,789.12,249554.28745355934,25
Amazon_SHACC,20,576.04,179005.2694142373,25
Amazon_SHACC,21,752.04,240662.29000677966,25
Amazon_SHACC,22,671.4,211604.94781016948,25
Amazon_SHACC,23,1110.1666666666667,361330.6128644068,24
Amazon_SHACC,24,1451.7083333333333,474457.30779237294,24
Amazon_SHACC,25,709.9583333333334,225417.58596045198,24
Amazon_SHACC,26,741.0833333333334,235612.1821822034,24
Amazon_SHACC,27,702.76,219378.3563186441,25
Amazon_SHACC,28,742.28,233084.43957288138,25
Amazon_SHACC,29,881.0,278628.8124788136,24
Amazon_SHACC,30,612.0,190593.57033161385,23
Amazon_SHACC,31,1130.4666666666667,369250.42133333336,15
Amazon_SHLF4,1,334.9166666666667,62659.957582627125,24
Amazon_SHLF4,2,340.16,64312.322177627124,25
Amazon_SHLF4,3,373.16,70750.83095932203,25
Amazon_SHLF4,4,508.84,95767.32185084745,25
Amazon_SHLF4,5,480.2,88438.27103118644,25
Amazon_SHLF4,6,419.8,78176.59304,25
Amazon_SHLF4,7,477.2,89794.22028474577,25
Amazon_SHLF4,8,454.56,85772.28813627118,25
Amazon_SHLF4,9,771.16,145554.10155728814,25
Amazon_SHLF4,10,415.72,78441.55906644069,25
Amazon_SHLF4,11,410.88,77503.57620698305,25
Amazon_SHLF4,12,686.36,130152.66085152542,25
Amazon_SHLF4,13,672.96,126984.05093627119,25
Amazon_SHLF4,14,418.08,78658.47450440678,25
Amazon_SHLF4,15,292.16,54531.762769491535,25
Amazon_SHLF4,16,391.96,72948.96613627119,25
Amazon_SHLF4,17,515.6,95993.38977084747,25
Amazon_SHLF4,18,466.32,87082.32222779661,25
Amazon_SHLF4,19,547.68,101370.20354915256,25
Amazon_SHLF4,20,383.24,70942.88146108475,25
Amazon_SHLF4,21,321.96,59765.796525423735,25
Amazon_SHLF4,22,315.0,58877.69486440678,25
Amazon_SHLF4,23,270.4583333333333,50646.76910840396,24
Amazon_SHLF4,24,304.9583333333333,57389.3009371469,24
Amazon_SHLF4,25,387.5833333333333,72739.98963418079,24
Amazon_SHLF4,26,352.0,66837.8707210452,24
Amazon_SHLF4,27,373.04,70646.79680542373,25
Amazon_SHLF4,28,458.92,87378.558580339,25
Amazon_SHLF4,29,471.7083333333333,89853.49560381356,24
Amazon_SHLF4,30,297.5652173913044,56304.053265291084,23
Amazon_SHLF4,31,240.0,45309.66123502825,15
Amazon_SHLFC,1,434.6666666666667,131521.71769420904,24
Amazon_SHLFC,2,517.08,156504.20261355932,25
Amazon_SHLFC,3,679.64,203704.4740386441,25
Amazon_SHLFC,4,847.68,253563.56067661018,25
Amazon_SHLFC,5,692.32,209714.33799864407,25
Amazon_SHLFC,6,791.88,238031.08621966105,25
Amazon_SHLFC,7,681.36,207968.03373559323,25
Amazon_SHLFC,8,932.96,296769.96572677966,25
Amazon_SHLFC,9,648.0,200545.32272881354,25
Amazon_SHLFC,10,568.6,175148.54241179663,25
Amazon_SHLFC,11,522.12,159810.10159932205,25
Amazon_SHLFC,12,486.8,147892.88132759323,25
Amazon_SHLFC,13,492.28,150073.9321500339,25
Amazon_SHLFC,14,622.08,187332.10194061018,25
Amazon_SHLFC,15,678.48,204194.4410707119,25
Amazon_SHLFC,16,1454.4,466044.10181288136,25
Amazon_SHLFC,17,683.12,207884.44077667798,25
Amazon_SHLFC,18,516.52,155529.1524840678,25
Amazon_SHLFC,19,547.28,168675.25397267795,25
Amazon_SHLFC,20,571.2,178230.50822149153,25
Amazon_SHLFC,21,535.68,163667.5932783051,25
Amazon_SHLFC,22,620.96,189147.0504882034,25
Amazon_SHLFC,23,456.5416666666667,141506.249995339,24
Amazon_SHLFC,24,584.7083333333334,185040.88954025425,24
Amazon_SHLFC,25,785.125,251849.9998389831,24
Amazon_SHLFC,26,637.6666666666666,201422.66970621468,24
Amazon_SHLFC,27,443.48,133126.47442169493,25
Amazon_SHLFC,28,366.76,110807.69458454238,25
Amazon_SHLFC,29,535.7916666666666,161164.19538135597,24
Amazon_SHLFC,30,418.3478260869565,126925.86673323509,23
Amazon_SHLFC,31,473.3333333333333,140228.13273446326,15
Amazon_UF3R,1,214.16666666666666,44274.152474576265,24
Amazon_UF3R,2,232.48,48258.15202983052,25
Amazon_UF3R,3,278.04,57782.288392542374,25
Amazon_UF3R,4,249.76,51699.050943050854,25
Amazon_UF3R,5,252.28,52183.983227118646,25
Amazon_UF3R,6,232.48,48101.949252881364,25
Amazon_UF3R,7,241.08,50018.185854237294,25
Amazon_UF3R,8,252.16,52334.847394576274,25
Amazon_UF3R,9,238.48,49223.28799389831,25
Amazon_UF3R,10,237.36,49230.15290237288,25
Amazon_UF3R,11,212.32,44252.84685288136,25
Amazon_UF3R,12,190.52,39648.66078101695,25
Amazon_UF3R,13,188.96,39388.42381830509,25
Amazon_UF3R,14,182.68,38014.321981016954,25
Amazon_UF3R,15,187.6,38894.338905762714,25
Amazon_UF3R,16,199.0,41301.30539728813,25
Amazon_UF3R,17,257.28,53661.05092949153,25
Amazon_UF3R,18,185.68,38339.23716067797,25
Amazon_UF3R,19,174.4,35974.52514372882,25
Amazon_UF3R,20,171.32,35382.660830508474,25
Amazon_UF3R,21,158.36,32648.186468474578,25
Amazon_UF3R,22,163.4,33662.28804745763,25
Amazon_UF3R,23,164.125,33885.54035240113,24
Amazon_UF3R,24,166.33333333333334,34274.99982627119,24
Amazon_UF3R,25,178.875,36780.03215324859,24
Amazon_UF3R,26,167.75,34257.362269774014,24
Amazon_UF3R,27,190.68,39142.067873898304,25
Amazon_UF3R,28,191.48,39304.37287050848,25
Amazon_UF3R,29,184.625,37874.999788276844,24
Amazon_UF3R,30,187.65217391304347,38655.729363301405,23
Amazon_UF3R,31,122.4,25332.712055367232,15
Amazon_WCKBT10,1,2.0,140.0,3
Amazon_WCKBT10,2,1.5,105.0,2
Amazon_WCKBT10,3,1.0,70.0,1
Amazon_WCKBT10,4,2.5,175.0,2
Amazon_WCKBT10,5,2.0,140.0,1
Amazon_WCKBT10,6,1.0,70.0,2
Amazon_WCKBT10,7,1.6666666666666667,116.66666666666667,3
Amazon_WCKBT10,8,1.3333333333333333,93.33333333333333,3
Amazon_WCKBT10,9,1.0,70.0,1
Amazon_WCKBT10,10,2.0,140.0,1
Amazon_WCKBT10,11,1.0,70.0,1
Amazon_WCKBT10,13,1.5,105.0,2
Amazon_WCKBT10,14,1.0,70.0,1
Amazon_WCKBT10,15,1.25,87.5,4
Amazon_WCKBT10,16,2.0,140.0,1
Amazon_WCKBT10,17,1.0,70.0,1
Amazon_WCKBT10,18,1.0,70.0,1
Amazon_WCKBT10,19,3.0,210.0,2
Amazon_WCKBT10,20,2.0,140.0,1
Amazon_WCKBT10,21,1.0,70.0,1
Amazon_WCKBT10,23,1.0,70.0,1
Amazon_WCKBT10,24,1.0,70.0,3
Amazon_WCKBT10,25,1.0,70.0,3
Amazon_WCKBT10,26,1.0,70.0,1
Amazon_WCKBT10,27,2.0,140.0,1
Amazon_WCKBT10,28,1.0,70.0,1
Amazon_WCKBT10,29,1.5,105.0,4
Amazon_WCKBT10,30,2.0,140.0,1
Amazon_WCKBT10,31,1.5,105.0,2
Amazon_WCKDT12,1,2.2857142857142856,192.0,7
Amazon_WCKDT12,2,3.090909090909091,259.6363636363636,11
Amazon_WCKDT12,3,1.4285714285714286,120.0,7
Amazon_WCKDT12,4,1.375,115.5,8
Amazon_WCKDT12,5,2.6666666666666665,224.0,9
Amazon_WCKDT12,6,2.1818181818181817,183.27272727272728,11
Amazon_WCKDT12,7,3.25,273.0,8
Amazon_WCKDT12,8,2.25,189.0,8
Amazon_WCKDT12,9,1.7142857142857142,144.0,7
Amazon_WCKDT12,10,2.1,176.4,10
Amazon_WCKDT12,11,2.5,210.0,8
Amazon_WCKDT12,12,1.6666666666666667,140.0,9
Amazon_WCKDT12,13,2.0,168.0,8
Amazon_WCKDT12,14,1.625,136.5,8
Amazon_WCKDT12,15,3.3333333333333335,280.0,9
Amazon_WCKDT12,16,3.2,268.8,5
Amazon_WCKDT12,17,2.375,199.5,8
Amazon_WCKDT12,18,1.3333333333333333,112.0,3
Amazon_WCKDT12,19,2.75,231.0,8
Amazon_WCKDT12,20,2.4285714285714284,204.0,7
Amazon_WCKDT12,21,2.2857142857142856,192.0,7
Amazon_WCKDT12,22,2.4,201.6,5
Amazon_WCKDT12,23,2.7,226.8,10
Amazon_WCKDT12,24,1.8888888888888888,158.66666666666666,9
Amazon_WCKDT12,25,3.1,260.4,10
Amazon_WCKDT12,26,1.8888888888888888,158.66666666666666,9
Amazon_WCKDT12,27,3.0,252.0,7
Amazon_WCKDT12,28,4.5,378.0,8
Amazon_WCKDT12,29,2.909090909090909,244.36363636363637,11
Amazon_WCKDT12,30,2.3333333333333335,196.0,9
Amazon_WCKDT12,31,2.0,168.0,3
Amazon_WCKDT20,1,107.125,14997.5,24
Amazon_WCKDT20,2,112.52,15752.8,25
Amazon_WCKDT20,3,114.68,16055.2,25
Amazon_WCKDT20,4,115.4,16156.0,25
Amazon_WCKDT20,5,116.68,16335.2,25
Amazon_WCKDT20,6,110.48,15467.2,25
Amazon_WCKDT20,7,108.0,15120.0,25
Amazon_WCKDT20,8,108.76,15226.4,25
Amazon_WCKDT20,9,116.16,16262.4,25
Amazon_WCKDT20,10,112.68,15775.2,25
Amazon_WCKDT20,11,113.4,15876.0,25
Amazon_WCKDT20,12,109.68,15355.2,25
Amazon_WCKDT20,13,115.08,16111.2,25
Amazon_WCKDT20,14,101.28,14179.2,25
Amazon_WCKDT20,15,115.6,16184.0,25
Amazon_WCKDT20,16,115.48,16167.2,25
Amazon_WCKDT20,17,108.04,15125.6,25
Amazon_WCKDT20,18,114.96,16094.4,25
Amazon_WCKDT20,19,107.64,15069.6,25
Amazon_WCKDT20,20,109.16,15131.2,25
Amazon_WCKDT20,21,109.92,15388.8,25
Amazon_WCKDT20,22,110.36,15450.4,25
Amazon_WCKDT20,23,102.08333333333333,14291.666666666666,24
Amazon_WCKDT20,24,103.83333333333333,14536.666666666666,24
Amazon_WCKDT20,25,100.29166666666667,14040.833333333334,24
Amazon_WCKDT20,26,92.33333333333333,12926.666666666666,24
Amazon_WCKDT20,27,113.0,15820.0,25
Amazon_WCKDT20,28,115.72,16200.8,25
Amazon_WCKDT20,29,123.16666666666667,17243.333333333332,24
Amazon_WCKDT20,30,115.82608695652173,16215.652173913044,23
Amazon_WCKDT20,31,114.46666666666667,16025.333333333334,15
Amazon_WCKLS12,1,13.555555555555555,1423.3333333333333,18
Amazon_WCKLS12,2,15.764705882352942,1655.2941176470588,17
Amazon_WCKLS12,3,14.894736842105264,1563.9473684210527,19
Amazon_WCKLS12,4,17.894736842105264,1878.9473684210527,19
Amazon_WCKLS12,5,16.529411764705884,1735.5882352941176,17
Amazon_WCKLS12,6,21.666666666666668,2275.0,18
Amazon_WCKLS12,7,18.25,1916.25,16
Amazon_WCKLS12,8,13.166666666666666,1382.5,18
Amazon_WCKLS12,9,11.947368421052632,1254.4736842105262,19
Amazon_WCKLS12,10,14.842105263157896,1558.421052631579,19
Amazon_WCKLS12,11,18.105263157894736,1901.0526315789473,19
Amazon_WCKLS12,12,17.333333333333332,1820.0,18
Amazon_WCKLS12,13,19.263157894736842,2022.6315789473683,19
Amazon_WCKLS12,14,17.38888888888889,1825.8333333333333,18
Amazon_WCKLS12,15,20.38888888888889,2140.8333333333335,18
Amazon_WCKLS12,16,20.88235294117647,2192.6470588235293,17
Amazon_WCKLS12,17,20.11764705882353,2112.3529411764707,17
Amazon_WCKLS12,18,26.333333333333332,2765.0,18
Amazon_WCKLS12,19,22.11111111111111,2321.6666666666665,18
Amazon_WCKLS12,20,22.842105263157894,2357.957181088314,19
Amazon_WCKLS12,21,20.77777777777778,2181.6666666666665,18
Amazon_WCKLS12,22,20.65,2168.25,20
Amazon_WCKLS12,23,19.352941176470587,2032.0588235294117,17
Amazon_WCKLS12,24,24.625,2585.625,16
Amazon_WCKLS12,25,19.529411764705884,2050.5882352941176,17
Amazon_WCKLS12,26,17.444444444444443,1831.6666666666667,18
Amazon_WCKLS12,27,19.11764705882353,2007.3529411764705,17
Amazon_WCKLS12,28,16.42105263157895,1724.2105263157894,19
Amazon_WCKLS12,29,22.235294117647058,2334.705882352941,17
Amazon_WCKLS12,30,14.266666666666667,1498.0,15
Amazon_WCKLS12,31,24.444444444444443,2566.6666666666665,9
Amazon_WCKLS20,1,125.45833333333333,24253.541666666668,24
Amazon_WCKLS20,2,132.24,25440.8,25
Amazon_WCKLS20,3,129.76,25034.8,25
Amazon_WCKLS20,4,138.92,26740.0,25
Amazon_WCKLS20,5,135.28,26014.8,25
Amazon_WCKLS20,6,133.0,25508.0,25
Amazon_WCKLS20,7,141.68,27202.0,25
Amazon_WCKLS20,8,144.24,27608.0,25
Amazon_WCKLS20,9,136.76,25979.8,25
Amazon_WCKLS20,10,146.48,28079.8,25
Amazon_WCKLS20,11,147.36,28439.6,25
Amazon_WCKLS20,12,133.72,25877.6,25
Amazon_WCKLS20,13,139.04,26710.6,25
Amazon_WCKLS20,14,134.44,25685.8,25
Amazon_WCKLS20,15,134.88,25838.4,25
Amazon_WCKLS20,16,141.52,26972.4,25
Amazon_WCKLS20,17,138.68,26343.8,25
Amazon_WCKLS20,18,140.0,26573.4,25
Amazon_WCKLS20,19,134.88,25632.6,25
Amazon_WCKLS20,20,123.64,23422.04745762712,25
Amazon_WCKLS20,21,123.36,23468.2,25
Amazon_WCKLS20,22,127.28,24400.6,25
Amazon_WCKLS20,23,125.70833333333333,23801.458333333332,24
Amazon_WCKLS20,24,134.45833333333334,25504.791666666668,24
Amazon_WCKLS20,25,128.04166666666666,24472.291666666668,24
Amazon_WCKLS20,26,125.375,23872.916666666668,24
Amazon_WCKLS20,27,138.72,26775.0,25
Amazon_WCKLS20,28,137.92,26509.0,25
Amazon_WCKLS20,29,142.16666666666666,27386.041666666668,24
Amazon_WCKLS20,30,132.30434782608697,25422.17391304348,23
Amazon_WCKLS20,31,122.53333333333333,23480.333333333332,15
Amazon_WCKOR12,1,7.2727272727272725,1221.8181818181818,11
Amazon_WCKOR12,2,8.727272727272727,1466.1818181818182,11
Amazon_WCKOR12,3,8.2,1377.6,10
Amazon_WCKOR12,4,7.833333333333333,1316.0,12
Amazon_WCKOR12,5,6.2,1041.6,10
Amazon_WCKOR12,6,6.916666666666667,1162.0,12
Amazon_WCKOR12,7,6.909090909090909,1160.7272727272727,11
Amazon_WCKOR12,8,6.4,1075.2,10
Amazon_WCKOR12,9,6.2727272727272725,1053.8181818181818,11
Amazon_WCKOR12,10,7.454545454545454,1252.3636363636363,11
Amazon_WCKOR12,11,10.2,1713.6,10
Amazon_WCKOR12,12,9.0,1512.0,10
Amazon_WCKOR12,13,7.7272727272727275,1298.1818181818182,11
Amazon_WCKOR12,14,7.636363636363637,1282.909090909091,11
Amazon_WCKOR12,15,9.2,1545.6,10
Amazon_WCKOR12,16,9.9,1663.2,10
Amazon_WCKOR12,17,11.5,1932.0,8
Amazon_WCKOR12,18,8.636363636363637,1450.909090909091,11
Amazon_WCKOR12,19,8.363636363636363,1405.090909090909,11
Amazon_WCKOR12,20,9.454545454545455,1588.3636363636363,11
Amazon_WCKOR12,21,9.181818181818182,1542.5454545454545,11
Amazon_WCKOR12,22,9.090909090909092,1527.2727272727273,11
Amazon_WCKOR12,23,9.181818181818182,1542.5454545454545,11
Amazon_WCKOR12,24,12.8,2150.4,10
Amazon_WCKOR12,25,8.9,1495.2,10
Amazon_WCKOR12,26,9.666666666666666,1624.0,12
Amazon_WCKOR12,27,11.555555555555555,1941.3333333333333,9
Amazon_WCKOR12,28,7.181818181818182,1206.5454545454545,11
Amazon_WCKOR12,29,7.666666666666667,1288.0,9
Amazon_WCKOR12,30,5.7,957.6,10
Amazon_WCKOR12,31,7.5,1260.0,6
Amazon_WCKOR20,1,8.545454545454545,2234.909090909091,11
Amazon_WCKOR20,2,9.0,2369.818181818182,11
Amazon_WCKOR20,3,7.461538461538462,2018.1538461538462,13
Amazon_WCKOR20,4,7.363636363636363,1980.3636363636363,11
Amazon_WCKOR20,5,7.083333333333333,1939.0,12
Amazon_WCKOR20,6,5.416666666666667,1465.3333333333333,12
Amazon_WCKOR20,7,5.461538461538462,1490.4615384615386,13
Amazon_WCKOR20,8,6.75,1845.6666666666667,12
Amazon_WCKOR20,9,4.545454545454546,1221.8181818181818,11
Amazon_WCKOR20,10,4.818181818181818,1310.909090909091,11
Amazon_WCKOR20,11,5.6,1520.4,10
Amazon_WCKOR20,12,5.333333333333333,1470.0,12
Amazon_WCKOR20,13,5.076923076923077,1378.4615384615386,13
Amazon_WCKOR20,14,6.454545454545454,1748.7272727272727,11
Amazon_WCKOR20,15,6.7,1811.6,10
Amazon_WCKOR20,16,6.1,1643.6,10
Amazon_WCKOR20,17,7.461538461538462,2005.2307692307693,13
Amazon_WCKOR20,18,6.0,1587.3846153846155,13
Amazon_WCKOR20,19,6.416666666666667,1715.0,12
Amazon_WCKOR20,20,6.230769230769231,1669.2307692307693,13
Amazon_WCKOR20,21,6.833333333333333,1848.0,12
Amazon_WCKOR20,22,7.083333333333333,1876.0,12
Amazon_WCKOR20,23,7.75,2079.0,12
Amazon_WCKOR20,24,8.6,2284.8,10
Amazon_WCKOR20,25,6.909090909090909,1830.1818181818182,11
Amazon_WCKOR20,26,5.75,1530.6666666666667,12
Amazon_WCKOR20,27,8.666666666666666,2298.3333333333335,12
Amazon_WCKOR20,28,9.5,2506.0,12
Amazon_WCKOR20,29,10.5,2752.4,10
Amazon_WCKOR20,30,9.727272727272727,2563.2727272727275,11
Amazon_WCKOR20,31,9.25,2411.5,8
Amazon_WCKRGSS,1,3.0833333333333335,1371.82201539548,12
Amazon_WCKRGSS,2,4.0,1779.660993220339,12
Amazon_WCKRGSS,3,4.7272727272727275,2103.2357376733435,11
Amazon_WCKRGSS,4,3.6666666666666665,1631.355923799435,12
Amazon_WCKRGSS,5,4.076923076923077,1813.8852572359845,13
Amazon_WCKRGSS,6,4.583333333333333,2039.1949096045198,12
Amazon_WCKRGSS,7,4.7,2091.1016877118645,10
Amazon_WCKRGSS,8,3.4615384615384617,1540.0912569100392,13
Amazon_WCKRGSS,9,4.615384615384615,2053.455027444589,13
Amazon_WCKRGSS,10,4.9,2180.0847348305083,10
Amazon_WCKRGSS,11,4.615384615384615,2053.4550197522817,13
Amazon_WCKRGSS,12,3.4615384615384617,1540.0912517601043,13
Amazon_WCKRGSS,13,5.416666666666667,2409.9576124293785,12
Amazon_WCKRGSS,14,5.222222222222222,2323.446298399247,9
Amazon_WCKRGSS,15,4.583333333333333,2039.194904378531,12
Amazon_WCKRGSS,16,6.090909090909091,2709.938336286595,11
Amazon_WCKRGSS,17,5.923076923076923,2635.267281681877,13
Amazon_WCKRGSS,18,5.076923076923077,2258.8005153194263,13
Amazon_WCKRGSS,19,5.230769230769231,2327.2489954367666,13
Amazon_WCKRGSS,20,5.636363636363637,2507.7041506163328,11
Amazon_WCKRGSS,21,6.0,2669.491500616333,11
Amazon_WCKRGSS,22,3.8666666666666667,1720.3389748587572,15
Amazon_WCKRGSS,23,4.583333333333333,2039.1949022598872,12
Amazon_WCKRGSS,24,3.769230769230769,1676.9882537157757,13
Amazon_WCKRGSS,25,4.090909090909091,1820.1078675654855,11
Amazon_WCKRGSS,26,3.5454545454545454,1577.4268031587055,11
Amazon_WCKRGSS,27,4.5,2002.1186269067796,12
Amazon_WCKRGSS,28,3.9166666666666665,1742.5847262005652,12
Amazon_WCKRGSS,29,3.0,1334.7457518361582,12
Amazon_WCKRGSS,30,3.272727272727273,1456.086272496148,11
Amazon_WCKRGSS,31,3.125,1390.3601568855931,8
Amazon_WCKRI12,1,3.0,252.0,10
Amazon_WCKRI12,2,3.3333333333333335,280.0,12
Amazon_WCKRI12,3,3.1666666666666665,266.0,12
Amazon_WCKRI12,4,1.4285714285714286,120.0,7
Amazon_WCKRI12,5,2.25,189.0,12
Amazon_WCKRI12,6,2.727272727272727,229.0909090909091,11
Amazon_WCKRI12,7,3.1538461538461537,264.9230769230769,13
Amazon_WCKRI12,8,4.1,344.4,10
Amazon_WCKRI12,9,2.4545454545454546,206.1818181818182,11
Amazon_WCKRI12,10,3.769230769230769,316.61538461538464,13
Amazon_WCKRI12,11,2.9,243.6,10
Amazon_WCKRI12,12,2.5,210.0,10
Amazon_WCKRI12,13,1.7,142.8,10
Amazon_WCKRI12,14,3.0,252.0,13
Amazon_WCKRI12,15,3.25,273.0,8
Amazon_WCKRI12,16,3.4285714285714284,288.0,7
Amazon_WCKRI12,17,1.9166666666666667,161.0,12
Amazon_WCKRI12,18,4.0,336.0,8
Amazon_WCKRI12,19,3.3846153846153846,284.3076923076923,13
Amazon_WCKRI12,20,3.8,319.2,10
Amazon_WCKRI12,21,3.3846153846153846,284.3076923076923,13
Amazon_WCKRI12,22,3.125,262.5,8
Amazon_WCKRI12,23,3.5,294.0,8
Amazon_WCKRI12,24,2.111111111111111,177.33333333333334,9
Amazon_WCKRI12,25,2.3636363636363638,198.54545454545453,11
Amazon_WCKRI12,26,3.0833333333333335,259.0,12
Amazon_WCKRI12,27,2.909090909090909,244.36363636363637,11
Amazon_WCKRI12,28,2.1666666666666665,182.0,12
Amazon_WCKRI12,29,4.111111111111111,345.3333333333333,9
Amazon_WCKRI12,30,3.5,294.0,8
Amazon_WCKRI12,31,3.6,302.4,5
Amazon_WCKRI20,1,14.333333333333334,2006.6666666666667,24
Amazon_WCKRI20,2,13.16,1842.4,25
Amazon_WCKRI20,3,13.32,1864.8,25
Amazon_WCKRI20,4,10.28,1439.2,25
Amazon_WCKRI20,5,11.92,1668.8,25
Amazon_WCKRI20,6,11.68,1635.2,25
Amazon_WCKRI20,7,13.76,1926.4,25
Amazon_WCKRI20,8,12.12,1696.8,25
Amazon_WCKRI20,9,11.0,1540.0,25
Amazon_WCKRI20,10,13.96,1954.4,25
Amazon_WCKRI20,11,14.24,1993.6,25
Amazon_WCKRI20,12,17.72,2480.8,25
Amazon_WCKRI20,13,13.88,1943.2,25
Amazon_WCKRI20,14,13.36,1870.4,25
Amazon_WCKRI20,15,13.84,1937.6,25
Amazon_WCKRI20,16,16.68,2335.2,25
Amazon_WCKRI20,17,12.84,1797.6,25
Amazon_WCKRI20,18,14.64,2049.6,25
Amazon_WCKRI20,19,17.64,2469.6,25
Amazon_WCKRI20,20,17.36,2421.857627118644,25
Amazon_WCKRI20,21,16.8,2352.0,25
Amazon_WCKRI20,22,19.24,2693.6,25
Amazon_WCKRI20,23,16.52173913043478,2313.0434782608695,23
Amazon_WCKRI20,24,14.791666666666666,2070.8333333333335,24
Amazon_WCKRI20,25,12.625,1767.5,24
Amazon_WCKRI20,26,13.708333333333334,1919.1666666666667,24
Amazon_WCKRI20,27,14.48,2027.2,25
Amazon_WCKRI20,28,17.375,2432.5,24
Amazon_WCKRI20,29,14.25,1995.0,24
Amazon_WCKRI20,30,16.652173913043477,2331.304347826087,23
Amazon_WCKRI20,31,11.066666666666666,1549.3333333333333,15
Amazon_WCKSK1,1,47.541666666666664,8985.375,24
Amazon_WCKSK1,2,50.88,9616.32,25
Amazon_WCKSK1,3,55.64,10515.96,25
Amazon_WCKSK1,4,61.08,11544.12,25
Amazon_WCKSK1,5,66.6,12587.4,25
Amazon_WCKSK1,6,64.52,12194.28,25
Amazon_WCKSK1,7,66.64,12594.96,25
Amazon_WCKSK1,8,72.56,13713.84,25
Amazon_WCKSK1,9,68.04,12859.56,25
Amazon_WCKSK1,10,71.0,13419.0,25
Amazon_WCKSK1,11,70.92,13403.88,25
Amazon_WCKSK1,12,71.96,13600.44,25
Amazon_WCKSK1,13,68.2,12889.8,25
Amazon_WCKSK1,14,61.44,11612.16,25
Amazon_WCKSK1,15,66.48,12564.72,25
Amazon_WCKSK1,16,73.08,13812.12,25
Amazon_WCKSK1,17,76.32,14424.48,25
Amazon_WCKSK1,18,75.84,14333.76,25
Amazon_WCKSK1,19,69.28,13093.92,25
Amazon_WCKSK1,20,61.36,11545.145084745764,25
Amazon_WCKSK1,21,57.88,10939.32,25
Amazon_WCKSK1,22,55.04,10402.56,25
Amazon_WCKSK1,23,51.375,9709.875,24
Amazon_WCKSK1,24,53.958333333333336,10198.125,24
Amazon_WCKSK1,25,48.333333333333336,9135.0,24
Amazon_WCKSK1,26,47.833333333333336,9040.5,24
Amazon_WCKSK1,27,47.0,8883.0,25
Amazon_WCKSK1,28,51.0,9639.0,25
Amazon_WCKSK1,29,48.791666666666664,9221.625,24
Amazon_WCKSK1,30,42.56521739130435,8044.826086956522,23
Amazon_WCKSK1,31,42.13333333333333,7963.2,15
Amazon_WCKUD20,1,15.727272727272727,3743.090909090909,22
Amazon_WCKUD20,2,24.63157894736842,5862.315789473684,19
Amazon_WCKUD20,3,24.4,5807.2,20
Amazon_WCKUD20,4,26.736842105263158,6363.368421052632,19
Amazon_WCKUD20,5,24.0,5712.0,20
Amazon_WCKUD20,6,25.3,6021.4,20
Amazon_WCKUD20,7,27.5,6545.0,20
Amazon_WCKUD20,8,29.526315789473685,7027.263157894737,19
Amazon_WCKUD20,9,28.428571428571427,6766.0,21
Amazon_WCKUD20,10,28.4,6759.2,20
Amazon_WCKUD20,11,24.047619047619047,5723.333333333333,21
Amazon_WCKUD20,12,37.22222222222222,8858.888888888889,18
Amazon_WCKUD20,13,31.85,7580.3,20
Amazon_WCKUD20,14,31.842105263157894,7578.421052631579,19
Amazon_WCKUD20,15,33.31578947368421,7929.1578947368425,19
Amazon_WCKUD20,16,39.44444444444444,9387.777777777777,18
Amazon_WCKUD20,17,28.736842105263158,6839.368421052632,19
Amazon_WCKUD20,18,25.85,6152.3,20
Amazon_WCKUD20,19,31.526315789473685,7503.263157894737,19
Amazon_WCKUD20,20,33.5,7882.237288135594,18
Amazon_WCKUD20,21,34.388888888888886,8184.555555555556,18
Amazon_WCKUD20,22,29.666666666666668,7060.666666666667,21
Amazon_WCKUD20,23,36.1578947368421,8605.578947368422,19
Amazon_WCKUD20,24,26.263157894736842,6250.631578947367,19
Amazon_WCKUD20,25,22.526315789473685,5361.263157894737,19
Amazon_WCKUD20,26,18.4,4379.2,20
Amazon_WCKUD20,27,15.631578947368421,3720.315789473684,19
Amazon_WCKUD20,28,18.05263157894737,4296.526315789473,19
Amazon_WCKUD20,29,18.4,4379.2,20
Amazon_WCKUD20,30,18.764705882352942,4466.0,17
Amazon_WCKUD20,31,23.454545454545453,5582.181818181818,11
Amazon_WCKVA10,1,1.0,70.0,1
Amazon_WCKVA10,2,1.0,70.0,2
Amazon_WCKVA10,4,1.5,105.0,2
Amazon_WCKVA10,5,1.5,105.0,2
Amazon_WCKVA10,6,2.0,140.0,3
Amazon_WCKVA10,7,1.0,70.0,4
Amazon_WCKVA10,8,1.0,70.0,2
Amazon_WCKVA10,9,1.0,70.0,3
Amazon_WCKVA10,10,1.0,70.0,1
Amazon_WCKVA10,11,1.0,70.0,1
Amazon_WCKVA10,13,2.0,140.0,1
Amazon_WCKVA10,14,1.5,105.0,2
Amazon_WCKVA10,15,3.0,210.0,1
Amazon_WCKVA10,16,2.0,140.0,2
Amazon_WCKVA10,17,1.6666666666666667,116.66666666666667,3
Amazon_WCKVA10,19,2.3333333333333335,163.33333333333334,3
Amazon_WCKVA10,20,1.0,70.0,1
Amazon_WCKVA10,22,1.0,70.0,3
Amazon_WCKVA10,23,1.0,70.0,1
Amazon_WCKVA10,24,1.0,70.0,1
Amazon_WCKVA10,25,1.0,70.0,1
Amazon_WCKVA10,26,1.0,70.0,1
Amazon_WCKVA10,27,1.0,70.0,3
Amazon_WCKVA10,28,1.0,70.0,2
Amazon_WCKVA10,29,1.0,70.0,1
Amazon_WCKVA10,31,1.0,70.0,1
Amazon_WLKALSS,1,9.136363636363637,1660.8551547380587,22
Amazon_WLKALSS,2,8.3,1511.4703438135593,20
Amazon_WLKALSS,3,8.5,1550.8609401078581,22
Amazon_WLKALSS,4,8.681818181818182,1585.9899841063175,22
Amazon_WLKALSS,5,8.35,1527.3072104915254,20
Amazon_WLKALSS,6,6.304347826086956,1155.6779667207074,23
Amazon_WLKALSS,7,6.681818181818182,1220.8782769645609,22
Amazon_WLKALSS,8,6.7272727272727275,1232.3959922727272,22
Amazon_WLKALSS,9,7.380952380952381,1347.7925729539952,21
Amazon_WLKALSS,10,6.85,1253.012710440678,20
Amazon_WLKALSS,11,5.857142857142857,1067.2538346569813,21
Amazon_WLKALSS,12,7.9,1437.9872896525426,20
Amazon_WLKALSS,13,5.636363636363637,1030.8358994530047,22
Amazon_WLKALSS,14,8.26086956521739,1509.8728838761976,23
Amazon_WLKALSS,15,7.521739130434782,1385.9322015401622,23
Amazon_WLKALSS,16,9.35,1711.648300898305,20
Amazon_WLKALSS,17,7.238095238095238,1326.0734442211462,21
Amazon_WLKALSS,18,8.565217391304348,1575.9745718128227,23
Amazon_WLKALSS,19,7.947368421052632,1449.6565650312223,19
Amazon_WLKALSS,20,7.869565217391305,1448.1779635224761,23
Amazon_WLKALSS,21,7.9,1505.8324131525424,20
Amazon_WLKALSS,22,8.0,1512.230509118644,20
Amazon_WLKALSS,23,8.842105263157896,1669.5055714183766,19
Amazon_WLKALSS,24,8.055555555555555,1534.416191779661,18
Amazon_WLKALSS,25,7.857142857142857,1442.5121038175948,21
Amazon_WLKALSS,26,9.052631578947368,1664.3710992506692,19
Amazon_WLKALSS,27,8.681818181818182,1590.0211800693376,22
Amazon_WLKALSS,28,9.5,1761.692798118644,20
Amazon_WLKALSS,29,8.571428571428571,1580.0665867231637,21
Amazon_WLKALSS,30,10.15,1864.3156684830508,20
Amazon_WLKALSS,31,12.0,2240.550842816167,13
Amazon_WLKSTSS,1,49.0,8885.536754096045,24
Amazon_WLKSTSS,2,53.72,9796.557623932204,25
Amazon_WLKSTSS,3,54.68,9936.428800677966,25
Amazon_WLKSTSS,4,57.44,10449.796738101695,25
Amazon_WLKSTSS,5,57.8,10572.944021898305,25
Amazon_WLKSTSS,6,58.96,10737.140687796611,25
Amazon_WLKSTSS,7,61.92,11298.145708474578,25
Amazon_WLKSTSS,8,63.92,11628.059258169493,25
Amazon_WLKSTSS,9,66.36,12080.106793966102,25
Amazon_WLKSTSS,10,66.0,12004.089879118645,25
Amazon_WLKSTSS,11,61.32,11168.916994779662,25
Amazon_WLKSTSS,12,60.96,11133.442392542374,25
Amazon_WLKSTSS,13,56.88,10370.232187322033,25
Amazon_WLKSTSS,14,54.48,9964.80850176271,25
Amazon_WLKSTSS,15,55.76,10162.959305152543,25
Amazon_WLKSTSS,16,58.56,10668.21860501695,25
Amazon_WLKSTSS,17,58.0,10570.916945762714,25
Amazon_WLKSTSS,18,56.56,10307.898353627119,25
Amazon_WLKSTSS,19,54.84,9997.749105220339,25
Amazon_WLKSTSS,20,54.48,9969.36951559322,25
Amazon_WLKSTSS,21,54.52,10008.442225491526,25
Amazon_WLKSTSS,22,54.24,9976.109658508476,25
Amazon_WLKSTSS,23,54.125,9909.178861511298,24
Amazon_WLKSTSS,24,52.875,9733.759216172317,24
Amazon_WLKSTSS,25,50.625,9209.66455331921,24
Amazon_WLKSTSS,26,49.291666666666664,9015.926889124294,24
Amazon_WLKSTSS,27,45.64,8345.647488949153,25
Amazon_WLKSTSS,28,57.84,10584.093160677967,25
Amazon_WLKSTSS,29,52.416666666666664,9623.006731920905,24
Amazon_WLKSTSS,30,49.56521739130435,9057.58478614591,23
Amazon_WLKSTSS,31,50.266666666666666,9250.41811355932,15
Flipkart_ACCO5M,1,233.1818181818182,38967.56868517405,11
Flipkart_ACCO5M,2,213.45454545454547,35671.76009193687,11
Flipkart_ACCO5M,3,205.54545454545453,34348.4653005027,11
Flipkart_ACCO5M,4,198.8181818181818,33224.91339462251,11
Flipkart_ACCO5M,5,207.45454545454547,34668.36814063047,11
Flipkart_ACCO5M,6,197.0909090909091,32936.21258599458,11
Flipkart_ACCO5M,7,175.36363636363637,29305.043588617234,11
Flipkart_ACCO5M,8,168.8181818181818,28211.93272880481,11
Flipkart_ACCO5M,9,161.27272727272728,26949.94013218814,11
Flipkart_ACCO5M,10,138.54545454545453,23153.747140727177,11
Flipkart_ACCO5M,11,167.0909090909091,27923.215065509212,11
Flipkart_ACCO5M,12,156.8181818181818,26207.087714377154,11
Flipkart_ACCO5M,13,152.0,25400.58302361669,11
Flipkart_ACCO5M,14,167.54545454545453,27997.52688457966,11
Flipkart_ACCO5M,15,183.36363636363637,30642.024229655683,11
Flipkart_ACCO5M,16,158.63636363636363,26511.68743469691,11
Flipkart_ACCO5M,17,180.54545454545453,30172.04026255634,11
Flipkart_ACCO5M,18,155.63636363636363,26012.57845978378,11
Flipkart_ACCO5M,19,177.45454545454547,29663.731033396747,11
Flipkart_ACCO5M,20,153.27272727272728,25617.82070124951,11
Flipkart_ACCO5M,21,158.72727272727272,26530.416213153712,11
Flipkart_ACCO5M,22,142.0909090909091,23749.54860892946,11
Flipkart_ACCO5M,23,167.1818181818182,27943.86087710408,11
Flipkart_ACCO5M,24,164.1818181818182,27444.756204048615,11
Flipkart_ACCO5M,25,141.27272727272728,23613.83060598364,11
Flipkart_ACCO5M,26,143.7,24018.47797858566,10
Flipkart_ACCO5M,27,178.2,29787.631447755895,10
Flipkart_ACCO5M,28,156.5,26158.304240246565,10
Flipkart_ACCO5M,29,148.0,24736.66691301268,10
Flipkart_ACCO5M,30,160.4,26809.224857913377,10
Flipkart_ACCO5M,31,136.16666666666666,22766.345348877105,6
Flipkart_ACLH5,1,619.2727272727273,142126.05601556224,11
Flipkart_ACLH5,2,581.9090909090909,133862.5193034583,11
Flipkart_ACLH5,3,566.2727272727273,130266.80257922503,11
Flipkart_ACLH5,4,524.5454545454545,120344.0931921951,11
Flipkart_ACLH5,5,538.6363636363636,123750.01813092669,11
Flipkart_ACLH5,6,441.6363636363636,101347.83149227408,11
Flipkart_ACLH5,7,449.1818181818182,102917.48131182446,11
Flipkart_ACLH5,8,404.90909090909093,92948.47615069407,11
Flipkart_ACLH5,9,410.0,94187.24237555692,11
Flipkart_ACLH5,10,408.45454545454544,93847.2589559537,11
Flipkart_ACLH5,11,371.09090909090907,85355.02729677074,11
Flipkart_ACLH5,12,340.0,78011.7802789464,11
Flipkart_ACLH5,13,352.0,80796.51509752094,11
Flipkart_ACLH5,14,411.09090909090907,93977.40083327462,11
Flipkart_ACLH5,15,744.1818181818181,169783.82401013502,11
Flipkart_ACLH5,16,676.4545454545455,153458.21584721617,11
Flipkart_ACLH5,17,419.8181818181818,96357.02934784986,11
Flipkart_ACLH5,18,558.6363636363636,127959.69274068307,11
Flipkart_ACLH5,19,582.7272727272727,134123.97975708044,11
Flipkart_ACLH5,20,623.0909090909091,143545.59503145592,11
Flipkart_ACLH5,21,456.8181818181818,104922.68650895025,11
Flipkart_ACLH5,22,421.6363636363636,97018.79663233078,11
Flipkart_ACLH5,23,487.54545454545456,112211.4533360702,11
Flipkart_ACLH5,24,463.27272727272725,106711.7468253963,11
Flipkart_ACLH5,25,501.72727272727275,114917.65373597587,11
Flipkart_ACLH5,26,386.7,88761.35140160666,10
Flipkart_ACLH5,27,361.9,83055.08832387869,10
Flipkart_ACLH5,28,425.6,98377.69839718411,10
Flipkart_ACLH5,29,501.4,114834.30609485398,10
Flipkart_ACLH5,30,480.3,109907.2169067614,10
Flipkart_ACLH5,31,517.1666666666666,118508.50127167812,6
Flipkart_AGNAJ,1,234.36363636363637,31260.801032468175,11
Flipkart_AGNAJ,2,201.0909090909091,26757.174439955885,11
Flipkart_AGNAJ,3,214.54545454545453,28497.50968719411,11
Flipkart_AGNAJ,4,172.72727272727272,23053.585864633056,11
Flipkart_AGNAJ,5,170.9090909090909,22832.14539025809,11
Flipkart_AGNAJ,6,147.45454545454547,19720.2983717391,11
Flipkart_AGNAJ,7,124.54545454545455,16632.008652037886,11
Flipkart_AGNAJ,8,125.0909090909091,16766.868629787936,11
Flipkart_AGNAJ,9,120.0909090909091,16083.42418644784,11
Flipkart_AGNAJ,10,114.81818181818181,15420.702783869645,11
Flipkart_AGNAJ,11,114.63636363636364,15408.74956854848,11
Flipkart_AGNAJ,12,100.45454545454545,13461.25618871451,11
Flipkart_AGNAJ,13,125.9090909090909,16867.9179378744,11
Flipkart_AGNAJ,14,121.36363636363636,16135.157689300111,11
Flipkart_AGNAJ,15,122.0,16312.731575401327,11
Flipkart_AGNAJ,16,106.5,14344.069226590855,10
Flipkart_AGNAJ,17,90.2,12161.9788170046,10
Flipkart_AGNAJ,18,137.2,18499.202238698228,10
Flipkart_AGNAJ,19,122.45454545454545,16702.851633738726,11
Flipkart_AGNAJ,20,139.63636363636363,18867.542432244918,11
Flipkart_AGNAJ,21,129.0,17489.865065392536,11
Flipkart_AGNAJ,22,122.9090909090909,16603.60060751584,11
Flipkart_AGNAJ,23,140.27272727272728,18953.685835347555,11
Flipkart_AGNAJ,24,123.54545454545455,16688.821230614274,11
Flipkart_AGNAJ,25,148.36363636363637,20039.41266928329,11
Flipkart_AGNAJ,26,151.3,20276.245661932786,10
Flipkart_AGNAJ,27,156.7,20919.82498802625,10
Flipkart_AGNAJ,28,142.5,19028.368051265286,10
Flipkart_AGNAJ,29,194.6,26183.340213157055,10
Flipkart_AGNAJ,30,162.5,21853.130497600447,10
Flipkart_AGNAJ,31,151.33333333333334,20788.700323598947,6
Flipkart_AGNAM9,1,594.9090909090909,182420.18982182414,11
Flipkart_AGNAM9,2,498.6363636363636,152879.02605301255,11
Flipkart_AGNAM9,3,499.1818181818182,152977.20230670038,11
Flipkart_AGNAM9,4,515.0,157796.61533629938,11
Flipkart_AGNAM9,5,597.7272727272727,183197.90573188604,11
Flipkart_AGNAM9,6,471.27272727272725,144474.2804307663,11
Flipkart_AGNAM9,7,454.45454545454544,139312.48530358542,11
Flipkart_AGNAM9,8,415.27272727272725,127301.19447385095,11
Flipkart_AGNAM9,9,439.8181818181818,134787.0045855755,11
Flipkart_AGNAM9,10,422.0,129323.29825314335,11
Flipkart_AGNAM9,11,448.8181818181818,137581.55734910397,11
Flipkart_AGNAM9,12,421.90909090909093,129328.47253434714,11
Flipkart_AGNAM9,13,452.27272727272725,138626.74188910128,11
Flipkart_AGNAM9,14,406.0,124456.43877940545,11
Flipkart_AGNAM9,15,482.45454545454544,147890.89021730705,11
Flipkart_AGNAM9,16,424.0,129952.47375706238,10
Flipkart_AGNAM9,17,360.3,110460.04812736774,10
Flipkart_AGNAM9,18,348.7,106917.5234932258,10
Flipkart_AGNAM9,19,360.1818181818182,110441.69059450937,11
Flipkart_AGNAM9,20,337.8181818181818,103572.00019224826,11
Flipkart_AGNAM9,21,333.0,102086.59101513894,11
Flipkart_AGNAM9,22,341.09090909090907,104564.82351673026,11
Flipkart_AGNAM9,23,301.0,92292.52557266636,11
Flipkart_AGNAM9,24,276.90909090909093,84896.71630072541,11
Flipkart_AGNAM9,25,343.8181818181818,105421.53355,11
Flipkart_AGNAM9,26,279.0,85538.10854248329,10
Flipkart_AGNAM9,27,262.8,80568.13999288205,10
Flipkart_AGNAM9,28,387.0,118528.23361607835,10
Flipkart_AGNAM9,29,426.5,130711.2082484202,10
Flipkart_AGNAM9,30,418.9,128407.65575112119,10
Flipkart_AGNAM9,31,410.3333333333333,125780.20006135046,6
Flipkart_AGNSM9,1,478.1818181818182,146644.74977536942,11
Flipkart_AGNSM9,2,405.72727272727275,124404.45348173763,11
Flipkart_AGNSM9,3,394.1818181818182,120845.16691967295,11
Flipkart_AGNSM9,4,364.1818181818182,111659.59902564957,11
Flipkart_AGNSM9,5,391.72727272727275,120121.56168713706,11
Flipkart_AGNSM9,6,337.8181818181818,103578.78421419938,11
Flipkart_AGNSM9,7,350.6363636363636,107504.91225315823,11
Flipkart_AGNSM9,8,315.0,96580.58362916684,11
Flipkart_AGNSM9,9,299.90909090909093,91931.79326270499,11
Flipkart_AGNSM9,10,292.90909090909093,89797.6653720854,11
Flipkart_AGNSM9,11,277.09090909090907,84967.81434707157,11
Flipkart_AGNSM9,12,286.1818181818182,87745.71296267366,11
Flipkart_AGNSM9,13,297.3636363636364,91149.98641148247,11
Flipkart_AGNSM9,14,247.9090909090909,76010.92284108211,11
Flipkart_AGNSM9,15,272.9,83686.69392978272,10
Flipkart_AGNSM9,16,279.2,85598.86577156352,10
Flipkart_AGNSM9,17,222.45454545454547,68215.65528267887,11
Flipkart_AGNSM9,18,248.1,76077.09354841398,10
Flipkart_AGNSM9,19,247.9090909090909,76021.93425840809,11
Flipkart_AGNSM9,20,291.72727272727275,89432.720965534,11
Flipkart_AGNSM9,21,287.27272727272725,88053.73607812187,11
Flipkart_AGNSM9,22,250.0909090909091,76687.2362299349,11
Flipkart_AGNSM9,23,240.8181818181818,73841.90499653068,11
Flipkart_AGNSM9,24,252.8181818181818,77506.69353007853,11
Flipkart_AGNSM9,25,313.1818181818182,96002.52038082758,11
Flipkart_AGNSM9,26,267.3,81937.43244973963,10
Flipkart_AGNSM9,27,204.3,62647.181336657086,10
Flipkart_AGNSM9,28,293.6,89958.79213398634,10
Flipkart_AGNSM9,29,266.4,81680.95057198692,10
Flipkart_AGNSM9,30,309.6,94942.30067345867,10
Flipkart_AGNSM9,31,284.8333333333333,87342.78237550521,6
Flipkart_ASPCB4M,1,739.7272727272727,127055.39291217258,11
Flipkart_ASPCB4M,2,669.7272727272727,117891.21725731896,11
Flipkart_ASPCB4M,3,660.5454545454545,118488.21263482282,11
Flipkart_ASPCB4M,4,577.0,107797.84283513097,11
Flipkart_ASPCB4M,5,592.6363636363636,105827.81201848999,11
Flipkart_ASPCB4M,6,571.9090909090909,99400.53929121727,11
Flipkart_ASPCB4M,7,488.1818181818182,85006.31741140217,11
Flipkart_ASPCB4M,8,473.54545454545456,82873.42064714945,11
Flipkart_ASPCB4M,9,433.27272727272725,76202.92758089368,11
Flipkart_ASPCB4M,10,398.45454545454544,70611.01694915256,11
Flipkart_ASPCB4M,11,425.8181818181818,73578.73651771958,11
Flipkart_ASPCB4M,12,407.90909090909093,71491.67950693375,11
Flipkart_ASPCB4M,13,430.45454545454544,78537.51926040062,11
Flipkart_ASPCB4M,14,403.0,70655.23882896765,11
Flipkart_ASPCB4M,15,624.4545454545455,110640.98613251158,11
Flipkart_ASPCB4M,16,543.5454545454545,98032.35747303544,11
Flipkart_ASPCB4M,17,462.45454545454544,82743.45146379045,11
Flipkart_ASPCB4M,18,435.90909090909093,76009.32203389831,11
Flipkart_ASPCB4M,19,461.1818181818182,80633.74422187982,11
Flipkart_ASPCB4M,20,453.90909090909093,81424.88443759631,11
Flipkart_ASPCB4M,21,454.3636363636364,80573.88289676426,11
Flipkart_ASPCB4M,22,435.72727272727275,77668.18181818182,11
Flipkart_ASPCB4M,23,423.09090909090907,75415.02311248075,11
Flipkart_ASPCB4M,24,404.72727272727275,71183.20493066256,11
Flipkart_ASPCB4M,25,437.3636363636364,77688.13559322034,11
Flipkart_ASPCB4M,26,391.5,69182.54237288135,10
Flipkart_ASPCB4M,27,387.2,68804.06779661016,10
Flipkart_ASPCB4M,28,477.2,91891.01694915254,10
Flipkart_ASPCB4M,29,491.3,86009.2372881356,10
Flipkart_ASPCB4M,30,519.3,90697.45762711865,10
Flipkart_ASPCB4M,31,403.8333333333333,71691.66666666667,6
Flipkart_ASPGM4M,1,298.54545454545456,52504.85362095532,11
Flipkart_ASPGM4M,2,281.90909090909093,50884.82280429276,11
Flipkart_ASPGM4M,3,269.8181818181818,49491.8335901171,11
Flipkart_ASPGM4M,4,231.36363636363637,41980.585516432206,11
Flipkart_ASPGM4M,5,255.0909090909091,47106.00924504623,11
Flipkart_ASPGM4M,6,236.63636363636363,46083.51309707242,11
Flipkart_ASPGM4M,7,219.0,39176.27118644068,11
Flipkart_ASPGM4M,8,203.36363636363637,35998.76733436056,11
Flipkart_ASPGM4M,9,187.1818181818182,34202.388289676426,11
Flipkart_ASPGM4M,10,182.9090909090909,33614.56086286595,11
Flipkart_ASPGM4M,11,192.9090909090909,35180.6625577812,11
Flipkart_ASPGM4M,12,184.1818181818182,33584.8998459168,11
Flipkart_ASPGM4M,13,191.9090909090909,35015.10015408321,11
Flipkart_ASPGM4M,14,181.54545454545453,32455.624036979967,11
Flipkart_ASPGM4M,15,214.27272727272728,38123.57473035439,11
Flipkart_ASPGM4M,16,179.0909090909091,32105.624036979967,11
Flipkart_ASPGM4M,17,169.27272727272728,30270.416024653314,11
Flipkart_ASPGM4M,18,200.54545454545453,35135.90138674885,11
Flipkart_ASPGM4M,19,193.27272727272728,34484.43759630201,11
Flipkart_ASPGM4M,20,188.9090909090909,33663.63636363636,11
Flipkart_ASPGM4M,21,170.54545454545453,30275.808936825884,11
Flipkart_ASPGM4M,22,158.0909090909091,28633.12788906009,11
Flipkart_ASPGM4M,23,171.0909090909091,30897.07241910632,11
Flipkart_ASPGM4M,24,160.27272727272728,29003.620955315873,11
Flipkart_ASPGM4M,25,172.54545454545453,31167.257318952237,11
Flipkart_ASPGM4M,26,154.8,28465.084745762713,10
Flipkart_ASPGM4M,27,145.6,27261.4406779661,10
Flipkart_ASPGM4M,28,188.4,36656.271186440674,10
Flipkart_ASPGM4M,29,194.9,36938.05084745763,10
Flipkart_ASPGM4M,30,223.2,43204.23728813559,10
Flipkart_ASPGM4M,31,194.16666666666666,37127.68361581921,6
Flipkart_ASPLU4M,1,530.4545454545455,90943.91371340524,11
Flipkart_ASPLU4M,2,452.09090909090907,77779.81510015408,11
Flipkart_ASPLU4M,3,454.0,77674.65331278891,11
Flipkart_ASPLU4M,4,322.27272727272725,56016.71802773498,11
Flipkart_ASPLU4M,5,314.90909090909093,55591.21725731895,11
Flipkart_ASPLU4M,6,305.6363636363636,52977.27272727273,11
Flipkart_ASPLU4M,7,285.72727272727275,48810.16949152542,11
Flipkart_ASPLU4M,8,284.72727272727275,48894.29892141757,11
Flipkart_ASPLU4M,9,258.09090909090907,45815.48536209553,11
Flipkart_ASPLU4M,10,246.63636363636363,44081.124807396,11
Flipkart_ASPLU4M,11,259.54545454545456,45936.82588597843,11
Flipkart_ASPLU4M,12,254.8181818181818,44918.64406779662,11
Flipkart_ASPLU4M,13,246.27272727272728,42946.4560862866,11
Flipkart_ASPLU4M,14,239.1818181818182,41436.97996918336,11
Flipkart_ASPLU4M,15,334.1818181818182,58394.453004622505,11
Flipkart_ASPLU4M,16,245.45454545454547,42916.795069337444,11
Flipkart_ASPLU4M,17,234.45454545454547,41178.120184899846,11
Flipkart_ASPLU4M,18,268.27272727272725,46750.07704160247,11
Flipkart_ASPLU4M,19,259.72727272727275,45451.46379044684,11
Flipkart_ASPLU4M,20,288.45454545454544,51247.76579352852,11
Flipkart_ASPLU4M,21,269.3636363636364,48018.48998459168,11
Flipkart_ASPLU4M,22,257.27272727272725,45712.48073959939,11
Flipkart_ASPLU4M,23,282.09090909090907,50807.70416024653,11
Flipkart_ASPLU4M,24,281.6363636363636,49765.7935285054,11
Flipkart_ASPLU4M,25,300.6363636363636,53612.01848998459,11
Flipkart_ASPLU4M,26,201.5,35291.86440677966,10
Flipkart_ASPLU4M,27,213.6,37187.79661016949,10
Flipkart_ASPLU4M,28,258.5,45986.44067796611,10
Flipkart_ASPLU4M,29,294.6,52146.4406779661,10
Flipkart_ASPLU4M,30,292.3,51240.0,10
Flipkart_ASPLU4M,31,295.1666666666667,50514.68926553673,6
Flipkart_BMBBA4,1,795.1818181818181,73109.67114444514,11
Flipkart_BMBBA4,2,711.6363636363636,65429.33482970067,11
Flipkart_BMBBA4,3,645.5454545454545,59352.5583028743,11
Flipkart_BMBBA4,4,571.1818181818181,52514.98745286569,11
Flipkart_BMBBA4,5,597.0,54890.388341185804,11
Flipkart_BMBBA4,6,509.8181818181818,46872.71462014651,11
Flipkart_BMBBA4,7,545.0909090909091,50117.76635269942,11
Flipkart_BMBBA4,8,475.8181818181818,43751.0014947704,11
Flipkart_BMBBA4,9,467.3636363636364,42974.35269490964,11
Flipkart_BMBBA4,10,403.54545454545456,37108.0085479107,11
Flipkart_BMBBA4,11,412.6363636363636,37941.663845182266,11
Flipkart_BMBBA4,12,391.8181818181818,36025.21684869073,11
Flipkart_BMBBA4,13,393.8181818181818,36208.88095433433,11
Flipkart_BMBBA4,14,401.09090909090907,36877.367235541955,11
Flipkart_BMBBA4,15,498.54545454545456,45842.43728078553,11
Flipkart_BMBBA4,16,427.09090909090907,39272.08181692961,11
Flipkart_BMBBA4,17,455.27272727272725,41864.356166337275,11
Flipkart_BMBBA4,18,464.6363636363636,42723.137900024725,11
Flipkart_BMBBA4,19,418.8181818181818,38513.39021763906,11
Flipkart_BMBBA4,20,427.3636363636364,39296.36982979283,11
Flipkart_BMBBA4,21,445.45454545454544,40960.467076626584,11
Flipkart_BMBBA4,22,438.8181818181818,40351.455331710684,11
Flipkart_BMBBA4,23,410.54545454545456,37752.4570530695,11
Flipkart_BMBBA4,24,431.3636363636364,39667.52705555178,11
Flipkart_BMBBA4,25,423.6363636363636,38957.90569742143,11
Flipkart_BMBBA4,26,374.8,34465.407554043835,10
Flipkart_BMBBA4,27,409.2,37627.90892519166,10
Flipkart_BMBBA4,28,389.4,35806.39527326097,10
Flipkart_BMBBA4,29,441.0,40552.44965933957,10
Flipkart_BMBBA4,30,501.3,46097.75344825515,10
Flipkart_BMBBA4,31,449.5,41340.36793638187,6
Flipkart_CEBP2E,1,414.72727272727275,130491.0434631508,11
Flipkart_CEBP2E,2,561.5454545454545,176729.38059720318,11
Flipkart_CEBP2E,3,260.27272727272725,81863.34232151276,11
Flipkart_CEBP2E,4,223.4,70240.66029679423,10
Flipkart_CEBP2E,5,192.36363636363637,60504.68413362197,11
Flipkart_CEBP2E,6,165.63636363636363,52080.16748051713,11
Flipkart_CEBP2E,7,200.0909090909091,62908.06373206343,11
Flipkart_CEBP2E,8,293.54545454545456,92328.53869898114,11
Flipkart_CEBP2E,9,222.4,69946.17681434161,10
Flipkart_CEBP2E,10,220.36363636363637,69325.74910117377,11
Flipkart_CEBP2E,11,279.90909090909093,88056.90459074116,11
Flipkart_CEBP2E,12,135.0,42429.727400575706,11
Flipkart_CEBP2E,13,178.36363636363637,56103.11762123518,11
Flipkart_CEBP2E,14,217.0,68237.45881482506,11
Flipkart_CEBP2E,15,185.45454545454547,58320.98692144028,11
Flipkart_CEBP2E,16,148.9090909090909,46791.897419828216,11
Flipkart_CEBP2E,17,384.2,120873.93694794152,10
Flipkart_CEBP2E,18,762.9090909090909,240121.97221585643,11
Flipkart_CEBP2E,19,717.1,225698.89118644068,10
Flipkart_CEBP2E,20,302.6363636363636,95190.95122110154,11
Flipkart_CEBP2E,21,427.27272727272725,134397.48496642438,11
Flipkart_CEBP2E,22,468.8181818181818,147486.51670976647,11
Flipkart_CEBP2E,23,354.72727272727275,111531.74822584125,11
Flipkart_CEBP2E,24,361.8181818181818,113807.84829462158,11
Flipkart_CEBP2E,25,366.90909090909093,115411.05269535515,11
Flipkart_CEBP2E,26,306.1,96283.03931718973,10
Flipkart_CEBP2E,27,316.5,99540.24541888462,10
Flipkart_CEBP2E,28,319.55555555555554,100508.0726889952,9
Flipkart_CEBP2E,29,287.3,90303.91796125751,10
Flipkart_CEBP2E,30,267.6,84086.39762590762,10
Flipkart_CEBP2E,31,237.33333333333334,74582.24519774015,6
Flipkart_CEBP3E,1,32.666666666666664,15786.305084745763,3
Flipkart_CEBP3E,2,39.333333333333336,19008.000000000004,3
Flipkart_CEBP3E,3,44.0,21263.186440677975,3
Flipkart_CEBP3E,4,37.0,17880.406779661018,3
Flipkart_CEBP3E,5,39.333333333333336,19008.0,3
Flipkart_CEBP3E,6,65.33333333333333,31572.610169491527,3
Flipkart_CEBP3E,7,75.0,36244.06779661017,3
Flipkart_CEBP3E,8,115.33333333333333,55735.322033898316,3
Flipkart_CEBP3E,9,104.0,50258.44067796611,3
Flipkart_CEBP3E,10,77.33333333333333,37371.66101694916,3
Flipkart_CEBP3E,11,100.33333333333333,48486.50847457629,3
Flipkart_CEBP3E,12,113.66666666666667,54929.89830508473,3
Flipkart_CEBP3E,13,109.33333333333333,52835.79661016949,3
Flipkart_CEBP3E,14,94.66666666666667,45748.06779661018,3
Flipkart_CEBP3E,15,116.33333333333333,56218.576271186445,3
Flipkart_CEBP3E,16,173.66666666666666,83925.15254237287,3
Flipkart_CEBP3E,17,200.66666666666666,96973.01694915253,3
Flipkart_CEBP3E,18,106.33333333333333,51386.03389830509,3
Flipkart_CEBP3E,19,112.33333333333333,54285.559322033914,3
Flipkart_CEBP3E,20,47.666666666666664,23035.1186440678,3
Flipkart_CEBP3E,21,57.0,27541.016949152545,3
Flipkart_CEBP3E,22,71.0,34309.55932203391,3
Flipkart_CEBP3E,23,64.66666666666667,31250.440677966108,3
Flipkart_CEBP3E,24,41.333333333333336,19974.508474576276,3
Flipkart_CEBP3E,25,112.66666666666667,54446.64406779661,3
Flipkart_CEBP3E,26,63.666666666666664,30765.69491525424,3
Flipkart_CEBP3E,27,68.33333333333333,33022.372881355936,3
Flipkart_CEBP3E,28,70.66666666666667,34149.220338983054,3
Flipkart_CEBP3E,29,64.0,30928.27118644068,2
Flipkart_CEBP3E,30,63.5,30686.644067796617,2
Flipkart_CEBP3E,31,36.5,17638.779661016953,2
Flipkart_CEBR1,1,2780.181818181818,454697.5605969354,11
Flipkart_CEBR1,2,2864.818181818182,469845.7572092703,11
Flipkart_CEBR1,3,2213.4545454545455,362658.3703808247,11
Flipkart_CEBR1,4,2116.4545454545455,347160.12064442236,11
Flipkart_CEBR1,5,2170.0,356052.74998465244,11
Flipkart_CEBR1,6,1721.090909090909,282093.8786541133,11
Flipkart_CEBR1,7,1588.4545454545455,260137.57601339553,11
Flipkart_CEBR1,8,1187.8181818181818,194161.43378328413,11
Flipkart_CEBR1,9,1877.8181818181818,307930.742145923,11
Flipkart_CEBR1,10,1782.090909090909,292103.41645981005,11
Flipkart_CEBR1,11,1138.5454545454545,186449.3175428897,11
Flipkart_CEBR1,12,1290.909090909091,211459.91660612298,11
Flipkart_CEBR1,13,1172.2727272727273,191680.92571909455,11
Flipkart_CEBR1,14,1116.5454545454545,181865.46128717976,11
Flipkart_CEBR1,15,1268.909090909091,206888.29796926703,11
Flipkart_CEBR1,16,1221.8181818181818,199499.78064297492,11
Flipkart_CEBR1,17,1199.6363636363637,195851.68597189477,11
Flipkart_CEBR1,18,2939.6363636363635,482413.2338661255,11
Flipkart_CEBR1,19,3437.0,565021.5210808986,11
Flipkart_CEBR1,20,2001.090909090909,328149.90033282357,11
Flipkart_CEBR1,21,1911.3636363636363,313244.72935677716,11
Flipkart_CEBR1,22,1496.3636363636363,244679.2706803925,11
Flipkart_CEBR1,23,1552.3636363636363,254180.9743852432,11
Flipkart_CEBR1,24,1436.7272727272727,234956.17675439714,11
Flipkart_CEBR1,25,1675.8181818181818,274631.50733574503,11
Flipkart_CEBR1,26,1469.0,240539.2561786958,10
Flipkart_CEBR1,27,1163.3,190236.9194851413,10
Flipkart_CEBR1,28,1731.7,283763.1227044733,10
Flipkart_CEBR1,29,2149.7,351574.1707397697,10
Flipkart_CEBR1,30,1816.9,297321.21821256704,10
Flipkart_CEBR1,31,2213.6666666666665,363003.83092305943,6
Flipkart_CGFR1,1,1882.7272727272727,139602.59422532396,11
Flipkart_CGFR1,2,1715.0,127134.0398442308,11
Flipkart_CGFR1,3,1560.090909090909,115621.30291279453,11
Flipkart_CGFR1,4,1548.090909090909,114676.230513597,11
Flipkart_CGFR1,5,1479.909090909091,109620.02602226636,11
Flipkart_CGFR1,6,1391.2727272727273,103056.58615582106,11
Flipkart_CGFR1,7,1316.090909090909,97534.35131212256,11
Flipkart_CGFR1,8,1255.3636363636363,92989.5983673492,11
Flipkart_CGFR1,9,1179.1818181818182,87378.54068094191,11
Flipkart_CGFR1,10,1106.090909090909,81970.49830783765,11
Flipkart_CGFR1,11,1182.090909090909,87590.38835030362,11
Flipkart_CGFR1,12,1132.7272727272727,83932.7087977793,11
Flipkart_CGFR1,13,1171.1818181818182,86829.16667630454,11
Flipkart_CGFR1,14,1019.0,75554.59659716477,11
Flipkart_CGFR1,15,1110.1818181818182,82277.74599007457,11
Flipkart_CGFR1,16,1199.4545454545455,88858.75711165294,11
Flipkart_CGFR1,17,1185.0,87780.1651618703,11
Flipkart_CGFR1,18,1252.8181818181818,92762.78215188341,11
Flipkart_CGFR1,19,1289.8181818181818,95463.38676176629,11
Flipkart_CGFR1,20,1173.2727272727273,86923.02826826078,11
Flipkart_CGFR1,21,1187.909090909091,87998.34826037142,11
Flipkart_CGFR1,22,1191.6363636363637,88276.3566116702,11
Flipkart_CGFR1,23,1175.909090909091,87118.76779038433,11
Flipkart_CGFR1,24,1172.0,86785.04813191369,11
Flipkart_CGFR1,25,1145.909090909091,84881.58768480587,11
Flipkart_CGFR1,26,1200.5,88916.72542119995,10
Flipkart_CGFR1,27,1269.4,94057.96040697796,10
Flipkart_CGFR1,28,1294.1,95884.58296455666,10
Flipkart_CGFR1,29,1336.8,99063.84753799402,10
Flipkart_CGFR1,30,1432.3,106147.09189561615,10
Flipkart_CGFR1,31,1489.5,110285.75208513794,6
Flipkart_CGFR2,1,9.0,1510.1694915254238,1
Flipkart_CGFR2,2,16.0,2684.7457627118647,1
Flipkart_CGFR2,3,4.0,671.1864406779662,1
Flipkart_CGFR2,4,3.0,503.38983050847463,1
Flipkart_CGFR2,5,3.0,503.38983050847463,1
Flipkart_CGFR2,6,15.0,2516.9491525423728,1
Flipkart_CGFR2,7,14.0,2364.406779661017,1
Flipkart_CGFR2,8,12.0,2051.6949152542375,1
Flipkart_CGFR2,9,34.0,5792.796610169491,1
Flipkart_CGFR2,10,25.0,4259.745762711865,1
Flipkart_CGFR2,11,15.0,2539.8305084745766,1
Flipkart_CGFR2,12,18.0,3020.3389830508477,1
Flipkart_CGFR2,13,5.0,838.9830508474577,1
Flipkart_CGFR2,14,8.0,1342.3728813559323,1
Flipkart_CGFR2,15,3.0,507.2033898305085,2
Flipkart_CGFR2,16,12.0,2013.5593220338983,1
Flipkart_CGFR2,17,3.5,596.8220338983051,2
Flipkart_CGFR2,18,8.5,1445.3389830508477,2
Flipkart_CGFR2,19,4.5,764.6186440677966,2
Flipkart_CGFR2,20,11.0,1845.7627118644068,1
Flipkart_CGFR2,21,5.5,926.6949152542375,2
Flipkart_CGFR2,22,6.5,1102.1186440677966,2
Flipkart_CGFR2,23,13.5,2293.8559322033902,2
Flipkart_CGFR2,24,9.5,1615.0423728813562,2
Flipkart_CGFR2,25,5.5,940.042372881356,2
Flipkart_CGFR2,26,6.0,1023.9406779661018,2
Flipkart_CGFR2,27,67.0,11444.49152542373,1
Flipkart_CGFR2,28,30.5,5201.694915254237,2
Flipkart_CGFR2,29,8.0,1342.3728813559323,1
Flipkart_CGFR2,30,6.0,1006.7796610169491,1
Flipkart_CGFR2,31,6.0,1006.7796610169491,1
Flipkart_CSGP2E,1,1891.7272727272727,401517.85127476655,11
Flipkart_CSGP2E,2,2022.0,429200.644399773,11
Flipkart_CSGP2E,3,1716.3636363636363,364323.93053524813,11
Flipkart_CSGP2E,4,1343.0,285040.59329627804,11
Flipkart_CSGP2E,5,1398.090909090909,296740.698710514,11
Flipkart_CSGP2E,6,1165.5454545454545,247377.71223006508,11
Flipkart_CSGP2E,7,1208.8181818181818,256564.7431611035,11
Flipkart_CSGP2E,8,1164.0,247055.26902846934,11
Flipkart_CSGP2E,9,1220.5454545454545,259058.0970101841,11
Flipkart_CSGP2E,10,1031.3636363636363,218898.1808620139,11
Flipkart_CSGP2E,11,1100.5454545454545,233582.32412562764,11
Flipkart_CSGP2E,12,1177.3636363636363,249888.0271150102,11
Flipkart_CSGP2E,13,983.8181818181819,208788.70472797015,11
Flipkart_CSGP2E,14,864.7272727272727,183516.59838636997,11
Flipkart_CSGP2E,15,1253.0,265963.99404162954,11
Flipkart_CSGP2E,16,1066.0,227231.86501162688,11
Flipkart_CSGP2E,17,950.4545454545455,202768.98160213308,11
Flipkart_CSGP2E,18,1030.5454545454545,219945.7895204232,11
Flipkart_CSGP2E,19,1026.2727272727273,219825.10772075166,11
Flipkart_CSGP2E,20,983.6363636363636,210562.45440544104,11
Flipkart_CSGP2E,21,960.5454545454545,205263.27295734317,11
Flipkart_CSGP2E,22,1232.4545454545455,262634.54300858907,11
Flipkart_CSGP2E,23,1453.090909090909,309540.08276527404,11
Flipkart_CSGP2E,24,1054.2727272727273,224839.13259409682,11
Flipkart_CSGP2E,25,1239.7272727272727,264368.3217922999,11
Flipkart_CSGP2E,26,1165.6,248589.7330152477,10
Flipkart_CSGP2E,27,1067.6,227234.32039283682,10
Flipkart_CSGP2E,28,1085.3,231264.1400896661,10
Flipkart_CSGP2E,29,1295.7,276317.26910185197,10
Flipkart_CSGP2E,30,1098.3,234524.79610724124,10
Flipkart_CSGP2E,31,977.5,209764.13301884997,6
Flipkart_CSGP2F,1,54.5,13556.779661016952,2
Flipkart_CSGP2F,2,80.5,20027.728813559326,2
Flipkart_CSGP2F,3,57.0,14184.338983050848,2
Flipkart_CSGP2F,4,38.5,9579.932203389832,2
Flipkart_CSGP2F,5,23.0,5725.830508474577,3
Flipkart_CSGP2F,6,37.333333333333336,9293.717514124295,3
Flipkart_CSGP2F,7,25.0,6223.3446327683605,3
Flipkart_CSGP2F,8,36.333333333333336,9043.615819209039,3
Flipkart_CSGP2F,9,37.0,9209.581920903955,3
Flipkart_CSGP2F,10,34.0,8463.887005649718,3
Flipkart_CSGP2F,11,31.0,7717.039548022599,3
Flipkart_CSGP2F,12,30.333333333333332,7551.457627118642,3
Flipkart_CSGP2F,13,26.0,6472.677966101695,3
Flipkart_CSGP2F,14,37.666666666666664,9374.01129943503,3
Flipkart_CSGP2F,15,37.666666666666664,9375.16384180791,3
Flipkart_CSGP2F,16,41.333333333333336,10283.75141242938,3
Flipkart_CSGP2F,17,36.333333333333336,9038.237288135593,3
Flipkart_CSGP2F,18,37.666666666666664,9366.32768361582,3
Flipkart_CSGP2F,19,35.0,8707.457627118643,3
Flipkart_CSGP2F,20,42.333333333333336,10528.090395480227,3
Flipkart_CSGP2F,21,40.333333333333336,10030.576271186443,3
Flipkart_CSGP2F,22,43.333333333333336,10779.72881355932,3
Flipkart_CSGP2F,23,46.0,11442.440677966102,3
Flipkart_CSGP2F,24,40.666666666666664,10116.632768361582,3
Flipkart_CSGP2F,25,36.666666666666664,9118.531073446327,3
Flipkart_CSGP2F,26,35.0,8703.61581920904,3
Flipkart_CSGP2F,27,37.0,9202.66666666667,3
Flipkart_CSGP2F,28,43.0,10696.745762711864,3
Flipkart_CSGP2F,29,35.5,8834.813559322034,2
Flipkart_CSGP2F,30,50.5,12566.745762711862,2
Flipkart_CSGP2F,31,47.0,11693.694915254237,2
Flipkart_CSGP3,1,62.0,19965.932203389828,4
Flipkart_CSGP3,2,63.75,20530.10169491525,4
Flipkart_CSGP3,3,53.5,17232.711864406778,4
Flipkart_CSGP3,4,45.0,14491.66101694915,4
Flipkart_CSGP3,5,45.5,14656.101694915254,4
Flipkart_CSGP3,6,34.333333333333336,11060.158192090394,3
Flipkart_CSGP3,7,35.0,11274.06779661017,4
Flipkart_CSGP3,8,33.5,10789.322033898305,4
Flipkart_CSGP3,9,44.0,14172.101694915253,4
Flipkart_CSGP3,10,45.25,14574.813559322032,4
Flipkart_CSGP3,11,55.25,17797.627118644064,4
Flipkart_CSGP3,12,56.25,18120.915254237287,4
Flipkart_CSGP3,13,44.8,14432.894915254237,5
Flipkart_CSGP3,14,31.2,10050.942372881354,5
Flipkart_CSGP3,15,61.5,19812.67796610169,4
Flipkart_CSGP3,16,54.4,17510.95593220339,5
Flipkart_CSGP3,17,31.4,10102.996610169492,5
Flipkart_CSGP3,18,37.5,12080.610169491527,4
Flipkart_CSGP3,19,36.8,11855.389830508473,5
Flipkart_CSGP3,20,30.0,9667.769491525423,5
Flipkart_CSGP3,21,21.2,6831.0372881355925,5
Flipkart_CSGP3,22,37.4,12047.647457627112,5
Flipkart_CSGP3,23,36.6,11790.359322033899,5
Flipkart_CSGP3,24,35.6,11466.101694915253,5
Flipkart_CSGP3,25,51.0,16430.345762711862,5
Flipkart_CSGP3,26,53.6,17265.30169491525,5
Flipkart_CSGP3,27,44.2,14242.42711864407,5
Flipkart_CSGP3,28,62.8,20237.315254237288,5
Flipkart_CSGP3,29,16.75,5397.644067796609,4
Flipkart_CSGP3,30,37.0,11914.305084745763,4
Flipkart_CSGP3,31,19.333333333333332,6228.361581920904,3
Flipkart_DCPCLSS,1,317.90909090909093,14144.260400616333,11
Flipkart_DCPCLSS,2,295.90909090909093,13165.4468412943,11
Flipkart_DCPCLSS,3,286.54545454545456,12748.84437596302,11
Flipkart_DCPCLSS,4,229.36363636363637,10204.738058551618,11
Flipkart_DCPCLSS,5,237.54545454545453,10568.75963020031,11
Flipkart_DCPCLSS,6,215.72727272727272,9598.035439137135,11
Flipkart_DCPCLSS,7,212.0,9432.203389830509,11
Flipkart_DCPCLSS,8,208.27272727272728,9266.371340523883,11
Flipkart_DCPCLSS,9,202.0,8987.28813559322,11
Flipkart_DCPCLSS,10,181.36363636363637,8069.144838212635,11
Flipkart_DCPCLSS,11,174.0,7741.525423728814,11
Flipkart_DCPCLSS,12,170.1818181818182,7571.648690292758,11
Flipkart_DCPCLSS,13,165.27272727272728,7353.235747303544,11
Flipkart_DCPCLSS,14,139.9090909090909,6224.768875192603,11
Flipkart_DCPCLSS,15,173.1818181818182,7705.123266563945,11
Flipkart_DCPCLSS,16,178.54545454545453,7936.15562403698,11
Flipkart_DCPCLSS,17,158.8181818181818,7066.063174114021,11
Flipkart_DCPCLSS,18,162.72727272727272,7239.9845916795075,11
Flipkart_DCPCLSS,19,159.1818181818182,7082.241910631742,11
Flipkart_DCPCLSS,20,150.63636363636363,6702.041602465332,11
Flipkart_DCPCLSS,21,157.54545454545453,7007.657935285054,11
Flipkart_DCPCLSS,22,157.0,6985.169491525425,11
Flipkart_DCPCLSS,23,150.63636363636363,6702.041602465332,11
Flipkart_DCPCLSS,24,143.72727272727272,6394.64560862866,11
Flipkart_DCPCLSS,25,155.63636363636363,6924.013867488443,11
Flipkart_DCPCLSS,26,150.8,6707.364406779661,10
Flipkart_DCPCLSS,27,155.6,6921.991525423729,10
Flipkart_DCPCLSS,28,157.8,7019.338983050848,10
Flipkart_DCPCLSS,29,186.5,8296.77966101695,10
Flipkart_DCPCLSS,30,175.4,7803.457627118643,10
Flipkart_DCPCLSS,31,199.5,8876.059322033898,6
Flipkart_DCPGMSS,1,89.7,3990.8898305084745,10
Flipkart_DCPGMSS,2,91.77777777777777,4083.3333333333335,9
Flipkart_DCPGMSS,3,78.0,3470.338983050847,10
Flipkart_DCPGMSS,4,67.81818181818181,3017.3343605546993,11
Flipkart_DCPGMSS,5,67.6,3007.6271186440677,10
Flipkart_DCPGMSS,6,59.2,2633.8983050847455,10
Flipkart_DCPGMSS,7,63.5,2825.2118644067796,10
Flipkart_DCPGMSS,8,58.5,2602.7542372881358,10
Flipkart_DCPGMSS,9,63.888888888888886,2842.1186440677966,9
Flipkart_DCPGMSS,10,51.7,2300.21186440678,10
Flipkart_DCPGMSS,11,66.25,2947.563559322034,8
Flipkart_DCPGMSS,12,58.0,2580.508474576271,9
Flipkart_DCPGMSS,13,55.77777777777778,2481.638418079096,9
Flipkart_DCPGMSS,14,51.3,2282.415254237288,10
Flipkart_DCPGMSS,15,54.6,2429.237288135593,10
Flipkart_DCPGMSS,16,55.111111111111114,2451.9774011299432,9
Flipkart_DCPGMSS,17,54.55555555555556,2427.25988700565,9
Flipkart_DCPGMSS,18,51.888888888888886,2308.6158192090393,9
Flipkart_DCPGMSS,19,47.9,2131.14406779661,10
Flipkart_DCPGMSS,20,53.888888888888886,2397.5988700564976,9
Flipkart_DCPGMSS,21,57.111111111111114,2540.960451977401,9
Flipkart_DCPGMSS,22,55.0,2446.638418079096,9
Flipkart_DCPGMSS,23,57.22222222222222,2545.9039548022597,9
Flipkart_DCPGMSS,24,58.5,2602.3093220338983,8
Flipkart_DCPGMSS,25,69.125,3075.4766949152545,8
Flipkart_DCPGMSS,26,79.66666666666667,3544.491525423729,6
Flipkart_DCPGMSS,27,56.625,2519.3326271186443,8
Flipkart_DCPGMSS,28,73.0,3247.881355932204,7
Flipkart_DCPGMSS,29,53.77777777777778,2392.6553672316386,9
Flipkart_DCPGMSS,30,75.42857142857143,3355.9322033898306,7
Flipkart_DCPGMSS,31,72.8,3238.983050847458,5
Flipkart_DLPCBS1,1,20.333333333333332,3006.638418079096,3
Flipkart_DLPCBS1,2,15.5,2298.728813559322,2
Flipkart_DLPCBS1,3,7.5,1105.614406779661,4
Flipkart_DLPCBS1,4,15.0,2224.576271186441,2
Flipkart_DLPCBS1,6,3.3333333333333335,494.35028248587577,3
Flipkart_DLPCBS1,7,11.0,1631.35593220339,3
Flipkart_DLPCBS1,8,5.0,741.5254237288136,3
Flipkart_DLPCBS1,9,7.0,1038.1355932203392,3
Flipkart_DLPCBS1,10,3.0,444.91525423728814,3
Flipkart_DLPCBS1,11,8.0,1186.4406779661017,5
Flipkart_DLPCBS1,12,5.5,815.6779661016949,4
Flipkart_DLPCBS1,13,14.333333333333334,2125.706214689266,3
Flipkart_DLPCBS1,14,11.75,1715.8898305084747,4
Flipkart_DLPCBS1,15,6.6,888.0508474576272,5
Flipkart_DLPCBS1,16,7.0,944.7033898305084,4
Flipkart_DLPCBS1,17,5.0,732.6271186440678,3
Flipkart_DLPCBS1,18,12.5,1853.813559322034,2
Flipkart_DLPCBS1,19,6.333333333333333,939.2655367231638,3
Flipkart_DLPCBS1,20,5.2,771.1864406779662,5
Flipkart_DLPCBS1,21,7.5,1112.2881355932204,4
Flipkart_DLPCBS1,22,11.0,1631.35593220339,2
Flipkart_DLPCBS1,23,1.0,148.3050847457627,1
Flipkart_DLPCBS1,25,1.0,148.3050847457627,1
Flipkart_DLPCBS1,26,2.0,296.6101694915254,1
Flipkart_DLPCBS1,27,3.0,391.5254237288136,3
Flipkart_DLPCBS1,28,23.0,3330.932203389831,3
Flipkart_DLPCBS1,29,18.5,2543.4322033898306,2
Flipkart_DLPCBS1,30,17.0,2361.0169491525426,1
Flipkart_DLPCBS1,31,12.0,1779.6610169491528,2
Flipkart_DLPGMSN,1,125.72727272727273,11188.13559322034,11
Flipkart_DLPGMSN,2,119.0,10589.522342064716,11
Flipkart_DLPGMSN,3,113.0,10055.624036979969,11
Flipkart_DLPGMSN,4,92.18181818181819,8203.158705701078,11
Flipkart_DLPGMSN,5,99.9090909090909,8890.215716486902,11
Flipkart_DLPGMSN,6,103.0909090909091,9173.343605546996,11
Flipkart_DLPGMSN,7,86.0,7654.160246533127,11
Flipkart_DLPGMSN,8,92.0,8186.440677966102,11
Flipkart_DLPGMSN,9,84.0909090909091,7482.665639445301,11
Flipkart_DLPGMSN,10,76.9090909090909,6843.605546995378,11
Flipkart_DLPGMSN,11,79.0,7029.661016949153,11
Flipkart_DLPGMSN,12,75.18181818181819,6689.907550077041,11
Flipkart_DLPGMSN,13,75.0909090909091,6681.818181818182,11
Flipkart_DLPGMSN,14,75.27272727272727,6697.996918335901,11
Flipkart_DLPGMSN,15,82.63636363636364,7353.235747303544,11
Flipkart_DLPGMSN,16,87.36363636363636,7775.500770416024,11
Flipkart_DLPGMSN,17,77.0909090909091,6861.941448382126,11
Flipkart_DLPGMSN,18,84.18181818181819,7497.226502311248,11
Flipkart_DLPGMSN,19,76.54545454545455,6812.326656394453,11
Flipkart_DLPGMSN,20,76.54545454545455,6813.405238828968,11
Flipkart_DLPGMSN,21,66.36363636363636,5907.935285053929,11
Flipkart_DLPGMSN,22,76.81818181818181,6836.594761171033,11
Flipkart_DLPGMSN,23,63.63636363636363,5663.097072419107,11
Flipkart_DLPGMSN,24,65.45454545454545,5824.884437596303,11
Flipkart_DLPGMSN,25,69.45454545454545,6186.209553158706,11
Flipkart_DLPGMSN,26,67.2,5982.627118644068,10
Flipkart_DLPGMSN,27,65.5,5833.135593220339,10
Flipkart_DLPGMSN,28,81.3,7234.9152542372885,10
Flipkart_DLPGMSN,29,73.0,6498.135593220339,10
Flipkart_DLPGMSN,30,75.8,6747.28813559322,10
Flipkart_DLPGMSN,31,78.33333333333333,6971.327683615819,6
Flipkart_DSPDRSL,1,91.72727272727273,33284.32203389831,11
Flipkart_DSPDRSL,2,80.27272727272727,29593.721109399074,11
Flipkart_DSPDRSL,3,72.0,26784.129429892146,11
Flipkart_DSPDRSL,4,68.63636363636364,25617.257318952237,11
Flipkart_DSPDRSL,5,75.54545454545455,28104.776579352852,11
Flipkart_DSPDRSL,6,69.18181818181819,25878.775038520806,11
Flipkart_DSPDRSL,7,60.09090909090909,22542.796610169495,11
Flipkart_DSPDRSL,8,53.81818181818182,19953.85208012327,11
Flipkart_DSPDRSL,9,56.54545454545455,20960.862865947613,11
Flipkart_DSPDRSL,10,55.72727272727273,20577.42681047766,11
Flipkart_DSPDRSL,11,61.90909090909091,22909.32203389831,11
Flipkart_DSPDRSL,12,64.0909090909091,23803.19722650231,11
Flipkart_DSPDRSL,13,58.72727272727273,21664.984591679506,11
Flipkart_DSPDRSL,14,65.63636363636364,24520.80123266564,11
Flipkart_DSPDRSL,15,63.18181818181818,23332.704160246536,11
Flipkart_DSPDRSL,16,52.63636363636363,19357.164869029275,11
Flipkart_DSPDRSL,17,56.72727272727273,20843.412942989216,11
Flipkart_DSPDRSL,18,57.63636363636363,21121.72573189522,11
Flipkart_DSPDRSL,19,58.72727272727273,21704.16024653313,11
Flipkart_DSPDRSL,20,56.36363636363637,20553.543913713405,11
Flipkart_DSPDRSL,21,66.63636363636364,24361.633281972263,11
Flipkart_DSPDRSL,22,60.72727272727273,22225.61633281972,11
Flipkart_DSPDRSL,23,66.27272727272727,24343.56702619415,11
Flipkart_DSPDRSL,24,63.18181818181818,23294.799691833592,11
Flipkart_DSPDRSL,25,56.90909090909091,21083.744221879813,11
Flipkart_DSPDRSL,26,58.3,21800.63559322034,10
Flipkart_DSPDRSL,27,51.2,19172.245762711864,10
Flipkart_DSPDRSL,28,104.8,37068.47457627119,10
Flipkart_DSPDRSL,29,91.4,32692.33050847458,10
Flipkart_DSPDRSL,30,78.2,28329.110169491527,10
Flipkart_DSPDRSL,31,51.666666666666664,19429.307909604522,6
Flipkart_DSPSBSL,1,127.63636363636364,46632.81972265023,11
Flipkart_DSPSBSL,2,127.72727272727273,47069.491525423735,11
Flipkart_DSPSBSL,3,125.18181818181819,46187.98151001541,11
Flipkart_DSPSBSL,4,117.72727272727273,43736.17103235747,11
Flipkart_DSPSBSL,5,118.18181818181819,43725.03852080124,11
Flipkart_DSPSBSL,6,107.63636363636364,39942.29583975347,11
Flipkart_DSPSBSL,7,100.36363636363636,37341.94915254237,11
Flipkart_DSPSBSL,8,102.27272727272727,37799.69183359014,11
Flipkart_DSPSBSL,9,105.9090909090909,39374.92295839753,11
Flipkart_DSPSBSL,10,94.27272727272727,34717.91217257319,11
Flipkart_DSPSBSL,11,104.45454545454545,38915.87057010786,11
Flipkart_DSPSBSL,12,103.81818181818181,38471.032357473036,11
Flipkart_DSPSBSL,13,97.0909090909091,35724.49922958398,11
Flipkart_DSPSBSL,14,98.0909090909091,36475.269645608634,11
Flipkart_DSPSBSL,15,102.36363636363636,37592.83513097072,11
Flipkart_DSPSBSL,16,96.81818181818181,35545.37750385208,11
Flipkart_DSPSBSL,17,96.0,35285.939907550084,11
Flipkart_DSPSBSL,18,85.36363636363636,31302.966101694914,11
Flipkart_DSPSBSL,19,80.18181818181819,29424.26810477658,11
Flipkart_DSPSBSL,20,83.45454545454545,30499.345146379048,11
Flipkart_DSPSBSL,21,79.45454545454545,28996.49460708783,11
Flipkart_DSPSBSL,22,77.36363636363636,28178.35130970724,11
Flipkart_DSPSBSL,23,72.45454545454545,26578.620955315873,11
Flipkart_DSPSBSL,24,81.0,29744.95377503852,11
Flipkart_DSPSBSL,25,99.36363636363636,36553.69799691834,11
Flipkart_DSPSBSL,26,93.3,34707.71186440678,10
Flipkart_DSPSBSL,27,72.1,26582.457627118645,10
Flipkart_DSPSBSL,28,174.9,61448.68644067798,10
Flipkart_DSPSBSL,29,91.0,33576.05932203391,10
Flipkart_DSPSBSL,30,88.7,32588.983050847462,10
Flipkart_DSPSBSL,31,79.16666666666667,29282.41525423729,6
Flipkart_DSPSBSR,1,6.5,685.6144067796611,4
Flipkart_DSPSBSR,2,6.8,720.1694915254238,5
Flipkart_DSPSBSR,3,5.6,588.8305084745764,5
Flipkart_DSPSBSR,4,4.4,478.135593220339,5
Flipkart_DSPSBSR,5,5.0,562.728813559322,5
Flipkart_DSPSBSR,6,3.8,414.18644067796606,5
Flipkart_DSPSBSR,7,4.8,508.15254237288144,5
Flipkart_DSPSBSR,8,3.25,353.5593220338983,4
Flipkart_DSPSBSR,9,5.0,538.6440677966102,3
Flipkart_DSPSBSR,10,6.0,609.385593220339,4
Flipkart_DSPSBSR,11,4.4,471.2542372881356,5
Flipkart_DSPSBSR,12,4.6,481.1016949152542,5
Flipkart_DSPSBSR,13,5.0,530.042372881356,4
Flipkart_DSPSBSR,14,4.75,487.6271186440678,4
Flipkart_DSPSBSR,15,2.5,277.9237288135593,4
Flipkart_DSPSBSR,16,1.75,189.385593220339,4
Flipkart_DSPSBSR,17,3.2,350.23728813559325,5
Flipkart_DSPSBSR,18,3.8,417.62711864406776,5
Flipkart_DSPSBSR,19,4.5,475.31779661016947,4
Flipkart_DSPSBSR,20,8.8,994.1186440677966,5
Flipkart_DSPSBSR,21,3.0,323.1864406779661,5
Flipkart_DSPSBSR,22,4.8,525.3559322033899,5
Flipkart_DSPSBSR,23,5.6,581.949152542373,5
Flipkart_DSPSBSR,24,7.4,801.3220338983051,5
Flipkart_DSPSBSR,25,4.4,471.2542372881356,5
Flipkart_DSPSBSR,26,7.8,827.8983050847459,5
Flipkart_DSPSBSR,27,4.666666666666667,470.6214689265537,3
Flipkart_DSPSBSR,28,1.8,198.72881355932202,5
Flipkart_DSPSBSR,29,2.8,299.5762711864407,5
Flipkart_DSPSBSR,30,4.75,526.3347457627119,4
Flipkart_DSPSBSR,31,1.5,159.8728813559322,2
Flipkart_ECIA3,1,29.25,3748.3486804664662,8
Flipkart_ECIA3,2,19.75,2530.8862452004414,8
Flipkart_ECIA3,3,21.88888888888889,2805.2576995425156,9
Flipkart_ECIA3,4,18.25,2339.922280999155,8
Flipkart_ECIA3,5,23.333333333333332,2982.6813908807003,6
Flipkart_ECIA3,6,22.833333333333332,2924.700430006597,6
Flipkart_ECIA3,7,16.75,2146.369226297661,8
Flipkart_ECIA3,8,15.5,1985.0675599524411,6
Flipkart_ECIA3,9,11.375,1459.3045725854292,8
Flipkart_ECIA3,10,10.11111111111111,1296.6431596480206,9
Flipkart_ECIA3,11,9.333333333333334,1199.1784260042073,9
Flipkart_ECIA3,12,15.285714285714286,1958.1062485014456,7
Flipkart_ECIA3,13,13.777777777777779,1766.5823513623682,9
Flipkart_ECIA3,14,17.166666666666668,2199.0448608652773,6
Flipkart_ECIA3,15,17.0,2178.1846826663755,6
Flipkart_ECIA3,16,14.714285714285714,1876.348919860864,7
Flipkart_ECIA3,17,13.857142857142858,1765.9046472400971,7
Flipkart_ECIA3,18,14.142857142857142,1783.1484589716813,7
Flipkart_ECIA3,19,14.714285714285714,1861.6521658007914,7
Flipkart_ECIA3,20,17.666666666666668,2243.860958284761,6
Flipkart_ECIA3,21,13.125,1662.1703979399895,8
Flipkart_ECIA3,22,13.857142857142858,1750.4963418026907,7
Flipkart_ECIA3,23,11.625,1473.6915097146352,8
Flipkart_ECIA3,24,15.0,1880.946376825416,7
Flipkart_ECIA3,25,13.375,1682.056233535042,8
Flipkart_ECIA3,26,12.25,1529.889190814023,8
Flipkart_ECIA3,27,12.428571428571429,1566.1760641159328,7
Flipkart_ECIA3,28,14.666666666666666,1852.836778476403,6
Flipkart_ECIA3,29,14.571428571428571,1840.4989254854245,7
Flipkart_ECIA3,30,16.5,2056.385967170494,8
Flipkart_ECIA3,31,14.8,1833.5868412779498,5
Flipkart_FACB9,1,4.0,800.7118644067796,1
Flipkart_FACB9,2,4.0,800.7118644067797,1
Flipkart_FACB9,3,7.0,1401.2457627118642,1
Flipkart_FACB9,4,2.0,400.1025423728813,2
Flipkart_FACB9,5,3.0,599.2669491525425,2
Flipkart_FACB9,6,1.5,299.50677966101705,2
Flipkart_FACB9,7,2.0,400.3559322033898,1
Flipkart_FACB9,9,1.0,200.1779661016949,1
Flipkart_FACB9,10,1.0,200.1779661016949,1
Flipkart_FACB9,11,1.0,200.1779661016949,1
Flipkart_FACB9,12,2.0,400.3559322033898,1
Flipkart_FACB9,13,3.0,600.5338983050847,1
Flipkart_FACB9,15,1.0,200.1779661016949,1
Flipkart_FACB9,17,2.0,400.3559322033898,1
Flipkart_FACB9,19,1.0,200.1779661016949,1
Flipkart_FACB9,20,2.0,400.3559322033898,1
Flipkart_FACB9,21,2.0,400.1025423728813,2
Flipkart_FACB9,22,1.0,200.1779661016949,1
Flipkart_FACB9,23,2.0,400.3559322033898,1
Flipkart_FACB9,25,3.0,599.5203389830509,1
Flipkart_FACB9,26,3.0,600.5338983050848,1
Flipkart_FACB9,27,2.0,400.3559322033898,1
Flipkart_FACB9,28,2.0,400.3559322033898,1
Flipkart_FACB9,29,2.0,400.3559322033898,1
Flipkart_FACB9,30,5.0,1000.8898305084746,1
Flipkart_FACT9,1,11.0,2201.9576271186443,2
Flipkart_FACT9,2,9.333333333333334,1872.4954802259888,3
Flipkart_FACT9,3,8.0,1601.212570621469,2
Flipkart_FACT9,4,2.6,528.6813559322034,5
Flipkart_FACT9,5,5.5,1114.3690677966101,4
Flipkart_FACT9,6,3.75,757.4258474576271,4
Flipkart_FACT9,7,4.6,928.8274576271187,5
Flipkart_FACT9,8,11.0,2201.9576271186434,1
Flipkart_FACT9,9,2.6666666666666665,538.3135593220339,3
Flipkart_FACT9,10,5.0,1005.3954802259886,3
Flipkart_FACT9,11,8.0,1600.5790960451977,3
Flipkart_FACT9,12,18.0,3603.203389830509,1
Flipkart_FACT9,13,8.5,1701.0059322033899,2
Flipkart_FACT9,14,6.333333333333333,1303.8389830508474,3
Flipkart_FACT9,15,5.333333333333333,1076.6271186440679,3
Flipkart_FACT9,16,3.0,609.5451977401129,3
Flipkart_FACT9,17,6.5,1300.9033898305086,2
Flipkart_FACT9,18,4.25,871.4685734463276,4
Flipkart_FACT9,19,6.5,1300.9456214689267,2
Flipkart_FACT9,20,2.5,500.1915254237289,2
Flipkart_FACT9,21,3.3333333333333335,671.7655367231638,3
Flipkart_FACT9,22,3.3333333333333335,671.6366290018833,3
Flipkart_FACT9,23,1.5,300.26694915254234,2
Flipkart_FACT9,24,2.3333333333333335,471.4186440677966,3
Flipkart_FACT9,25,5.0,1000.4675141242938,1
Flipkart_FACT9,26,1.5,407.38559322033893,2
Flipkart_FACT9,27,7.5,1501.0813559322035,2
Flipkart_FACT9,28,5.0,1000.4252824858758,2
Flipkart_FACT9,29,3.0,604.5446327683617,3
Flipkart_FACT9,30,1.6666666666666667,337.9666666666667,3
Flipkart_FAHA1E,1,40.625,8144.951678976051,8
Flipkart_FAHA1E,2,24.125,4833.412475871866,8
Flipkart_FAHA1E,3,35.125,7063.937332955385,8
Flipkart_FAHA1E,4,55.875,11130.177686873512,8
Flipkart_FAHA1E,5,39.0,7789.767602415338,9
Flipkart_FAHA1E,6,41.57142857142857,8313.050972547824,7
Flipkart_FAHA1E,7,57.57142857142857,11497.320072396882,7
Flipkart_FAHA1E,8,40.714285714285715,8193.587198266147,7
Flipkart_FAHA1E,9,41.625,8370.17809193348,8
Flipkart_FAHA1E,10,41.142857142857146,8307.60404416564,7
Flipkart_FAHA1E,11,38.0,7623.8610590393,8
Flipkart_FAHA1E,12,11.666666666666666,2340.2820649252762,9
Flipkart_FAHA1E,13,14.333333333333334,2884.409018100792,9
Flipkart_FAHA1E,14,19.125,3880.464585181509,8
Flipkart_FAHA1E,15,17.25,3447.6473497573475,8
Flipkart_FAHA1E,16,23.571428571428573,4713.027635410632,7
Flipkart_FAHA1E,17,53.25,10594.648502155442,8
Flipkart_FAHA1E,18,50.625,10095.541327207542,8
Flipkart_FAHA1E,19,76.875,15408.129374038495,8
Flipkart_FAHA1E,20,57.9,11601.384546401032,10
Flipkart_FAHA1E,21,47.5,9501.457947291481,8
Flipkart_FAHA1E,22,17.88888888888889,3533.213667338026,9
Flipkart_FAHA1E,23,21.375,4227.933172365449,8
Flipkart_FAHA1E,24,27.375,5421.50318342539,8
Flipkart_FAHA1E,25,20.0,3936.3382166052143,8
Flipkart_FAHA1E,26,35.0,6914.874648829632,7
Flipkart_FAHA1E,27,23.142857142857142,4487.489660936169,7
Flipkart_FAHA1E,28,20.0,3918.524991999066,7
Flipkart_FAHA1E,29,14.875,2979.27263717446,8
Flipkart_FAHA1E,30,26.714285714285715,5325.62877350594,7
Flipkart_FAHA1E,31,18.0,3579.1016949152545,4
Flipkart_FAHAM,1,392.1818181818182,26358.06885400857,11
Flipkart_FAHAM,2,428.45454545454544,28813.370303642416,11
Flipkart_FAHAM,3,412.6363636363636,27661.150003779974,11
Flipkart_FAHAM,4,431.8181818181818,28926.283700669963,11
Flipkart_FAHAM,5,479.6363636363636,32082.115357542854,11
Flipkart_FAHAM,6,383.72727272727275,25681.90261077712,11
Flipkart_FAHAM,7,312.8181818181818,20910.737072204818,11
Flipkart_FAHAM,8,340.8181818181818,22745.02024909836,11
Flipkart_FAHAM,9,367.8181818181818,24565.431726623643,11
Flipkart_FAHAM,10,334.0,22319.981485663342,11
Flipkart_FAHAM,11,369.54545454545456,24667.72679603106,11
Flipkart_FAHAM,12,368.72727272727275,24594.852473807816,11
Flipkart_FAHAM,13,381.54545454545456,25508.316813827292,11
Flipkart_FAHAM,14,354.90909090909093,23770.868584855838,11
Flipkart_FAHAM,15,474.8181818181818,31696.649445314575,11
Flipkart_FAHAM,16,425.0,28461.141109491382,11
Flipkart_FAHAM,17,416.27272727272725,27911.936568919176,11
Flipkart_FAHAM,18,408.3636363636364,27324.85460700908,11
Flipkart_FAHAM,19,448.72727272727275,30107.4969720609,11
Flipkart_FAHAM,20,366.6363636363636,24569.4354224071,11
Flipkart_FAHAM,21,340.27272727272725,22840.704399664475,11
Flipkart_FAHAM,22,336.6363636363636,22566.677379533263,11
Flipkart_FAHAM,23,347.3636363636364,23408.354068793527,11
Flipkart_FAHAM,24,365.6363636363636,24547.026250705592,11
Flipkart_FAHAM,25,399.8181818181818,26779.23311191414,11
Flipkart_FAHAM,26,328.7,22037.172070118504,10
Flipkart_FAHAM,27,292.6,19704.975561744544,10
Flipkart_FAHAM,28,297.7,20130.863819985043,10
Flipkart_FAHAM,29,404.5,27129.851944278704,10
Flipkart_FAHAM,30,364.8,24598.42054671203,10
Flipkart_FAHAM,31,363.5,24484.73023833986,6
Flipkart_FAHRB,1,118.36363636363636,7990.2328986061075,11
Flipkart_FAHRB,2,118.81818181818181,8004.567906964782,11
Flipkart_FAHRB,3,120.72727272727273,8128.268934194514,11
Flipkart_FAHRB,4,106.81818181818181,7183.010425415568,11
Flipkart_FAHRB,5,95.0,6395.064359540276,11
Flipkart_FAHRB,6,91.0,6145.236007829499,11
Flipkart_FAHRB,7,79.72727272727273,5403.601556117792,11
Flipkart_FAHRB,8,81.72727272727273,5522.581872844595,11
Flipkart_FAHRB,9,79.0,5344.175351840686,11
Flipkart_FAHRB,10,61.81818181818182,4148.822135994807,11
Flipkart_FAHRB,11,71.63636363636364,4831.35360191493,11
Flipkart_FAHRB,12,65.81818181818181,4443.656653811436,11
Flipkart_FAHRB,13,72.72727272727273,4893.277821035799,11
Flipkart_FAHRB,14,73.54545454545455,4976.095770824001,11
Flipkart_FAHRB,15,100.63636363636364,6757.752055735569,11
Flipkart_FAHRB,16,95.72727272727273,6452.5802988368905,11
Flipkart_FAHRB,17,93.54545454545455,6295.256897444723,11
Flipkart_FAHRB,18,88.0,5927.563601126233,11
Flipkart_FAHRB,19,84.63636363636364,5700.104532527267,11
Flipkart_FAHRB,20,90.72727272727273,6115.993205898878,11
Flipkart_FAHRB,21,115.9090909090909,7826.531427586918,11
Flipkart_FAHRB,22,99.81818181818181,6740.5746425490825,11
Flipkart_FAHRB,23,101.81818181818181,6869.4393858592375,11
Flipkart_FAHRB,24,89.72727272727273,6075.744541168631,11
Flipkart_FAHRB,25,67.36363636363636,4559.017991546168,11
Flipkart_FAHRB,26,53.0,3593.358216660929,10
Flipkart_FAHRB,27,45.3,3062.9306951437884,10
Flipkart_FAHRB,28,65.8,4444.185836051732,10
Flipkart_FAHRB,29,81.5,5502.353442077128,10
Flipkart_FAHRB,30,79.4,5367.584042711492,10
Flipkart_FAHRB,31,95.66666666666667,6397.782955213545,6
Flipkart_FAHTT,1,182.72727272727272,12257.158619511743,11
Flipkart_FAHTT,2,193.36363636363637,12969.197425914586,11
Flipkart_FAHTT,3,199.45454545454547,13371.878184478292,11
Flipkart_FAHTT,4,184.0909090909091,12358.09589392544,11
Flipkart_FAHTT,5,178.0,11947.671766613481,11
Flipkart_FAHTT,6,162.1818181818182,10890.010198345484,11
Flipkart_FAHTT,7,135.27272727272728,9087.492991168434,11
Flipkart_FAHTT,8,128.0909090909091,8587.247056537208,11
Flipkart_FAHTT,9,142.45454545454547,9559.254111804465,11
Flipkart_FAHTT,10,140.0,9385.917165148063,11
Flipkart_FAHTT,11,150.9090909090909,10142.259329224424,11
Flipkart_FAHTT,12,149.8181818181818,10095.304158111392,11
Flipkart_FAHTT,13,158.1818181818182,10670.36504756518,11
Flipkart_FAHTT,14,131.1818181818182,8831.694480961363,11
Flipkart_FAHTT,15,188.63636363636363,12658.606076030635,11
Flipkart_FAHTT,16,147.9090909090909,9934.92119776802,11
Flipkart_FAHTT,17,147.0909090909091,9899.671163012243,11
Flipkart_FAHTT,18,132.1818181818182,8886.98368680374,11
Flipkart_FAHTT,19,130.0909090909091,8739.43983521204,11
Flipkart_FAHTT,20,124.0909090909091,8325.265989899148,11
Flipkart_FAHTT,21,144.9090909090909,9720.89913302406,11
Flipkart_FAHTT,22,155.63636363636363,10435.258384230016,11
Flipkart_FAHTT,23,136.0909090909091,9109.333502793266,11
Flipkart_FAHTT,24,153.1818181818182,10251.590000580542,11
Flipkart_FAHTT,25,150.72727272727272,10097.464775721832,11
Flipkart_FAHTT,26,116.7,7800.083599838203,10
Flipkart_FAHTT,27,116.6,7834.713424837004,10
Flipkart_FAHTT,28,116.9,7848.314240324369,10
Flipkart_FAHTT,29,148.1,9909.095330581553,10
Flipkart_FAHTT,30,126.9,8509.938301399425,10
Flipkart_FAHTT,31,155.0,10387.251289324098,6
Flipkart_FAMMA2,1,8.8,5239.995820094442,10
Flipkart_FAMMA2,2,6.888888888888889,4154.4350635982755,9
Flipkart_FAMMA2,3,9.090909090909092,5449.145370855502,11
Flipkart_FAMMA2,4,11.636363636363637,6955.68395292947,11
Flipkart_FAMMA2,5,15.3,9209.92321038266,10
Flipkart_FAMMA2,6,14.4,8699.201933987828,10
Flipkart_FAMMA2,7,15.555555555555555,9392.75135416703,9
Flipkart_FAMMA2,8,12.8,7606.136255194807,10
Flipkart_FAMMA2,9,10.2,6094.742487942122,10
Flipkart_FAMMA2,10,10.222222222222221,6084.670262939897,9
Flipkart_FAMMA2,11,5.0,3003.198992697418,10
Flipkart_FAMMA2,12,9.11111111111111,5490.976437825297,9
Flipkart_FAMMA2,13,11.0,6625.862754763022,10
Flipkart_FAMMA2,14,8.6,5192.6288570763,10
Flipkart_FAMMA2,15,11.5,6940.859123418258,10
Flipkart_FAMMA2,16,10.333333333333334,6214.663820389479,9
Flipkart_FAMMA2,17,6.5,3894.1049747553902,10
Flipkart_FAMMA2,18,10.1,6025.810685523797,10
Flipkart_FAMMA2,19,14.222222222222221,8458.654642136727,9
Flipkart_FAMMA2,20,6.5,3935.0913558317247,10
Flipkart_FAMMA2,21,14.571428571428571,8735.463888840317,7
Flipkart_FAMMA2,22,12.0,7239.811929917454,11
Flipkart_FAMMA2,23,17.727272727272727,10611.594802137613,11
Flipkart_FAMMA2,24,17.2,10332.970805896493,10
Flipkart_FAMMA2,25,17.666666666666668,10629.080996599569,9
Flipkart_FAMMA2,26,15.625,9440.747525646912,8
Flipkart_FAMMA2,27,12.3,7382.541804101442,10
Flipkart_FAMMA2,28,15.88888888888889,9458.99681011056,9
Flipkart_FAMMA2,29,6.5,3879.6622295551933,8
Flipkart_FAMMA2,30,6.111111111111111,3627.253625098458,9
Flipkart_FAMMA2,31,5.0,3027.2008587942596,3
Flipkart_FAMMB2,1,72.63636363636364,30692.60358063467,11
Flipkart_FAMMB2,2,66.0909090909091,27890.1727420702,11
Flipkart_FAMMB2,3,76.54545454545455,32250.54503367307,11
Flipkart_FAMMB2,4,50.18181818181818,21118.530812903326,11
Flipkart_FAMMB2,5,66.0909090909091,27900.11145820307,11
Flipkart_FAMMB2,6,75.18181818181819,31757.217007378782,11
Flipkart_FAMMB2,7,69.0909090909091,29206.210636923835,11
Flipkart_FAMMB2,8,76.63636363636364,32208.81590171397,11
Flipkart_FAMMB2,9,91.0,38322.60712345817,11
Flipkart_FAMMB2,10,77.0909090909091,32369.247615768516,11
Flipkart_FAMMB2,11,66.0,27890.07391809318,11
Flipkart_FAMMB2,12,75.63636363636364,31917.416127923552,11
Flipkart_FAMMB2,13,67.72727272727273,28552.384861978226,11
Flipkart_FAMMB2,14,64.9090909090909,27377.591653493095,11
Flipkart_FAMMB2,15,74.18181818181819,31315.008199088064,11
Flipkart_FAMMB2,16,67.18181818181819,28350.605711625572,11
Flipkart_FAMMB2,17,60.54545454545455,25517.782341533955,11
Flipkart_FAMMB2,18,66.36363636363636,27963.54926642548,11
Flipkart_FAMMB2,19,78.45454545454545,32924.58639347977,11
Flipkart_FAMMB2,20,66.54545454545455,28108.871419641786,11
Flipkart_FAMMB2,21,71.27272727272727,30054.129407007076,11
Flipkart_FAMMB2,22,67.36363636363636,28342.51835423405,11
Flipkart_FAMMB2,23,66.9090909090909,28152.984673327337,11
Flipkart_FAMMB2,24,62.36363636363637,26311.01261675694,11
Flipkart_FAMMB2,25,59.54545454545455,25092.678976741616,11
Flipkart_FAMMB2,26,54.4,22886.25111903322,10
Flipkart_FAMMB2,27,65.8,27743.192299271643,10
Flipkart_FAMMB2,28,58.8,24696.361810818344,10
Flipkart_FAMMB2,29,59.7,25039.367078557065,10
Flipkart_FAMMB2,30,74.6,31272.529957328177,10
Flipkart_FAMMB2,31,57.666666666666664,24353.064734801705,6
Flipkart_FAMMP2,1,71.45454545454545,30136.210137623366,11
Flipkart_FAMMP2,2,54.45454545454545,23011.64211349918,11
Flipkart_FAMMP2,3,52.72727272727273,22224.574231318227,11
Flipkart_FAMMP2,4,45.27272727272727,19048.00017558855,11
Flipkart_FAMMP2,5,49.36363636363637,20834.287819529334,11
Flipkart_FAMMP2,6,64.36363636363636,27192.812999468566,11
Flipkart_FAMMP2,7,48.54545454545455,20511.218809267542,11
Flipkart_FAMMP2,8,55.90909090909091,23523.083242357017,11
Flipkart_FAMMP2,9,52.45454545454545,22103.411956073534,11
Flipkart_FAMMP2,10,50.0,21080.251311787022,11
Flipkart_FAMMP2,11,44.27272727272727,18660.564845168003,11
Flipkart_FAMMP2,12,45.45454545454545,19168.03972477134,11
Flipkart_FAMMP2,13,41.0,17269.14178545284,11
Flipkart_FAMMP2,14,42.81818181818182,18021.594284896735,11
Flipkart_FAMMP2,15,49.72727272727273,21020.219798729486,11
Flipkart_FAMMP2,16,50.09090909090909,21165.053851353525,11
Flipkart_FAMMP2,17,60.27272727272727,25452.626191617965,11
Flipkart_FAMMP2,18,51.36363636363637,21625.253856709427,11
Flipkart_FAMMP2,19,49.90909090909091,20973.94665012641,11
Flipkart_FAMMP2,20,62.27272727272727,26284.623260585624,11
Flipkart_FAMMP2,21,53.0,22356.344957191683,11
Flipkart_FAMMP2,22,57.72727272727273,24358.91770689188,11
Flipkart_FAMMP2,23,50.72727272727273,21374.555824059036,11
Flipkart_FAMMP2,24,53.27272727272727,22357.172848813785,11
Flipkart_FAMMP2,25,52.18181818181818,21904.864267646975,11
Flipkart_FAMMP2,26,37.5,15818.962191559734,10
Flipkart_FAMMP2,27,39.4,16598.75481360811,10
Flipkart_FAMMP2,28,42.7,17978.99396582059,10
Flipkart_FAMMP2,29,86.4,36475.87536180915,10
Flipkart_FAMMP2,30,73.2,30866.510972336313,10
Flipkart_FAMMP2,31,31.666666666666668,13315.20696137001,6
Flipkart_FAMMV2,1,578.9090909090909,243485.87855988444,11
Flipkart_FAMMV2,2,580.9090909090909,244144.64955675034,11
Flipkart_FAMMV2,3,592.4545454545455,249363.52558205015,11
Flipkart_FAMMV2,4,550.0,230821.01855143177,11
Flipkart_FAMMV2,5,603.1818181818181,253937.31593597823,11
Flipkart_FAMMV2,6,541.6363636363636,228257.11688795433,11
Flipkart_FAMMV2,7,473.3636363636364,199121.8990330085,11
Flipkart_FAMMV2,8,441.3636363636364,185599.78163267786,11
Flipkart_FAMMV2,9,520.4545454545455,218650.92174801344,11
Flipkart_FAMMV2,10,450.72727272727275,190072.4504497068,11
Flipkart_FAMMV2,11,418.8181818181818,176425.70391269136,11
Flipkart_FAMMV2,12,443.72727272727275,186816.40086531956,11
Flipkart_FAMMV2,13,458.1818181818182,193163.76239779216,11
Flipkart_FAMMV2,14,384.0,161788.20186190668,11
Flipkart_FAMMV2,15,402.3636363636364,169433.10882499933,11
Flipkart_FAMMV2,16,446.72727272727275,187550.79894866183,11
Flipkart_FAMMV2,17,438.27272727272725,184416.08919965473,11
Flipkart_FAMMV2,18,404.1818181818182,169788.2682513546,11
Flipkart_FAMMV2,19,395.3636363636364,166148.30129627523,11
Flipkart_FAMMV2,20,413.09090909090907,173753.78342926307,11
Flipkart_FAMMV2,21,435.3636363636364,183018.90581007858,11
Flipkart_FAMMV2,22,445.72727272727275,187464.07495193864,11
Flipkart_FAMMV2,23,440.8181818181818,185232.58599969346,11
Flipkart_FAMMV2,24,486.72727272727275,204974.59777543804,11
Flipkart_FAMMV2,25,430.0,181369.49112997262,11
Flipkart_FAMMV2,26,381.6,160601.177448385,10
Flipkart_FAMMV2,27,383.9,161604.91789141524,10
Flipkart_FAMMV2,28,431.4,181696.50224913278,10
Flipkart_FAMMV2,29,584.8,246497.8332782308,10
Flipkart_FAMMV2,30,550.3,231391.7513591281,10
Flipkart_FAMMV2,31,246.5,103823.14145754378,6
Flipkart_FAMRA2,1,15.0,3308.5664978887066,8
Flipkart_FAMRA2,2,14.6,3221.0391501330196,10
Flipkart_FAMRA2,3,18.22222222222222,4019.393533569925,9
Flipkart_FAMRA2,4,17.77777777777778,3919.1224691459956,9
Flipkart_FAMRA2,5,13.88888888888889,3062.2841630288585,9
Flipkart_FAMRA2,6,18.7,4122.2022071957235,10
Flipkart_FAMRA2,7,14.2,3130.7648296024386,10
Flipkart_FAMRA2,8,20.0,4409.760024021838,10
Flipkart_FAMRA2,9,16.363636363636363,3608.1765213109425,11
Flipkart_FAMRA2,10,28.666666666666668,6321.4191681548355,9
Flipkart_FAMRA2,11,23.22222222222222,5120.796270715412,9
Flipkart_FAMRA2,12,13.7,3021.0772685051934,10
Flipkart_FAMRA2,13,10.8,2381.0329652030923,10
Flipkart_FAMRA2,14,17.5,3857.7508071875372,10
Flipkart_FAMRA2,15,15.909090909090908,3507.6055728500437,11
Flipkart_FAMRA2,16,18.0,3968.9053756340127,9
Flipkart_FAMRA2,17,15.777777777777779,3479.118599790181,9
Flipkart_FAMRA2,18,20.11111111111111,4435.508438626016,9
Flipkart_FAMRA2,19,16.636363636363637,3668.044297944167,11
Flipkart_FAMRA2,20,17.428571428571427,3842.5394803211625,7
Flipkart_FAMRA2,21,18.77777777777778,4140.233396260085,9
Flipkart_FAMRA2,22,19.88888888888889,4386.566302811527,9
Flipkart_FAMRA2,23,20.0,4411.44230359638,10
Flipkart_FAMRA2,24,20.555555555555557,4533.029756714518,9
Flipkart_FAMRA2,25,18.3,4036.2544001030865,10
Flipkart_FAMRA2,26,16.125,3555.76981205671,8
Flipkart_FAMRA2,27,20.4,4498.652604106546,10
Flipkart_FAMRA2,28,19.0,4191.664409482853,10
Flipkart_FAMRA2,29,15.0,3309.5523789165354,9
Flipkart_FAMRA2,30,18.875,4163.433516331503,8
Flipkart_FAMRA2,31,7.666666666666667,1689.4117962579558,3
Flipkart_FAMRB2,1,261.27272727272725,55582.11226892327,11
Flipkart_FAMRB2,2,195.36363636363637,41583.31433977005,11
Flipkart_FAMRB2,3,185.8181818181818,39596.628429547716,11
Flipkart_FAMRB2,4,139.36363636363637,29658.139112136327,11
Flipkart_FAMRB2,5,170.0909090909091,36228.26595439799,11
Flipkart_FAMRB2,6,154.63636363636363,32898.601428101334,11
Flipkart_FAMRB2,7,151.72727272727272,32273.350319500503,11
Flipkart_FAMRB2,8,137.9090909090909,29334.73042547808,11
Flipkart_FAMRB2,9,149.0909090909091,31711.259172648246,11
Flipkart_FAMRB2,10,141.1818181818182,30044.253579668493,11
Flipkart_FAMRB2,11,144.72727272727272,30754.151076599384,11
Flipkart_FAMRB2,12,124.45454545454545,26478.881784305246,11
Flipkart_FAMRB2,13,134.36363636363637,28562.407617073517,11
Flipkart_FAMRB2,14,135.72727272727272,28896.272630766383,11
Flipkart_FAMRB2,15,165.54545454545453,35252.69663091885,11
Flipkart_FAMRB2,16,143.45454545454547,30431.273692100018,11
Flipkart_FAMRB2,17,123.54545454545455,26250.098888373173,11
Flipkart_FAMRB2,18,126.0909090909091,26658.749746836376,11
Flipkart_FAMRB2,19,134.8181818181818,28540.591490761388,11
Flipkart_FAMRB2,20,126.63636363636364,26829.626348876976,11
Flipkart_FAMRB2,21,128.8181818181818,27279.67128884915,11
Flipkart_FAMRB2,22,131.72727272727272,27899.951505834793,11
Flipkart_FAMRB2,23,137.72727272727272,29144.006873394912,11
Flipkart_FAMRB2,24,143.45454545454547,30221.63183583721,11
Flipkart_FAMRB2,25,134.36363636363637,28498.554167721304,11
Flipkart_FAMRB2,26,110.9,23490.245059669724,10
Flipkart_FAMRB2,27,119.1,25273.3613582866,10
Flipkart_FAMRB2,28,124.5,26364.275936508922,10
Flipkart_FAMRB2,29,144.6,30647.504213657034,10
Flipkart_FAMRB2,30,145.9,30821.894919898197,10
Flipkart_FAMRB2,31,104.66666666666667,22025.76838457584,6
Flipkart_FAMRG2,1,9.2,1916.0736786636153,10
Flipkart_FAMRG2,2,9.777777777777779,2065.4895909706456,9
Flipkart_FAMRG2,3,9.8,2058.914998398662,10
Flipkart_FAMRG2,4,13.777777777777779,2875.9909634783894,9
Flipkart_FAMRG2,5,10.5,2216.457266985799,10
Flipkart_FAMRG2,6,13.11111111111111,2768.1235408915063,9
Flipkart_FAMRG2,7,8.9,1887.1758211046556,10
Flipkart_FAMRG2,8,10.909090909090908,2277.8495045133477,11
Flipkart_FAMRG2,9,13.9,2899.30768686288,10
Flipkart_FAMRG2,10,9.454545454545455,1976.4531920134561,11
Flipkart_FAMRG2,11,7.1,1501.2180441448502,10
Flipkart_FAMRG2,12,8.9,1883.0236809665198,10
Flipkart_FAMRG2,13,12.555555555555555,2641.364974629185,9
Flipkart_FAMRG2,14,9.4,1982.197543416854,10
Flipkart_FAMRG2,15,13.333333333333334,2819.3642175046516,9
Flipkart_FAMRG2,16,13.9,2938.7317551516235,10
Flipkart_FAMRG2,17,8.6,1810.1057008197815,10
Flipkart_FAMRG2,18,9.4,1978.9620229145007,10
Flipkart_FAMRG2,19,12.2,2571.9023158768114,10
Flipkart_FAMRG2,20,9.5,2003.8916247544562,10
Flipkart_FAMRG2,21,9.1,1914.846256402725,10
Flipkart_FAMRG2,22,13.11111111111111,2723.1787460775377,9
Flipkart_FAMRG2,23,12.4,2573.7979549387155,10
Flipkart_FAMRG2,24,12.6,2639.5508043652862,10
Flipkart_FAMRG2,25,12.181818181818182,2541.3646618125163,11
Flipkart_FAMRG2,26,7.4,1560.031423842176,10
Flipkart_FAMRG2,27,10.9,2291.246486874653,10
Flipkart_FAMRG2,28,9.7,2051.457241905677,10
Flipkart_FAMRG2,29,7.9,1667.7422496274914,10
Flipkart_FAMRG2,30,11.9,2489.1167863913283,10
Flipkart_FAMRG2,31,3.5,747.4576271186442,4
Flipkart_FAMRP2,1,39.81818181818182,8479.36753119006,11
Flipkart_FAMRP2,2,46.81818181818182,9947.643230225287,11
Flipkart_FAMRP2,3,50.0,10665.500788274436,11
Flipkart_FAMRP2,4,34.36363636363637,7325.872228574865,11
Flipkart_FAMRP2,5,35.63636363636363,7595.87864791114,11
Flipkart_FAMRP2,6,33.0,7038.565165286704,11
Flipkart_FAMRP2,7,28.545454545454547,6095.315624164394,11
Flipkart_FAMRP2,8,38.63636363636363,8221.760972201208,11
Flipkart_FAMRP2,9,34.09090909090909,7251.624062395943,11
Flipkart_FAMRP2,10,33.54545454545455,7159.653221909732,11
Flipkart_FAMRP2,11,30.181818181818183,6438.483561501665,11
Flipkart_FAMRP2,12,31.818181818181817,6781.821624307456,11
Flipkart_FAMRP2,13,30.727272727272727,6551.870252130992,11
Flipkart_FAMRP2,14,32.36363636363637,6894.216838033928,11
Flipkart_FAMRP2,15,29.181818181818183,6233.973213105759,11
Flipkart_FAMRP2,16,32.36363636363637,6882.151857337172,11
Flipkart_FAMRP2,17,31.0,6593.985747348419,11
Flipkart_FAMRP2,18,31.272727272727273,6642.326252926077,11
Flipkart_FAMRP2,19,31.545454545454547,6634.632693436478,11
Flipkart_FAMRP2,20,31.181818181818183,6547.177545642943,11
Flipkart_FAMRP2,21,27.363636363636363,5789.806570228644,11
Flipkart_FAMRP2,22,27.363636363636363,5781.506512302813,11
Flipkart_FAMRP2,23,28.09090909090909,5973.516517302659,11
Flipkart_FAMRP2,24,32.54545454545455,6898.104383749745,11
Flipkart_FAMRP2,25,29.545454545454547,6268.9804433336285,11
Flipkart_FAMRP2,26,21.7,4588.090971310967,10
Flipkart_FAMRP2,27,24.5,5195.589232294038,10
Flipkart_FAMRP2,28,27.5,5838.9976715526545,10
Flipkart_FAMRP2,29,30.6,6501.1259060149805,10
Flipkart_FAMRP2,30,29.6,6253.4352721280975,10
Flipkart_FAMRP2,31,27.333333333333332,5801.67664814934,6
Flipkart_FAMRR2,1,13.0,2834.162889834592,11
Flipkart_FAMRR2,2,14.363636363636363,3147.0392166614315,11
Flipkart_FAMRR2,3,13.727272727272727,3006.633222359169,11
Flipkart_FAMRR2,4,11.181818181818182,2442.023755129235,11
Flipkart_FAMRR2,5,11.2,2447.131673142993,10
Flipkart_FAMRR2,6,13.5,2965.636658531146,10
Flipkart_FAMRR2,7,12.090909090909092,2662.76942093155,11
Flipkart_FAMRR2,8,16.1,3522.7853198925136,10
Flipkart_FAMRR2,9,14.454545454545455,3154.3300766297193,11
Flipkart_FAMRR2,10,18.3,4018.129948616912,10
Flipkart_FAMRR2,11,19.0,4177.076394360861,10
Flipkart_FAMRR2,12,15.727272727272727,3455.7337794942946,11
Flipkart_FAMRR2,13,13.363636363636363,2936.32799099219,11
Flipkart_FAMRR2,14,9.818181818181818,2160.8700519881854,11
Flipkart_FAMRR2,15,10.909090909090908,2398.606125963889,11
Flipkart_FAMRR2,16,14.636363636363637,3218.882676804384,11
Flipkart_FAMRR2,17,12.2,2683.5422700538466,10
Flipkart_FAMRR2,18,12.3,2698.624766959649,10
Flipkart_FAMRR2,19,17.7,3884.9723673403946,10
Flipkart_FAMRR2,20,9.636363636363637,2121.51610975858,11
Flipkart_FAMRR2,21,11.1,2434.9891144902203,10
Flipkart_FAMRR2,22,11.9,2597.57132822736,10
Flipkart_FAMRR2,23,9.0,1977.271672947575,11
Flipkart_FAMRR2,24,11.909090909090908,2610.9802961719924,11
Flipkart_FAMRR2,25,16.3,3580.347308514505,10
Flipkart_FAMRR2,26,12.555555555555555,2762.011201223005,9
Flipkart_FAMRR2,27,13.88888888888889,3050.6684509554557,9
Flipkart_FAMRR2,28,12.2,2679.653536426921,10
Flipkart_FAMRR2,29,12.0,2629.0958440651943,10
Flipkart_FAMRR2,30,18.875,4101.568401038701,8
Flipkart_FAMRR2,31,4.75,1046.7229795075687,4
Flipkart_FAMRV2,1,196.54545454545453,41787.03756755568,11
Flipkart_FAMRV2,2,178.8181818181818,37998.95861802902,11
Flipkart_FAMRV2,3,179.27272727272728,38135.027248935534,11
Flipkart_FAMRV2,4,149.1818181818182,31710.522006776628,11
Flipkart_FAMRV2,5,168.9090909090909,35947.139281200994,11
Flipkart_FAMRV2,6,152.1818181818182,32372.68683488842,11
Flipkart_FAMRV2,7,132.72727272727272,28240.49863155226,11
Flipkart_FAMRV2,8,143.54545454545453,30472.1075564216,11
Flipkart_FAMRV2,9,142.27272727272728,30225.897601968587,11
Flipkart_FAMRV2,10,124.81818181818181,26523.641125979422,11
Flipkart_FAMRV2,11,128.36363636363637,27329.875257747484,11
Flipkart_FAMRV2,12,120.36363636363636,25607.438678252525,11
Flipkart_FAMRV2,13,129.9090909090909,27639.84925969321,11
Flipkart_FAMRV2,14,131.45454545454547,27965.94901101161,11
Flipkart_FAMRV2,15,151.27272727272728,32211.031082924022,11
Flipkart_FAMRV2,16,139.36363636363637,29449.036030685143,11
Flipkart_FAMRV2,17,123.63636363636364,26327.231129465832,11
Flipkart_FAMRV2,18,135.1818181818182,28616.93373826815,11
Flipkart_FAMRV2,19,128.36363636363637,27164.937517088627,11
Flipkart_FAMRV2,20,137.0,28975.747548020678,11
Flipkart_FAMRV2,21,130.72727272727272,27658.396163678644,11
Flipkart_FAMRV2,22,144.8181818181818,30722.230429979685,11
Flipkart_FAMRV2,23,131.0,27719.524220781077,11
Flipkart_FAMRV2,24,141.54545454545453,29896.59099039672,11
Flipkart_FAMRV2,25,130.72727272727272,27664.416557570523,11
Flipkart_FAMRV2,26,116.7,24701.482199547558,10
Flipkart_FAMRV2,27,106.4,22497.578995571104,10
Flipkart_FAMRV2,28,116.3,24625.135350567823,10
Flipkart_FAMRV2,29,137.7,29213.7825594905,10
Flipkart_FAMRV2,30,138.3,29252.81723930843,10
Flipkart_FAMRV2,31,106.83333333333333,22519.58624543645,6
Flipkart_FAPA1E,1,354.3636363636364,47341.11004658439,11
Flipkart_FAPA1E,2,313.27272727272725,41925.661069527596,11
Flipkart_FAPA1E,3,280.3636363636364,37602.71754431324,11
Flipkart_FAPA1E,4,256.72727272727275,34447.25133272909,11
Flipkart_FAPA1E,5,255.0,34462.32353835359,11
Flipkart_FAPA1E,6,244.36363636363637,32793.45467982472,11
Flipkart_FAPA1E,7,210.1818181818182,28241.716873418725,11
Flipkart_FAPA1E,8,218.0909090909091,29227.87553143016,11
Flipkart_FAPA1E,9,189.1818181818182,25451.6047016322,11
Flipkart_FAPA1E,10,185.36363636363637,24937.273580159523,11
Flipkart_FAPA1E,11,170.63636363636363,22910.333711401305,11
Flipkart_FAPA1E,12,160.8181818181818,21615.547264234177,11
Flipkart_FAPA1E,13,163.45454545454547,21832.082398782655,11
Flipkart_FAPA1E,14,151.0909090909091,20187.900065553404,11
Flipkart_FAPA1E,15,181.1818181818182,24196.443486479995,11
Flipkart_FAPA1E,16,168.0,22466.63116531677,11
Flipkart_FAPA1E,17,158.45454545454547,21210.76861821402,11
Flipkart_FAPA1E,18,152.1818181818182,20371.52020295556,11
Flipkart_FAPA1E,19,145.0909090909091,19437.326621151646,11
Flipkart_FAPA1E,20,162.27272727272728,21699.023496469454,11
Flipkart_FAPA1E,21,164.27272727272728,21982.116804439534,11
Flipkart_FAPA1E,22,164.0909090909091,22003.871761572216,11
Flipkart_FAPA1E,23,176.1818181818182,23705.81404560484,11
Flipkart_FAPA1E,24,157.72727272727272,21173.320126897517,11
Flipkart_FAPA1E,25,155.0909090909091,20761.114138407702,11
Flipkart_FAPA1E,26,164.5,22050.6289742604,10
Flipkart_FAPA1E,27,159.2,21389.963659639976,10
Flipkart_FAPA1E,28,177.4,23848.360723543552,10
Flipkart_FAPA1E,29,218.6,29215.214910426894,10
Flipkart_FAPA1E,30,245.5,32737.878806758003,10
Flipkart_FAPA1E,31,233.33333333333334,31115.52105450732,6
Flipkart_FAPAM5,1,2577.2727272727275,577851.8667603749,11
Flipkart_FAPAM5,2,2098.3636363636365,472738.38879652525,11
Flipkart_FAPAM5,3,1866.909090909091,420810.4127668803,11
Flipkart_FAPAM5,4,2258.818181818182,505110.4875213392,11
Flipkart_FAPAM5,5,2061.3636363636365,465430.85220858024,11
Flipkart_FAPAM5,6,1783.090909090909,396721.7026562333,11
Flipkart_FAPAM5,7,1456.6363636363637,325615.0734855272,11
Flipkart_FAPAM5,8,1480.1818181818182,333081.47609485826,11
Flipkart_FAPAM5,9,1178.0,265652.90565691434,11
Flipkart_FAPAM5,10,1015.9090909090909,230325.1096901232,11
Flipkart_FAPAM5,11,982.6363636363636,221997.50713806876,11
Flipkart_FAPAM5,12,1255.4545454545455,282746.3269970723,11
Flipkart_FAPAM5,13,1450.0,325879.56270503614,11
Flipkart_FAPAM5,14,1180.909090909091,265677.0486902289,11
Flipkart_FAPAM5,15,1167.2727272727273,262028.98628089018,11
Flipkart_FAPAM5,16,1091.5454545454545,245107.78734769428,11
Flipkart_FAPAM5,17,1080.8181818181818,243831.72471579665,11
Flipkart_FAPAM5,18,1459.1818181818182,327814.02010291,11
Flipkart_FAPAM5,19,1492.5454545454545,336263.3143560496,11
Flipkart_FAPAM5,20,1259.7272727272727,283945.25839883037,11
Flipkart_FAPAM5,21,1324.4545454545455,298555.3373925513,11
Flipkart_FAPAM5,22,1181.909090909091,267203.82111771166,11
Flipkart_FAPAM5,23,1095.1818181818182,246415.07039374427,11
Flipkart_FAPAM5,24,1393.2727272727273,312650.06719115644,11
Flipkart_FAPAM5,25,1500.8181818181818,340853.78369946306,11
Flipkart_FAPAM5,26,905.0,205048.84949776606,10
Flipkart_FAPAM5,27,915.0,207111.55379467818,10
Flipkart_FAPAM5,28,984.3,224144.02291817655,10
Flipkart_FAPAM5,29,1342.4,300994.95590687875,10
Flipkart_FAPAM5,30,1184.1,265256.12435069785,10
Flipkart_FAPAM5,31,970.1666666666666,218285.79400647004,6
Flipkart_FASB3,1,137.1818181818182,11546.29247209739,11
Flipkart_FASB3,2,127.0,11224.982372732613,11
Flipkart_FASB3,3,129.1818181818182,11387.243305560893,11
Flipkart_FASB3,4,88.54545454545455,8007.342936636572,11
Flipkart_FASB3,5,98.81818181818181,8563.296658735822,11
Flipkart_FASB3,6,94.45454545454545,8406.550702611914,11
Flipkart_FASB3,7,94.27272727272727,8122.55885505972,11
Flipkart_FASB3,8,91.27272727272727,7762.802088093597,11
Flipkart_FASB3,9,93.63636363636364,8118.727510558602,11
Flipkart_FASB3,10,84.45454545454545,7104.115719444154,11
Flipkart_FASB3,11,93.36363636363636,7539.920812989815,11
Flipkart_FASB3,12,95.0909090909091,7690.072871612571,11
Flipkart_FASB3,13,83.9090909090909,6808.68175560052,11
Flipkart_FASB3,14,78.81818181818181,6569.661471618081,11
Flipkart_FASB3,15,79.9090909090909,6694.046832325937,11
Flipkart_FASB3,16,79.81818181818181,6644.812742198043,11
Flipkart_FASB3,17,80.36363636363636,6910.105243029745,11
Flipkart_FASB3,18,74.36363636363636,6682.815524821545,11
Flipkart_FASB3,19,81.45454545454545,7202.650289175557,11
Flipkart_FASB3,20,82.9090909090909,7163.585743529449,11
Flipkart_FASB3,21,75.0,6424.627767361646,11
Flipkart_FASB3,22,77.81818181818181,6538.774321844076,11
Flipkart_FASB3,23,79.81818181818181,6806.727751610795,11
Flipkart_FASB3,24,74.45454545454545,6447.2935396639305,11
Flipkart_FASB3,25,84.0,6993.17670788122,11
Flipkart_FASB3,26,92.0,7583.9639929808545,10
Flipkart_FASB3,27,101.7,8101.857575574492,10
Flipkart_FASB3,28,94.9,7596.109083747118,10
Flipkart_FASB3,29,81.4,7125.244812207768,10
Flipkart_FASB3,30,98.7,8646.173895405931,10
Flipkart_FASB3,31,97.66666666666667,8513.128661505623,6
Flipkart_FASG3,1,196.8181818181818,17917.53745052137,11
Flipkart_FASG3,2,165.63636363636363,15397.514207370283,11
Flipkart_FASG3,3,151.72727272727272,14779.215538869406,11
Flipkart_FASG3,4,120.72727272727273,11705.717747878216,11
Flipkart_FASG3,5,134.0,12459.928586749169,11
Flipkart_FASG3,6,123.36363636363636,11808.504889809241,11
Flipkart_FASG3,7,112.9090909090909,10726.22136152323,11
Flipkart_FASG3,8,114.54545454545455,10868.378999074812,11
Flipkart_FASG3,9,122.9090909090909,11187.489747658228,11
Flipkart_FASG3,10,111.27272727272727,10109.24814390376,11
Flipkart_FASG3,11,120.18181818181819,10689.061650861497,11
Flipkart_FASG3,12,121.0909090909091,10860.51666087947,11
Flipkart_FASG3,13,112.72727272727273,10578.590550538867,11
Flipkart_FASG3,14,113.0,10350.388049291085,11
Flipkart_FASG3,15,114.0909090909091,10584.594033785774,11
Flipkart_FASG3,16,95.63636363636364,8791.013094109816,11
Flipkart_FASG3,17,85.18181818181819,7924.8658494984265,11
Flipkart_FASG3,18,105.0,9720.07680410741,11
Flipkart_FASG3,19,95.9090909090909,8995.584373798447,11
Flipkart_FASG3,20,108.81818181818181,10159.70323238021,11
Flipkart_FASG3,21,112.0909090909091,10414.43574573095,11
Flipkart_FASG3,22,110.72727272727273,9946.234304357786,11
Flipkart_FASG3,23,99.81818181818181,9322.747173609781,11
Flipkart_FASG3,24,87.0,8250.135832993552,11
Flipkart_FASG3,25,99.63636363636364,9199.802118185287,11
Flipkart_FASG3,26,98.3,8690.283787907765,10
Flipkart_FASG3,27,102.3,8795.697746404168,10
Flipkart_FASG3,28,106.6,9402.0697491356,10
Flipkart_FASG3,29,97.1,9774.702385501287,10
Flipkart_FASG3,30,109.2,10691.12008797043,10
Flipkart_FASG3,31,122.0,11780.527296411567,6
Flipkart_FASM3,1,532.8181818181819,54938.801805171235,11
Flipkart_FASM3,2,507.27272727272725,52152.223606926826,11
Flipkart_FASM3,3,472.72727272727275,48096.242885259824,11
Flipkart_FASM3,4,421.0,41766.71441257713,11
Flipkart_FASM3,5,440.1818181818182,42780.16881216385,11
Flipkart_FASM3,6,396.1818181818182,40585.79000235962,11
Flipkart_FASM3,7,354.72727272727275,35672.67693722333,11
Flipkart_FASM3,8,341.45454545454544,34452.154895352825,11
Flipkart_FASM3,9,327.45454545454544,32406.33169567245,11
Flipkart_FASM3,10,271.54545454545456,26806.7544171862,11
Flipkart_FASM3,11,263.54545454545456,25716.910723800756,11
Flipkart_FASM3,12,258.1818181818182,24638.450647133006,11
Flipkart_FASM3,13,263.45454545454544,25726.41613779708,11
Flipkart_FASM3,14,249.8181818181818,24633.328424733332,11
Flipkart_FASM3,15,577.1818181818181,59915.63929834149,11
Flipkart_FASM3,16,385.90909090909093,39395.33719391466,11
Flipkart_FASM3,17,370.8181818181818,36659.94444621818,11
Flipkart_FASM3,18,411.90909090909093,40331.89913005636,11
Flipkart_FASM3,19,420.72727272727275,40119.40008705079,11
Flipkart_FASM3,20,470.6363636363636,45496.955604346964,11
Flipkart_FASM3,21,418.1818181818182,40023.507966186204,11
Flipkart_FASM3,22,403.45454545454544,38065.89052084164,11
Flipkart_FASM3,23,349.8181818181818,33931.77277669281,11
Flipkart_FASM3,24,365.54545454545456,35995.0824875024,11
Flipkart_FASM3,25,568.0,54590.092090307546,11
Flipkart_FASM3,26,346.9,31374.327841453814,10
Flipkart_FASM3,27,341.4,30823.293650422496,10
Flipkart_FASM3,28,292.7,26911.634360011714,10
Flipkart_FASM3,29,424.6,43976.4357021404,10
Flipkart_FASM3,30,444.2,46646.074329538504,10
Flipkart_FASM3,31,326.3333333333333,33367.22790449416,6
Flipkart_FASP3,1,338.27272727272725,33871.06256956295,11
Flipkart_FASP3,2,312.6363636363636,31585.480216950426,11
Flipkart_FASP3,3,281.45454545454544,28597.839169136343,11
Flipkart_FASP3,4,239.27272727272728,24062.552608948496,11
Flipkart_FASP3,5,242.54545454545453,23654.533081839272,11
Flipkart_FASP3,6,199.9090909090909,20262.243864726057,11
Flipkart_FASP3,7,172.63636363636363,17375.199099006593,11
Flipkart_FASP3,8,169.72727272727272,16869.04625743267,11
Flipkart_FASP3,9,155.0909090909091,15090.505067678327,11
Flipkart_FASP3,10,136.36363636363637,13334.375052539455,11
Flipkart_FASP3,11,143.36363636363637,14102.566496171336,11
Flipkart_FASP3,12,137.63636363636363,13503.314246926584,11
Flipkart_FASP3,13,142.9090909090909,13961.863567385151,11
Flipkart_FASP3,14,147.45454545454547,14020.57318151511,11
Flipkart_FASP3,15,257.72727272727275,26576.69937979842,11
Flipkart_FASP3,16,191.27272727272728,19318.834896009368,11
Flipkart_FASP3,17,164.72727272727272,16714.343172754336,11
Flipkart_FASP3,18,166.0,16849.563848504986,11
Flipkart_FASP3,19,170.45454545454547,17242.05798753429,11
Flipkart_FASP3,20,161.8181818181818,16037.526206210885,11
Flipkart_FASP3,21,163.1818181818182,16284.481508346444,11
Flipkart_FASP3,22,161.0909090909091,16294.99530215435,11
Flipkart_FASP3,23,150.8181818181818,15190.813878001838,11
Flipkart_FASP3,24,143.63636363636363,14398.065564767168,11
Flipkart_FASP3,25,219.45454545454547,19737.61416867577,11
Flipkart_FASP3,26,127.8,12224.200247289977,10
Flipkart_FASP3,27,137.4,12503.369918952962,10
Flipkart_FASP3,28,128.3,11761.528066599865,10
Flipkart_FASP3,29,192.6,19878.044993229883,10
Flipkart_FASP3,30,185.7,18935.09282732445,10
Flipkart_FASP3,31,168.33333333333334,16012.505006508158,6
Flipkart_FAST3,1,8.75,983.6926980744247,8
Flipkart_FAST3,2,11.166666666666666,1262.8787384219459,6
Flipkart_FAST3,3,22.666666666666668,2563.395771277094,3
Flipkart_FAST3,4,6.714285714285714,745.3762899404338,7
Flipkart_FAST3,5,4.2,464.83616504427374,5
Flipkart_FAST3,6,8.2,926.7386703233869,5
Flipkart_FAST3,7,5.666666666666667,640.7486845876565,3
Flipkart_FAST3,8,5.75,637.9599640510405,4
Flipkart_FAST3,9,9.0,994.1789590848745,4
Flipkart_FAST3,10,3.6666666666666665,406.91716981547125,6
Flipkart_FAST3,11,5.6,633.045333563962,5
Flipkart_FAST3,12,7.142857142857143,801.1326786301053,7
Flipkart_FAST3,13,5.25,581.44623923181,4
Flipkart_FAST3,14,4.5,508.90004850851756,6
Flipkart_FAST3,15,6.8,759.7326005831025,5
Flipkart_FAST3,16,10.2,1153.931996804537,5
Flipkart_FAST3,17,11.0,1244.286837871238,5
Flipkart_FAST3,18,13.333333333333334,1507.9846734150008,6
Flipkart_FAST3,19,8.222222222222221,919.4744114099948,9
Flipkart_FAST3,20,11.666666666666666,1311.9162633245621,6
Flipkart_FAST3,21,13.833333333333334,1557.0440059736636,6
Flipkart_FAST3,22,5.4,600.4715516793192,5
Flipkart_FAST3,23,3.857142857142857,429.28241239494724,7
Flipkart_FAST3,24,5.0,565.3957008889175,6
Flipkart_FAST3,25,4.833333333333333,538.2890800678824,6
Flipkart_FAST3,26,7.166666666666667,794.7682997589741,6
Flipkart_FAST3,27,9.285714285714286,1037.1284238676476,7
Flipkart_FAST3,28,13.0,1442.1723198102725,5
Flipkart_FAST3,29,12.5,1413.7661502034327,6
Flipkart_FAST3,30,7.0,782.0635062509506,5
Flipkart_FAST3,31,1.0,112.85762711864407,1
Flipkart_FASV3,1,248.27272727272728,21065.12667478071,11
Flipkart_FASV3,2,208.72727272727272,17986.852211681966,11
Flipkart_FASV3,3,170.36363636363637,15022.039187593846,11
Flipkart_FASV3,4,163.27272727272728,14934.940619667848,11
Flipkart_FASV3,5,213.8181818181818,17881.816569123268,11
Flipkart_FASV3,6,207.0,17635.304932895568,11
Flipkart_FASV3,7,189.36363636363637,16031.214488619276,11
Flipkart_FASV3,8,182.72727272727272,15448.72278579674,11
Flipkart_FASV3,9,181.0909090909091,15340.871377174275,11
Flipkart_FASV3,10,162.54545454545453,13503.368952511159,11
Flipkart_FASV3,11,137.8181818181818,11894.045443445471,11
Flipkart_FASV3,12,137.63636363636363,11711.506868813565,11
Flipkart_FASV3,13,144.36363636363637,12517.722214020412,11
Flipkart_FASV3,14,144.45454545454547,12171.019431104178,11
Flipkart_FASV3,15,160.63636363636363,13457.604131776601,11
Flipkart_FASV3,16,145.72727272727272,12136.884145507654,11
Flipkart_FASV3,17,136.0,11378.29220199803,11
Flipkart_FASV3,18,141.27272727272728,12032.966285033204,11
Flipkart_FASV3,19,149.1818181818182,12666.36566766696,11
Flipkart_FASV3,20,150.0,12758.518343400785,11
Flipkart_FASV3,21,143.0,12041.326606219618,11
Flipkart_FASV3,22,153.9090909090909,12770.863449234592,11
Flipkart_FASV3,23,144.8181818181818,12339.484876958,11
Flipkart_FASV3,24,138.63636363636363,11549.170527337306,11
Flipkart_FASV3,25,162.0909090909091,12861.311919318918,11
Flipkart_FASV3,26,172.9,14117.463849140739,10
Flipkart_FASV3,27,188.1,15033.365822874417,10
Flipkart_FASV3,28,173.3,13868.014752158615,10
Flipkart_FASV3,29,135.1,11851.942536161547,10
Flipkart_FASV3,30,162.2,13863.096031970059,10
Flipkart_FASV3,31,221.16666666666666,18437.752501602918,6
Flipkart_FATB6,1,63.90909090909091,17477.856684522973,11
Flipkart_FATB6,2,53.27272727272727,14069.894616113987,11
Flipkart_FATB6,3,46.90909090909091,12482.231356949691,11
Flipkart_FATB6,4,37.27272727272727,9753.393747054728,11
Flipkart_FATB6,5,41.36363636363637,10904.130409479192,11
Flipkart_FATB6,6,44.63636363636363,11637.848203393585,11
Flipkart_FATB6,7,46.90909090909091,12343.934509477549,11
Flipkart_FATB6,8,32.0,8615.972041168216,11
Flipkart_FATB6,9,43.0,11724.013221751535,11
Flipkart_FATB6,10,40.0,10973.029506900948,11
Flipkart_FATB6,11,48.09090909090909,13030.72614330614,11
Flipkart_FATB6,12,40.54545454545455,11004.656748961872,11
Flipkart_FATB6,13,43.09090909090909,11621.273187584984,11
Flipkart_FATB6,14,44.36363636363637,11724.01162781762,11
Flipkart_FATB6,15,34.27272727272727,9151.724042510788,11
Flipkart_FATB6,16,31.454545454545453,8397.82132819967,11
Flipkart_FATB6,17,31.727272727272727,8426.83704113065,11
Flipkart_FATB6,18,28.636363636363637,7697.199063858605,11
Flipkart_FATB6,19,31.636363636363637,8663.506354184648,11
Flipkart_FATB6,20,27.272727272727273,7477.549337493657,11
Flipkart_FATB6,21,29.454545454545453,8158.608267466252,11
Flipkart_FATB6,22,33.0,8973.550597069916,11
Flipkart_FATB6,23,29.09090909090909,7916.951314438589,11
Flipkart_FATB6,24,23.90909090909091,6461.586251611711,11
Flipkart_FATB6,25,21.363636363636363,5684.678122827033,11
Flipkart_FATB6,26,18.8,5099.144049470072,10
Flipkart_FATB6,27,22.4,6068.777734465833,10
Flipkart_FATB6,28,17.8,4868.433862754927,10
Flipkart_FATB6,29,23.2,6422.316287531513,10
Flipkart_FATB6,30,20.4,5592.584681038325,10
Flipkart_FATB6,31,17.666666666666668,4872.9148338825535,6
Flipkart_FATD6,1,12.666666666666666,3556.757595212197,9
Flipkart_FATD6,2,6.666666666666667,1843.7987275622736,9
Flipkart_FATD6,3,5.444444444444445,1499.5014871492922,9
Flipkart_FATD6,4,5.555555555555555,1509.3905201008542,9
Flipkart_FATD6,5,7.428571428571429,2028.6447324342357,7
Flipkart_FATD6,6,2.375,658.8956675315081,8
Flipkart_FATD6,7,3.3333333333333335,887.5945628867988,6
Flipkart_FATD6,8,2.2857142857142856,621.2980835451245,7
Flipkart_FATD6,9,4.5,1198.129192302419,6
Flipkart_FATD6,10,2.8,774.5932594362624,5
Flipkart_FATD6,11,2.4,620.9330892068971,5
Flipkart_FATD6,12,2.5,662.8235253751543,6
Flipkart_FATD6,13,3.0,807.4990208230901,6
Flipkart_FATD6,14,2.4,635.0737977858544,5
Flipkart_FATD6,15,4.0,1076.0107245014212,5
Flipkart_FATD6,16,3.7142857142857144,1012.7504662132278,7
Flipkart_FATD6,17,5.25,1459.643425977668,8
Flipkart_FATD6,18,2.7142857142857144,751.5952896039141,7
Flipkart_FATD6,19,3.5,958.371987590205,8
Flipkart_FATD6,20,4.555555555555555,1260.5829240257306,9
Flipkart_FATD6,21,3.111111111111111,861.7189383277286,9
Flipkart_FATD6,22,2.875,806.3800128158764,8
Flipkart_FATD6,23,5.555555555555555,1554.4315118773711,9
Flipkart_FATD6,24,5.125,1437.7798473297596,8
Flipkart_FATD6,25,4.833333333333333,1357.0146688240845,6
Flipkart_FATD6,26,2.0,552.3346108154668,8
Flipkart_FATD6,27,2.5,674.5914228316642,4
Flipkart_FATD6,28,3.7142857142857144,1012.624321932077,7
Flipkart_FATD6,29,2.6,710.6161254857669,5
Flipkart_FATD6,30,1.8,479.4905887629534,5
Flipkart_FATD6,31,1.0,284.53389830508473,1
Flipkart_FATG6,1,45.3,12071.586985302172,10
Flipkart_FATG6,2,44.81818181818182,11404.942322863955,11
Flipkart_FATG6,3,28.818181818181817,7347.179199811604,11
Flipkart_FATG6,4,38.63636363636363,9674.310984248623,11
Flipkart_FATG6,5,36.8,9335.067057215903,10
Flipkart_FATG6,6,25.727272727272727,6495.142632014886,11
Flipkart_FATG6,7,22.454545454545453,5772.836022228946,11
Flipkart_FATG6,8,20.0,5193.409780661024,10
Flipkart_FATG6,9,24.90909090909091,6599.307683883145,11
Flipkart_FATG6,10,28.363636363636363,7488.17773483379,11
Flipkart_FATG6,11,37.0,9763.705361714003,11
Flipkart_FATG6,12,30.727272727272727,8182.773988852499,11
Flipkart_FATG6,13,35.0,9281.80179758297,11
Flipkart_FATG6,14,32.1,8401.048711628464,10
Flipkart_FATG6,15,30.2,7799.312867425389,10
Flipkart_FATG6,16,20.0,5163.768417698693,11
Flipkart_FATG6,17,23.1,5845.3031348455825,10
Flipkart_FATG6,18,21.09090909090909,5493.760805466999,11
Flipkart_FATG6,19,34.09090909090909,8733.857495072529,11
Flipkart_FATG6,20,22.727272727272727,5940.131161372253,11
Flipkart_FATG6,21,26.90909090909091,7292.4149127784995,11
Flipkart_FATG6,22,18.363636363636363,4957.730817991519,11
Flipkart_FATG6,23,19.272727272727273,5151.263779756748,11
Flipkart_FATG6,24,22.363636363636363,6034.073367587224,11
Flipkart_FATG6,25,20.363636363636363,5525.000607891648,11
Flipkart_FATG6,26,10.666666666666666,2751.4806448562194,9
Flipkart_FATG6,27,9.7,2460.9335849775034,10
Flipkart_FATG6,28,13.6,3431.333842125515,10
Flipkart_FATG6,29,17.5,4545.146286851837,10
Flipkart_FATG6,30,28.77777777777778,7699.1740680654975,9
Flipkart_FATG6,31,18.166666666666668,4878.8556780161525,6
Flipkart_FATP6,1,30.333333333333332,8182.449205222567,9
Flipkart_FATP6,2,40.5,11116.506514136632,10
Flipkart_FATP6,3,38.81818181818182,10623.867640229799,11
Flipkart_FATP6,4,45.333333333333336,12293.566687067083,9
Flipkart_FATP6,5,13.090909090909092,3167.162708158085,11
Flipkart_FATP6,6,7.2727272727272725,1832.0215847982502,11
Flipkart_FATP6,7,10.444444444444445,2654.0275509521693,9
Flipkart_FATP6,8,8.1,2020.6231508239186,10
Flipkart_FATP6,9,10.5,2605.8124114033553,10
Flipkart_FATP6,10,7.111111111111111,1717.7391021944163,9
Flipkart_FATP6,11,10.6,2597.8832824644305,10
Flipkart_FATP6,12,7.0,1704.0030139791572,9
Flipkart_FATP6,13,12.88888888888889,3217.057002881751,9
Flipkart_FATP6,14,11.777777777777779,2878.9051734377163,9
Flipkart_FATP6,15,13.333333333333334,3319.2207404127016,9
Flipkart_FATP6,16,16.833333333333332,4228.916396679788,6
Flipkart_FATP6,17,14.333333333333334,3688.35528575415,9
Flipkart_FATP6,18,6.444444444444445,1656.7912459959216,9
Flipkart_FATP6,19,10.272727272727273,2691.043995827465,11
Flipkart_FATP6,20,9.555555555555555,2537.9103463174815,9
Flipkart_FATP6,21,7.7,2078.5978224944397,10
Flipkart_FATP6,22,8.0,2038.799475470221,9
Flipkart_FATP6,23,5.666666666666667,1509.6783063401926,9
Flipkart_FATP6,24,10.333333333333334,2740.8760815920114,9
Flipkart_FATP6,25,9.0,2361.6275337981633,10
Flipkart_FATP6,26,9.0,2264.535724737133,8
Flipkart_FATP6,27,6.5,1652.603052443913,8
Flipkart_FATP6,28,7.428571428571429,1842.0418838450544,7
Flipkart_FATP6,29,7.625,2042.8076462091044,8
Flipkart_FATP6,30,22.5,6166.818331285132,8
Flipkart_FATP6,31,4.5,1198.7785836539772,6
Flipkart_FATT6,1,27.444444444444443,7566.906507170261,9
Flipkart_FATT6,2,29.09090909090909,7723.9182618244695,11
Flipkart_FATT6,3,26.0,7016.801377756158,11
Flipkart_FATT6,4,28.2,7567.063889839704,10
Flipkart_FATT6,5,37.90909090909091,10341.55265978094,11
Flipkart_FATT6,6,48.4,13532.059942409698,10
Flipkart_FATT6,7,7.909090909090909,2002.8289509666092,11
Flipkart_FATT6,8,8.0,2074.790169052588,10
Flipkart_FATT6,9,12.5,3327.966627933326,10
Flipkart_FATT6,10,14.333333333333334,3732.4055380224327,9
Flipkart_FATT6,11,10.5,2643.979833370327,10
Flipkart_FATT6,12,12.777777777777779,3266.206786910684,9
Flipkart_FATT6,13,17.875,4595.111234920174,8
Flipkart_FATT6,14,13.11111111111111,3276.090072520427,9
Flipkart_FATT6,15,16.8,4480.252452207289,10
Flipkart_FATT6,16,14.2,3860.6485880045375,10
Flipkart_FATT6,17,11.75,3138.8755464833107,8
Flipkart_FATT6,18,9.4,2543.767118455721,10
Flipkart_FATT6,19,11.8,3090.4349657230114,10
Flipkart_FATT6,20,17.1,4566.0541227743215,10
Flipkart_FATT6,21,15.0,4086.6531483467907,9
Flipkart_FATT6,22,12.88888888888889,3558.4964363043327,9
Flipkart_FATT6,23,9.3,2559.046405983928,10
Flipkart_FATT6,24,8.0,2167.2204908775334,8
Flipkart_FATT6,25,7.555555555555555,2089.3243998903254,9
Flipkart_FATT6,26,4.0,1022.368193627457,8
Flipkart_FATT6,27,4.5,1150.959306637167,8
Flipkart_FATT6,28,4.444444444444445,1131.360818358366,9
Flipkart_FATT6,29,4.2,1113.288269157173,10
Flipkart_FATT6,30,15.75,4358.9588407099745,8
Flipkart_FATT6,31,7.6,2108.089932076721,5
Flipkart_GGPGMM,1,278.90909090909093,103518.62095531588,11
Flipkart_GGPGMM,2,283.1818181818182,105338.2434514638,11
Flipkart_GGPGMM,3,300.72727272727275,111771.61016949151,11
Flipkart_GGPGMM,4,210.27272727272728,78081.0092449923,11
Flipkart_GGPGMM,5,270.1818181818182,100293.06625577812,11
Flipkart_GGPGMM,6,293.54545454545456,108970.96302003083,11
Flipkart_GGPGMM,7,275.54545454545456,102205.8782742681,11
Flipkart_GGPGMM,8,202.36363636363637,75080.77041602466,11
Flipkart_GGPGMM,9,245.63636363636363,91140.64714946072,11
Flipkart_GGPGMM,10,263.54545454545456,97802.40369799692,11
Flipkart_GGPGMM,11,225.0909090909091,83594.99229583977,11
Flipkart_GGPGMM,12,209.45454545454547,77841.51001540833,11
Flipkart_GGPGMM,13,219.27272727272728,82144.19106317412,11
Flipkart_GGPGMM,14,211.63636363636363,79418.82896764252,11
Flipkart_GGPGMM,15,343.27272727272725,128747.74268104778,11
Flipkart_GGPGMM,16,401.09090909090907,149930.72419106317,11
Flipkart_GGPGMM,17,215.8181818181818,81314.32973805856,11
Flipkart_GGPGMM,18,180.9,68172.82203389831,10
Flipkart_GGPGMM,19,319.90909090909093,119592.08782742683,11
Flipkart_GGPGMM,20,430.0,159643.06779661018,10
Flipkart_GGPGMM,21,361.7,134201.4491525424,10
Flipkart_GGPGMM,22,336.0,124745.39291217257,11
Flipkart_GGPGMM,23,460.09090909090907,170733.343605547,11
Flipkart_GGPGMM,24,241.0,89546.96610169491,10
Flipkart_GGPGMM,25,208.45454545454547,77570.51617873652,11
Flipkart_GGPGMM,26,143.6,53715.62711864407,10
Flipkart_GGPGMM,27,190.0,72710.06779661018,10
Flipkart_GGPGMM,28,899.9,366103.3813559323,10
Flipkart_GGPGMM,29,248.0,93384.62711864406,10
Flipkart_GGPGMM,30,267.8,100378.93220338982,10
Flipkart_GGPGMM,31,200.0,74572.24576271187,6
Flipkart_GGPLUM,1,421.09090909090907,195938.68258859785,11
Flipkart_GGPLUM,2,338.0,157359.13713405238,11
Flipkart_GGPLUM,3,442.7,206874.73728813563,10
Flipkart_GGPLUM,4,610.4545454545455,284072.83513097075,11
Flipkart_GGPLUM,5,257.45454545454544,120237.29583975347,11
Flipkart_GGPLUM,6,202.63636363636363,94186.72573189523,11
Flipkart_GGPLUM,7,189.1818181818182,88034.59938366718,11
Flipkart_GGPLUM,8,215.0,100237.41140215717,11
Flipkart_GGPLUM,9,170.8181818181818,79488.7750385208,11
Flipkart_GGPLUM,10,195.2,91069.8813559322,10
Flipkart_GGPLUM,11,146.1818181818182,68340.27734976888,11
Flipkart_GGPLUM,12,150.1818181818182,70104.13713405239,11
Flipkart_GGPLUM,13,212.54545454545453,102945.78582434515,11
Flipkart_GGPLUM,14,204.7,100280.63559322033,10
Flipkart_GGPLUM,15,217.0909090909091,104381.64869029276,11
Flipkart_GGPLUM,16,267.6363636363636,129598.25885978428,11
Flipkart_GGPLUM,17,239.1818181818182,113215.562403698,11
Flipkart_GGPLUM,18,128.9090909090909,61251.61787365178,11
Flipkart_GGPLUM,19,132.36363636363637,62978.967642526964,11
Flipkart_GGPLUM,20,245.8,114602.87288135596,10
Flipkart_GGPLUM,21,239.1,111911.25423728814,10
Flipkart_GGPLUM,22,166.72727272727272,78574.1910631741,11
Flipkart_GGPLUM,23,155.0,72605.96302003082,11
Flipkart_GGPLUM,24,148.2,69233.20338983051,10
Flipkart_GGPLUM,25,141.8181818181818,66394.13713405239,11
Flipkart_GGPLUM,26,143.22222222222223,67531.47834274954,9
Flipkart_GGPLUM,27,89.7,42786.372881355936,10
Flipkart_GGPLUM,28,669.9,352319.55084745766,10
Flipkart_GGPLUM,29,359.6,167982.9152542373,10
Flipkart_GGPLUM,30,486.8,227613.00847457623,10
Flipkart_GGPLUM,31,127.83333333333333,62820.84745762712,6
Flipkart_GGPSG3,1,9.625,5133.061440677966,8
Flipkart_GGPSG3,2,11.714285714285714,6247.28813559322,7
Flipkart_GGPSG3,3,6.4,3413.152542372881,10
Flipkart_GGPSG3,4,7.555555555555555,4029.416195856874,9
Flipkart_GGPSG3,5,6.888888888888889,3673.8794726930323,9
Flipkart_GGPSG3,6,7.875,4199.777542372881,8
Flipkart_GGPSG3,7,8.88888888888889,4740.489642184558,9
Flipkart_GGPSG3,8,15.428571428571429,8228.135593220339,7
Flipkart_GGPSG3,9,16.125,8599.544491525423,8
Flipkart_GGPSG3,10,19.857142857142858,10589.915254237289,7
Flipkart_GGPSG3,11,14.0,7466.271186440677,8
Flipkart_GGPSG3,12,14.555555555555555,7762.551789077213,9
Flipkart_GGPSG3,13,19.5,10399.449152542371,6
Flipkart_GGPSG3,14,9.555555555555555,5096.026365348399,9
Flipkart_GGPSG3,15,12.9,6879.635593220339,10
Flipkart_GGPSG3,16,7.25,3866.4618644067796,8
Flipkart_GGPSG3,17,7.625,4066.4512711864404,8
Flipkart_GGPSG3,18,9.5,5066.3983050847455,8
Flipkart_GGPSG3,19,11.142857142857142,5942.542372881356,7
Flipkart_GGPSG3,20,13.0,6932.966101694915,7
Flipkart_GGPSG3,21,11.0,5866.35593220339,8
Flipkart_GGPSG3,22,14.142857142857142,7542.457627118643,7
Flipkart_GGPSG3,23,11.11111111111111,5925.612052730697,9
Flipkart_GGPSG3,24,16.142857142857142,8609.067796610168,7
Flipkart_GGPSG3,25,14.125,7532.934322033898,8
Flipkart_GGPSG3,26,13.142857142857142,7009.152542372881,7
Flipkart_GGPSG3,27,15.5,8266.22881355932,6
Flipkart_GGPSG3,28,42.75,22798.79237288136,8
Flipkart_GGPSG3,29,7.75,4133.114406779661,8
Flipkart_GGPSG3,30,7.5,3999.7881355932204,8
Flipkart_GGPSG3,31,8.333333333333334,4444.209039548023,3
Flipkart_GGPTKM,1,40.25,38120.1906779661,4
Flipkart_GGPTKM,2,125.25,117917.22457627118,4
Flipkart_GGPTKM,3,15.0,12923.305084745763,4
Flipkart_GGPTKM,4,3.0,2845.677966101695,4
Flipkart_GGPTKM,5,5.5,4930.550847457627,4
Flipkart_GGPTKM,6,6.5,6106.313559322034,4
Flipkart_GGPTKM,7,8.25,7825.614406779661,4
Flipkart_GGPTKM,8,3.6666666666666665,3478.0508474576272,3
Flipkart_GGPTKM,9,14.0,12719.088983050848,4
Flipkart_GGPTKM,10,19.25,17973.24152542373,4
Flipkart_GGPTKM,11,59.0,55762.41525423729,4
Flipkart_GGPTKM,12,51.75,48909.97881355932,4
Flipkart_GGPTKM,13,49.75,45505.1906779661,4
Flipkart_GGPTKM,14,22.25,21105.44491525424,4
Flipkart_GGPTKM,15,65.5,62130.63559322034,4
Flipkart_GGPTKM,16,99.5,94144.36440677966,4
Flipkart_GGPTKM,17,108.6,103013.54237288135,5
Flipkart_GGPTKM,18,25.6,24283.118644067796,5
Flipkart_GGPTKM,19,32.5,30828.177966101695,4
Flipkart_GGPTKM,20,23.5,22291.144067796613,4
Flipkart_GGPTKM,21,31.5,29879.6186440678,4
Flipkart_GGPTKM,22,37.0,35096.69491525424,4
Flipkart_GGPTKM,23,47.25,44700.78389830508,4
Flipkart_GGPTKM,24,29.2,27697.932203389828,5
Flipkart_GGPTKM,25,53.5,50747.923728813555,4
Flipkart_GGPTKM,26,64.5,61182.07627118644,4
Flipkart_GGPTKM,27,23.5,22291.14406779661,4
Flipkart_GGPTKM,28,203.6,193126.67796610168,5
Flipkart_GGPTKM,29,23.6,22386.0,5
Flipkart_GGPTKM,30,37.4,32438.830508474573,5
Flipkart_GGPTKM,31,27.5,26085.3813559322,2
Flipkart_HMFCCL4,22,8.0,1282.7118644067796,1
Flipkart_HMFCCL4,23,8.0,1282.7118644067796,1
Flipkart_HMFCCL4,24,1.0,160.33898305084745,1
Flipkart_HMFCCL4,25,2.0,320.6779661016949,1
Flipkart_HMFCCL4,26,8.0,1282.7118644067796,1
Flipkart_HMFCCL4,27,3.0,481.0169491525424,1
Flipkart_HMFCCL4,28,4.0,641.3559322033898,1
Flipkart_J4PRGSR,1,6.5,1151.7966101694915,10
Flipkart_J4PRGSR,2,5.4,956.6864406779662,10
Flipkart_J4PRGSR,3,8.11111111111111,1437.4387947269304,9
Flipkart_J4PRGSR,4,6.4,1135.1864406779662,10
Flipkart_J4PRGSR,5,6.9,1223.8728813559323,10
Flipkart_J4PRGSR,6,10.666666666666666,1890.7250470809793,9
Flipkart_J4PRGSR,7,6.888888888888889,1221.9020715630886,9
Flipkart_J4PRGSR,8,8.11111111111111,1437.4387947269304,9
Flipkart_J4PRGSR,9,8.88888888888889,1574.1431261770247,9
Flipkart_J4PRGSR,10,9.25,1637.8813559322034,8
Flipkart_J4PRGSR,11,7.7,1363.5169491525423,10
Flipkart_J4PRGSR,12,6.7,1187.2711864406779,10
Flipkart_J4PRGSR,13,7.3,1292.5677966101696,10
Flipkart_J4PRGSR,14,6.3,1114.0677966101696,10
Flipkart_J4PRGSR,15,8.9,1577.4915254237287,10
Flipkart_J4PRGSR,16,5.818181818181818,1030.9630200308166,11
Flipkart_J4PRGSR,17,5.111111111111111,906.572504708098,9
Flipkart_J4PRGSR,18,5.0,885.8397534668721,11
Flipkart_J4PRGSR,19,4.1,727.228813559322,10
Flipkart_J4PRGSR,20,5.4,956.6864406779662,10
Flipkart_J4PRGSR,21,6.363636363636363,1126.6872110939908,11
Flipkart_J4PRGSR,22,5.2,921.2118644067798,10
Flipkart_J4PRGSR,23,5.111111111111111,905.3201506591337,9
Flipkart_J4PRGSR,24,4.0,708.3644067796611,10
Flipkart_J4PRGSR,25,5.666666666666667,1002.608286252354,9
Flipkart_J4PRGSR,26,5.4,954.4322033898304,10
Flipkart_J4PRGSR,27,5.25,931.2076271186442,8
Flipkart_J4PRGSR,28,3.888888888888889,688.5310734463277,9
Flipkart_J4PRGSR,29,5.5,975.5508474576272,10
Flipkart_J4PRGSR,30,7.444444444444445,1320.442561205273,9
Flipkart_J4PRGSR,31,8.0,1417.1045197740114,6
Flipkart_J4PVCSR,1,64.2,13291.57627118644,10
Flipkart_J4PVCSR,2,55.333333333333336,11455.87570621469,9
Flipkart_J4PVCSR,3,42.6,8819.644067796611,10
Flipkart_J4PVCSR,4,36.90909090909091,7641.432973805856,11
Flipkart_J4PVCSR,5,42.4,8778.237288135593,10
Flipkart_J4PVCSR,6,36.666666666666664,7591.242937853107,9
Flipkart_J4PVCSR,7,39.0,8074.322033898306,10
Flipkart_J4PVCSR,8,42.0,8695.42372881356,10
Flipkart_J4PVCSR,9,28.545454545454547,5909.876733436056,11
Flipkart_J4PVCSR,10,25.727272727272727,5326.4175654853625,11
Flipkart_J4PVCSR,11,34.3,7101.262711864407,10
Flipkart_J4PVCSR,12,32.6,6749.305084745763,10
Flipkart_J4PVCSR,13,34.0,7039.152542372882,10
Flipkart_J4PVCSR,14,37.0,7660.254237288136,10
Flipkart_J4PVCSR,15,36.6,7577.440677966102,10
Flipkart_J4PVCSR,16,33.2,6873.5254237288145,10
Flipkart_J4PVCSR,17,25.727272727272727,5326.417565485362,11
Flipkart_J4PVCSR,18,32.6,6749.305084745763,10
Flipkart_J4PVCSR,19,32.1,6645.78813559322,10
Flipkart_J4PVCSR,20,27.77777777777778,5750.9416195856875,9
Flipkart_J4PVCSR,21,25.1,5196.550847457627,10
Flipkart_J4PVCSR,22,21.3,4409.822033898306,10
Flipkart_J4PVCSR,23,20.636363636363637,4272.426810477657,11
Flipkart_J4PVCSR,24,21.8,4513.338983050848,10
Flipkart_J4PVCSR,25,23.1,4782.483050847458,10
Flipkart_J4PVCSR,26,26.0,5382.881355932203,9
Flipkart_J4PVCSR,27,25.375,5253.485169491526,8
Flipkart_J4PVCSR,28,21.1,4368.4152542372885,10
Flipkart_J4PVCSR,29,22.6,4678.966101694916,10
Flipkart_J4PVCSR,30,28.1,5817.652542372882,10
Flipkart_J4PVCSR,31,23.166666666666668,4796.285310734464,6
Flipkart_J4PVSSR,1,36.55555555555556,7568.239171374764,9
Flipkart_J4PVSSR,2,34.0,7039.152542372882,9
Flipkart_J4PVSSR,3,30.333333333333332,6280.0282485875705,9
Flipkart_J4PVSSR,4,26.0,5382.881355932203,10
Flipkart_J4PVSSR,5,30.4,6293.830508474576,10
Flipkart_J4PVSSR,6,22.727272727272727,4699.922958397535,11
Flipkart_J4PVSSR,7,25.88888888888889,5359.87758945386,9
Flipkart_J4PVSSR,8,27.6,5714.13559322034,10
Flipkart_J4PVSSR,9,14.090909090909092,2917.295839753467,11
Flipkart_J4PVSSR,10,17.7,3664.5,10
Flipkart_J4PVSSR,11,18.7,3871.533898305085,10
Flipkart_J4PVSSR,12,23.77777777777778,4924.783427495292,9
Flipkart_J4PVSSR,13,15.0,3109.2835130970725,11
Flipkart_J4PVSSR,14,17.1,3536.127118644068,10
Flipkart_J4PVSSR,15,18.181818181818183,3764.2526964560866,11
Flipkart_J4PVSSR,16,19.0,3803.135593220339,10
Flipkart_J4PVSSR,17,15.1,3037.822033898305,10
Flipkart_J4PVSSR,18,17.22222222222222,3526.0357815442567,9
Flipkart_J4PVSSR,19,18.6,3821.7627118644064,10
Flipkart_J4PVSSR,20,16.444444444444443,3404.557438794727,9
Flipkart_J4PVSSR,21,16.22222222222222,3358.5499058380415,9
Flipkart_J4PVSSR,22,15.333333333333334,3174.519774011299,9
Flipkart_J4PVSSR,23,11.909090909090908,2466.664098613251,11
Flipkart_J4PVSSR,24,11.88888888888889,2461.4030131826744,9
Flipkart_J4PVSSR,25,13.4,2762.389830508475,10
Flipkart_J4PVSSR,26,14.625,3027.8707627118647,8
Flipkart_J4PVSSR,27,17.444444444444443,3611.5913370998114,9
Flipkart_J4PVSSR,28,15.125,3131.387711864407,8
Flipkart_J4PVSSR,29,15.333333333333334,3167.928436911488,9
Flipkart_J4PVSSR,30,17.333333333333332,3588.587570621469,9
Flipkart_J4PVSSR,31,11.166666666666666,2311.8785310734465,6
Flipkart_J4PVWSR,1,275.1818181818182,55596.5562403698,11
Flipkart_J4PVWSR,2,265.27272727272725,53710.81664098613,11
Flipkart_J4PVWSR,3,245.63636363636363,50090.338983050846,11
Flipkart_J4PVWSR,4,232.54545454545453,47181.51001540833,11
Flipkart_J4PVWSR,5,233.63636363636363,47657.70416024653,11
Flipkart_J4PVWSR,6,213.27272727272728,43452.95839753467,11
Flipkart_J4PVWSR,7,214.0909090909091,43690.62403697997,11
Flipkart_J4PVWSR,8,207.54545454545453,42232.38058551618,11
Flipkart_J4PVWSR,9,189.54545454545453,38563.31278890601,11
Flipkart_J4PVWSR,10,182.63636363636363,37018.29738058552,11
Flipkart_J4PVWSR,11,179.63636363636363,36536.063174114024,11
Flipkart_J4PVWSR,12,191.8181818181818,38994.90755007704,11
Flipkart_J4PVWSR,13,180.8181818181818,37054.91525423729,11
Flipkart_J4PVWSR,14,175.72727272727272,36018.82896764253,11
Flipkart_J4PVWSR,15,197.0909090909091,40446.679506933746,11
Flipkart_J4PVWSR,16,215.0,43924.94607087827,11
Flipkart_J4PVWSR,17,175.72727272727272,35861.787365177195,11
Flipkart_J4PVWSR,18,191.63636363636363,39243.46687211094,11
Flipkart_J4PVWSR,19,199.8181818181818,40439.34514637904,11
Flipkart_J4PVWSR,20,247.0,49294.99229583976,11
Flipkart_J4PVWSR,21,235.72727272727272,46912.94298921418,11
Flipkart_J4PVWSR,22,194.1818181818182,38451.24807395994,11
Flipkart_J4PVWSR,23,240.45454545454547,47549.57627118644,11
Flipkart_J4PVWSR,24,205.9090909090909,41420.1001540832,11
Flipkart_J4PVWSR,25,166.63636363636363,33586.62557781202,11
Flipkart_J4PVWSR,26,173.9,34784.661016949154,10
Flipkart_J4PVWSR,27,143.1,28943.279661016946,10
Flipkart_J4PVWSR,28,355.7,72655.84745762711,10
Flipkart_J4PVWSR,29,167.2,33922.17796610169,10
Flipkart_J4PVWSR,30,175.3,35492.78813559322,10
Flipkart_J4PVWSR,31,114.16666666666667,23260.268361581922,6
Flipkart_JBKRUSL,1,7.333333333333333,4536.1581920903955,3
Flipkart_JBKRUSL,2,28.5,18327.54237288136,2
Flipkart_JBKRUSL,3,57.5,37642.79661016949,2
Flipkart_JBKRUSL,4,13.75,8392.584745762713,4
Flipkart_JBKRUSL,5,28.5,18547.033898305082,2
Flipkart_JBKRUSL,6,21.666666666666668,14266.949152542373,3
Flipkart_JBKRUSL,7,2.5,1426.6949152542375,4
Flipkart_JBKRUSL,8,3.6666666666666665,1526.553672316384,3
Flipkart_JBKRUSL,9,18.0,10974.57627118644,1
Flipkart_JBKRUSL,10,2.0,1316.949152542373,3
Flipkart_JBKRUSL,11,2.0,1097.4576271186443,4
Flipkart_JBKRUSL,12,2.25,1371.822033898305,4
Flipkart_JBKRUSL,13,2.25,1371.822033898305,4
Flipkart_JBKRUSL,14,2.5,1646.1864406779662,2
Flipkart_JBKRUSL,15,6.0,3731.35593220339,2
Flipkart_JBKRUSL,16,4.5,2963.135593220339,2
Flipkart_JBKRUSL,17,6.0,3365.5367231638425,3
Flipkart_JBKRUSL,18,3.0,1755.9322033898306,2
Flipkart_JBKRUSL,19,2.6666666666666665,1609.6045197740114,3
Flipkart_JBKRUSL,20,1.6666666666666667,951.129943502825,3
Flipkart_JBKRUSL,21,7.0,4170.338983050848,2
Flipkart_JBKRUSL,22,6.0,3511.8644067796613,3
Flipkart_JBKRUSL,23,5.0,3292.3728813559323,4
Flipkart_JBKRUSL,24,2.0,1229.1525423728815,5
Flipkart_JBKRUSL,25,4.0,2341.2429378531074,3
Flipkart_JBKRUSL,26,3.5,1865.677966101695,2
Flipkart_JBKRUSL,27,3.5,1865.677966101695,2
Flipkart_JBKRUSL,28,5.666666666666667,3292.3728813559323,3
Flipkart_JBKRUSL,29,19.5,12840.254237288136,2
Flipkart_JBKRUSL,30,16.5,10864.830508474577,2
Flipkart_JBKRUSL,31,2.0,877.9661016949153,2
Flipkart_JBKRUSR,1,1.4,186.27118644067798,5
Flipkart_JBKRUSR,2,2.0,264.9717514124294,3
Flipkart_JBKRUSR,3,1.5,198.72881355932205,2
Flipkart_JBKRUSR,4,1.4,188.64406779661016,5
Flipkart_JBKRUSR,5,1.0,136.4406779661017,1
Flipkart_JBKRUSR,6,2.0,264.9717514124294,3
Flipkart_JBKRUSR,7,1.75,235.8050847457627,4
Flipkart_JBKRUSR,8,2.0,270.50847457627117,5
Flipkart_JBKRUSR,9,1.3333333333333333,177.96610169491524,3
Flipkart_JBKRUSR,10,2.6,354.7457627118644,5
Flipkart_JBKRUSR,11,1.25,170.55084745762713,4
Flipkart_JBKRUSR,12,1.6666666666666667,227.40112994350284,3
Flipkart_JBKRUSR,13,2.6666666666666665,355.9322033898305,3
Flipkart_JBKRUSR,14,1.1428571428571428,152.54237288135593,7
Flipkart_JBKRUSR,15,3.0,409.3220338983051,1
Flipkart_JBKRUSR,16,1.3333333333333333,177.96610169491524,3
Flipkart_JBKRUSR,17,1.0,136.4406779661017,1
Flipkart_JBKRUSR,19,3.5,477.54237288135596,2
Flipkart_JBKRUSR,20,1.0,136.4406779661017,2
Flipkart_JBKRUSR,21,1.0,131.6949152542373,5
Flipkart_JBKRUSR,22,1.8,238.47457627118646,5
Flipkart_JBKRUSR,23,1.0,136.4406779661017,1
Flipkart_JBKRUSR,24,1.3333333333333333,181.92090395480227,3
Flipkart_JBKRUSR,26,1.0,124.57627118644068,2
Flipkart_JBKRUSR,27,1.5,198.72881355932205,2
Flipkart_JBKRUSR,28,1.6666666666666667,227.40112994350284,3
Flipkart_JBKRUSR,29,1.0,136.4406779661017,4
Flipkart_JBKRUSR,30,1.25,170.55084745762713,4
Flipkart_JBKSPSL,1,170.9090909090909,46009.09090909091,11
Flipkart_JBKSPSL,2,164.45454545454547,47228.967642526964,11
Flipkart_JBKSPSL,3,241.63636363636363,99286.74884437596,11
Flipkart_JBKSPSL,4,209.36363636363637,82026.73343605547,11
Flipkart_JBKSPSL,5,213.1818181818182,92325.03852080123,11
Flipkart_JBKSPSL,6,235.8181818181818,108667.18027734979,11
Flipkart_JBKSPSL,7,119.18181818181819,30307.62711864407,11
Flipkart_JBKSPSL,8,109.0,27194.298921417565,11
Flipkart_JBKSPSL,9,114.0,32603.92912172573,11
Flipkart_JBKSPSL,10,107.81818181818181,31566.33281972265,11
Flipkart_JBKSPSL,11,110.72727272727273,31365.177195685672,11
Flipkart_JBKSPSL,12,109.45454545454545,31326.887519260403,11
Flipkart_JBKSPSL,13,117.36363636363636,34498.99845916795,11
Flipkart_JBKSPSL,14,102.18181818181819,25499.30662557781,11
Flipkart_JBKSPSL,15,129.9090909090909,35335.978428351315,11
Flipkart_JBKSPSL,16,118.63636363636364,33741.833590138674,11
Flipkart_JBKSPSL,17,95.27272727272727,26097.919876733442,11
Flipkart_JBKSPSL,18,87.81818181818181,21029.121725731893,11
Flipkart_JBKSPSL,19,100.0,25100.770416024654,11
Flipkart_JBKSPSL,20,90.81818181818181,22643.75963020031,11
Flipkart_JBKSPSL,21,93.0,23205.16178736518,11
Flipkart_JBKSPSL,22,87.72727272727273,22485.208012326657,11
Flipkart_JBKSPSL,23,87.72727272727273,21843.45146379045,11
Flipkart_JBKSPSL,24,81.27272727272727,20709.32203389831,11
Flipkart_JBKSPSL,25,86.54545454545455,22622.727272727272,11
Flipkart_JBKSPSL,26,77.8,20059.15254237288,10
Flipkart_JBKSPSL,27,76.7,19334.830508474573,10
Flipkart_JBKSPSL,28,113.0,43589.83050847458,10
Flipkart_JBKSPSL,29,133.0,48900.33898305085,10
Flipkart_JBKSPSL,30,133.2,45562.28813559322,10
Flipkart_JBKSPSL,31,91.83333333333333,22053.95480225989,6
Flipkart_JBKSPSR,1,5.0,732.8907721280602,9
Flipkart_JBKSPSR,2,5.875,861.6525423728814,8
Flipkart_JBKSPSR,3,3.25,514.6186440677966,8
Flipkart_JBKSPSR,4,5.875,1041.843220338983,8
Flipkart_JBKSPSR,5,6.125,1091.5254237288136,8
Flipkart_JBKSPSR,6,5.555555555555555,906.9679849340866,9
Flipkart_JBKSPSR,7,3.875,599.1525423728814,8
Flipkart_JBKSPSR,8,7.75,1386.6525423728815,4
Flipkart_JBKSPSR,9,4.428571428571429,694.9152542372882,7
Flipkart_JBKSPSR,10,7.625,1268.0084745762713,8
Flipkart_JBKSPSR,11,9.5,1845.6567796610173,8
Flipkart_JBKSPSR,12,3.5555555555555554,597.834274952919,9
Flipkart_JBKSPSR,13,2.0,299.5762711864407,6
Flipkart_JBKSPSR,14,5.3,762.8813559322034,10
Flipkart_JBKSPSR,15,5.3,818.0508474576271,10
Flipkart_JBKSPSR,16,4.777777777777778,704.6139359698682,9
Flipkart_JBKSPSR,17,4.428571428571429,627.1186440677966,7
Flipkart_JBKSPSR,18,5.0,745.4802259887006,9
Flipkart_JBKSPSR,19,4.375,656.25,8
Flipkart_JBKSPSR,20,2.3333333333333335,336.1581920903955,9
Flipkart_JBKSPSR,21,9.75,1861.2288135593221,8
Flipkart_JBKSPSR,22,3.7777777777777777,549.7175141242938,9
Flipkart_JBKSPSR,23,3.125,507.9449152542373,8
Flipkart_JBKSPSR,24,3.875,587.2881355932204,8
Flipkart_JBKSPSR,25,3.8,590.8474576271186,10
Flipkart_JBKSPSR,26,5.625,908.3686440677966,8
Flipkart_JBKSPSR,27,6.111111111111111,886.5348399246705,9
Flipkart_JBKSPSR,28,5.8,791.3559322033899,5
Flipkart_JBKSPSR,29,4.142857142857143,611.0169491525423,7
Flipkart_JBKSPSR,30,5.142857142857143,735.5932203389831,7
Flipkart_JBKSPSR,31,1.5,281.77966101694915,2
Flipkart_JBKURSR,1,2.0,268.79472693032017,9
Flipkart_JBKURSR,2,2.5714285714285716,340.3389830508475,7
Flipkart_JBKURSR,3,2.857142857142857,386.4406779661017,7
Flipkart_JBKURSR,4,2.0,271.39830508474574,8
Flipkart_JBKURSR,5,2.5,341.10169491525426,4
Flipkart_JBKURSR,6,2.875,387.6694915254237,8
Flipkart_JBKURSR,7,1.625,221.71610169491527,8
Flipkart_JBKURSR,8,3.2,436.6101694915254,5
Flipkart_JBKURSR,9,2.8,372.3050847457627,5
Flipkart_JBKURSR,10,1.6666666666666667,227.40112994350284,6
Flipkart_JBKURSR,11,3.25,443.43220338983053,8
Flipkart_JBKURSR,12,3.2,434.8305084745763,5
Flipkart_JBKURSR,13,1.8571428571428572,253.3898305084746,7
Flipkart_JBKURSR,14,3.3333333333333335,452.82485875706215,6
Flipkart_JBKURSR,15,1.8888888888888888,257.72128060263657,9
Flipkart_JBKURSR,16,2.75,375.2118644067797,4
Flipkart_JBKURSR,17,2.5714285714285716,350.8474576271187,7
Flipkart_JBKURSR,18,3.6,491.1864406779661,5
Flipkart_JBKURSR,19,3.1666666666666665,432.0621468926554,6
Flipkart_JBKURSR,20,2.7777777777777777,379.0018832391714,9
Flipkart_JBKURSR,21,3.5714285714285716,487.2881355932204,7
Flipkart_JBKURSR,22,2.0,272.8813559322034,6
Flipkart_JBKURSR,23,2.3333333333333335,318.361581920904,6
Flipkart_JBKURSR,24,2.125,289.9364406779661,8
Flipkart_JBKURSR,25,1.875,255.8262711864407,8
Flipkart_JBKURSR,26,2.4,327.4576271186441,5
Flipkart_JBKURSR,27,2.0,272.8813559322034,8
Flipkart_JBKURSR,28,1.6,215.9322033898305,5
Flipkart_JBKURSR,29,2.5,341.10169491525426,6
Flipkart_JBKURSR,30,1.8,245.59322033898306,5
Flipkart_JBKURSR,31,2.75,375.2118644067797,4
Flipkart_JBPCBSL,1,95.81818181818181,31659.52234206472,11
Flipkart_JBPCBSL,2,138.9090909090909,62794.530046224965,11
Flipkart_JBPCBSL,3,100.72727272727273,37827.50385208012,11
Flipkart_JBPCBSL,4,60.09090909090909,13811.787365177197,11
Flipkart_JBPCBSL,5,52.72727272727273,11793.759630200308,11
Flipkart_JBPCBSL,6,52.45454545454545,11705.801232665639,11
Flipkart_JBPCBSL,7,47.72727272727273,10484.46841294299,11
Flipkart_JBPCBSL,8,53.45454545454545,11569.899845916794,11
Flipkart_JBPCBSL,9,46.18181818181818,10346.841294298922,11
Flipkart_JBPCBSL,10,37.18181818181818,8357.395993836673,11
Flipkart_JBPCBSL,11,41.36363636363637,9250.462249614793,11
Flipkart_JBPCBSL,12,37.63636363636363,8396.97996918336,11
Flipkart_JBPCBSL,13,48.18181818181818,11058.86748844376,11
Flipkart_JBPCBSL,14,37.45454545454545,8527.0030816641,11
Flipkart_JBPCBSL,15,54.0,12381.91063174114,11
Flipkart_JBPCBSL,16,47.45454545454545,10747.211093990756,11
Flipkart_JBPCBSL,17,34.90909090909091,8015.7550077041615,11
Flipkart_JBPCBSL,18,34.18181818181818,7683.281972265023,11
Flipkart_JBPCBSL,19,35.90909090909091,8027.889060092451,11
Flipkart_JBPCBSL,20,36.54545454545455,8371.363636363636,11
Flipkart_JBPCBSL,21,37.18181818181818,9036.309707241911,11
Flipkart_JBPCBSL,22,32.36363636363637,7864.322033898306,11
Flipkart_JBPCBSL,23,37.0,9082.904468412944,11
Flipkart_JBPCBSL,24,37.72727272727273,8855.593220338984,11
Flipkart_JBPCBSL,25,42.36363636363637,10216.063174114022,11
Flipkart_JBPCBSL,26,31.9,7027.5254237288145,10
Flipkart_JBPCBSL,27,39.8,9048.330508474577,10
Flipkart_JBPCBSL,28,28.6,6932.669491525424,10
Flipkart_JBPCBSL,29,84.6,38085.635593220344,10
Flipkart_JBPCBSL,30,91.3,41219.6186440678,10
Flipkart_JBPCBSL,31,34.833333333333336,7398.940677966101,6
Flipkart_JBPGMSL,1,102.81818181818181,29234.97688751926,11
Flipkart_JBPGMSL,2,153.0909090909091,51455.93220338984,11
Flipkart_JBPGMSL,3,165.9090909090909,58694.83821263483,11
Flipkart_JBPGMSL,4,68.36363636363636,18116.949152542373,11
Flipkart_JBPGMSL,5,69.0,18490.138674884438,11
Flipkart_JBPGMSL,6,58.90909090909091,15252.773497688753,11
Flipkart_JBPGMSL,7,54.90909090909091,14617.48844375963,11
Flipkart_JBPGMSL,8,55.72727272727273,13718.489984591679,11
Flipkart_JBPGMSL,9,52.18181818181818,12089.29121725732,11
Flipkart_JBPGMSL,10,50.0,12221.417565485363,11
Flipkart_JBPGMSL,11,51.09090909090909,12440.90909090909,11
Flipkart_JBPGMSL,12,65.36363636363636,23235.36209553159,11
Flipkart_JBPGMSL,13,73.54545454545455,27094.530046224965,11
Flipkart_JBPGMSL,14,54.45454545454545,15965.177195685672,11
Flipkart_JBPGMSL,15,73.54545454545455,24701.69491525424,11
Flipkart_JBPGMSL,16,72.0909090909091,25045.76271186441,11
Flipkart_JBPGMSL,17,58.18181818181818,17121.41756548536,11
Flipkart_JBPGMSL,18,56.18181818181818,15887.519260400617,11
Flipkart_JBPGMSL,19,62.63636363636363,17497.303543913713,11
Flipkart_JBPGMSL,20,63.72727272727273,21950.231124807397,11
Flipkart_JBPGMSL,21,66.27272727272727,23468.33590138675,11
Flipkart_JBPGMSL,22,68.27272727272727,25018.79815100154,11
Flipkart_JBPGMSL,23,65.63636363636364,23445.146379044683,11
Flipkart_JBPGMSL,24,63.09090909090909,22657.241910631743,11
Flipkart_JBPGMSL,25,69.72727272727273,25381.20184899846,11
Flipkart_JBPGMSL,26,51.4,16105.932203389832,10
Flipkart_JBPGMSL,27,44.7,12177.033898305084,10
Flipkart_JBPGMSL,28,68.7,28086.016949152545,10
Flipkart_JBPGMSL,29,86.8,28450.84745762712,10
Flipkart_JBPGMSL,30,75.8,23202.033898305086,10
Flipkart_JBPGMSL,31,47.166666666666664,11922.740112994352,6
Flipkart_JBPGMSR,1,10.0,1334.7457627118645,1
Flipkart_JBPGMSR,5,5.0,667.3728813559322,1
Flipkart_JBPGMSR,6,6.0,800.8474576271187,1
Flipkart_JBPGMSR,7,6.0,800.8474576271187,1
Flipkart_JBPGMSR,8,3.5,467.16101694915255,2
Flipkart_JBPGMSR,10,1.0,133.47457627118644,1
Flipkart_JBPGMSR,11,8.0,1067.7966101694915,1
Flipkart_JBPGMSR,13,5.0,667.3728813559322,1
Flipkart_JBPGMSR,14,8.0,1067.7966101694915,2
Flipkart_JBPGMSR,16,17.0,2260.169491525424,1
Flipkart_JBPGMSR,17,1.0,133.47457627118644,1
Flipkart_JBPGMSR,18,5.0,667.3728813559322,1
Flipkart_JBPGMSR,19,3.0,400.42372881355936,2
Flipkart_JBPGMSR,20,10.0,1334.7457627118645,1
Flipkart_JBPGMSR,21,5.0,667.3728813559322,1
Flipkart_JBPGMSR,22,5.0,667.3728813559322,1
Flipkart_JBPGMSR,23,10.0,1334.7457627118645,1
Flipkart_JBPGMSR,24,1.0,133.47457627118644,1
Flipkart_JBPGMSR,25,2.0,266.9491525423729,1
Flipkart_JBPGMSR,26,6.0,800.8474576271187,1
Flipkart_JBPGMSR,27,7.0,928.3898305084747,1
Flipkart_JBPGMSR,28,3.0,400.42372881355936,2
Flipkart_JBPGMSR,29,1.5,198.72881355932205,2
Flipkart_JBPNOSL,1,4.333333333333333,1000.5649717514126,9
Flipkart_JBPNOSL,2,6.0,1386.1581920903955,9
Flipkart_JBPNOSL,3,4.0,925.4237288135594,7
Flipkart_JBPNOSL,4,3.0,694.0677966101696,8
Flipkart_JBPNOSL,5,3.888888888888889,897.7401129943503,9
Flipkart_JBPNOSL,6,4.111111111111111,950.1412429378532,9
Flipkart_JBPNOSL,7,4.0,925.4237288135594,8
Flipkart_JBPNOSL,8,3.125,718.5381355932203,8
Flipkart_JBPNOSL,9,5.125,1184.5868644067798,8
Flipkart_JBPNOSL,10,3.2222222222222223,743.5028248587571,9
Flipkart_JBPNOSL,11,4.333333333333333,1002.5423728813561,9
Flipkart_JBPNOSL,12,3.375,779.7139830508476,8
Flipkart_JBPNOSL,13,5.125,1184.5868644067798,8
Flipkart_JBPNOSL,14,3.111111111111111,715.8192090395481,9
Flipkart_JBPNOSL,15,4.625,1067.7966101694915,8
Flipkart_JBPNOSL,16,2.5,577.2775423728814,8
Flipkart_JBPNOSL,17,3.4285714285714284,791.949152542373,7
Flipkart_JBPNOSL,18,3.5714285714285716,826.2711864406781,7
Flipkart_JBPNOSL,19,4.25,981.0381355932204,8
Flipkart_JBPNOSL,20,3.888888888888889,899.7175141242938,9
Flipkart_JBPNOSL,21,3.875,896.5042372881358,8
Flipkart_JBPNOSL,22,3.25,751.906779661017,8
Flipkart_JBPNOSL,23,2.888888888888889,666.3841807909605,9
Flipkart_JBPNOSL,24,3.5555555555555554,822.5988700564973,9
Flipkart_JBPNOSL,25,3.5,808.6334745762713,8
Flipkart_JBPNOSL,26,2.25,520.5508474576271,8
Flipkart_JBPNOSL,27,4.375,1012.1822033898305,8
Flipkart_JBPNOSL,28,4.5,1039.989406779661,8
Flipkart_JBPNOSL,29,4.0,924.2372881355933,8
Flipkart_JBPNOSL,30,4.142857142857143,958.4745762711865,7
Flipkart_JBPNOSL,31,6.25,1445.9745762711864,4
Flipkart_JBPVYSL,1,106.45454545454545,53863.86748844376,11
Flipkart_JBPVYSL,2,60.54545454545455,26117.3343605547,11
Flipkart_JBPVYSL,3,47.1,13618.855932203389,10
Flipkart_JBPVYSL,4,40.18181818181818,11521.68721109399,11
Flipkart_JBPVYSL,5,36.09090909090909,10741.872110939907,11
Flipkart_JBPVYSL,6,32.54545454545455,10087.44221879815,11
Flipkart_JBPVYSL,7,27.727272727272727,9188.71340523883,11
Flipkart_JBPVYSL,8,27.363636363636363,8683.936825885978,11
Flipkart_JBPVYSL,9,25.90909090909091,8385.331278890602,11
Flipkart_JBPVYSL,10,20.5,7096.457627118643,10
Flipkart_JBPVYSL,11,16.818181818181817,5738.543913713405,11
Flipkart_JBPVYSL,12,22.90909090909091,7652.542372881357,11
Flipkart_JBPVYSL,13,21.272727272727273,7401.771956856703,11
Flipkart_JBPVYSL,14,22.4,6982.5,10
Flipkart_JBPVYSL,15,18.09090909090909,6329.121725731896,11
Flipkart_JBPVYSL,16,17.727272727272727,5530.701078582435,11
Flipkart_JBPVYSL,17,25.1,7750.42372881356,10
Flipkart_JBPVYSL,18,19.727272727272727,5782.280431432974,11
Flipkart_JBPVYSL,19,19.90909090909091,7381.548536209553,11
Flipkart_JBPVYSL,20,24.3,10665.508474576272,10
Flipkart_JBPVYSL,21,19.90909090909091,8643.489984591679,11
Flipkart_JBPVYSL,22,20.545454545454547,9084.360554699539,11
Flipkart_JBPVYSL,23,25.818181818181817,12745.608628659475,11
Flipkart_JBPVYSL,24,21.4,10588.093220338984,10
Flipkart_JBPVYSL,25,23.272727272727273,10134.360554699539,11
Flipkart_JBPVYSL,26,25.8,13044.025423728814,10
Flipkart_JBPVYSL,27,24.9,11729.745762711866,10
Flipkart_JBPVYSL,28,72.9,46663.60169491526,10
Flipkart_JBPVYSL,29,51.5,31344.279661016946,10
Flipkart_JBPVYSL,30,69.1,42267.83898305085,10
Flipkart_JBPVYSL,31,16.833333333333332,7519.067796610169,6
Flipkart_JBPVYSR,1,3.2857142857142856,486.44067796610176,7
Flipkart_JBPVYSR,2,3.8333333333333335,568.5028248587571,6
Flipkart_JBPVYSR,3,2.8333333333333335,420.1977401129943,6
Flipkart_JBPVYSR,4,2.875,426.3771186440678,8
Flipkart_JBPVYSR,5,2.6666666666666665,395.48022598870057,6
Flipkart_JBPVYSR,6,4.2,622.8813559322034,5
Flipkart_JBPVYSR,7,2.1666666666666665,321.32768361581924,6
Flipkart_JBPVYSR,8,3.142857142857143,466.1016949152542,7
Flipkart_JBPVYSR,9,2.0,296.6101694915254,4
Flipkart_JBPVYSR,10,2.0,296.6101694915254,4
Flipkart_JBPVYSR,11,2.6666666666666665,395.48022598870057,6
Flipkart_JBPVYSR,12,1.3333333333333333,197.74011299435028,6
Flipkart_JBPVYSR,13,2.2,326.271186440678,5
Flipkart_JBPVYSR,14,2.3333333333333335,346.04519774011305,6
Flipkart_JBPVYSR,15,2.2,326.271186440678,5
Flipkart_JBPVYSR,16,1.625,240.99576271186442,8
Flipkart_JBPVYSR,17,2.375,352.22457627118644,8
Flipkart_JBPVYSR,18,2.0,296.6101694915254,7
Flipkart_JBPVYSR,19,1.8333333333333333,271.8926553672316,6
Flipkart_JBPVYSR,20,4.666666666666667,692.0903954802261,3
Flipkart_JBPVYSR,21,2.5714285714285716,381.35593220338984,7
Flipkart_JBPVYSR,22,3.75,556.1440677966102,4
Flipkart_JBPVYSR,23,2.4,355.93220338983053,5
Flipkart_JBPVYSR,24,1.25,185.3813559322034,4
Flipkart_JBPVYSR,25,2.5,370.7627118644068,4
Flipkart_JBPVYSR,26,1.5,222.45762711864404,6
Flipkart_JBPVYSR,27,1.5,222.45762711864407,4
Flipkart_JBPVYSR,28,1.3333333333333333,197.74011299435028,6
Flipkart_JBPVYSR,29,2.625,389.3008474576271,8
Flipkart_JBPVYSR,30,2.6666666666666665,395.48022598870057,6
Flipkart_JBPVYSR,31,1.5,222.45762711864407,4
Flipkart_JEPAS21,1,11.75,10344.724576271186,4
Flipkart_JEPAS21,2,17.25,15146.546610169491,4
Flipkart_JEPAS21,3,20.333333333333332,17369.09604519774,3
Flipkart_JEPAS21,4,13.0,11144.632768361582,3
Flipkart_JEPAS21,5,15.666666666666666,13753.022598870057,3
Flipkart_JEPAS21,6,15.0,13011.991525423728,2
Flipkart_JEPAS21,7,15.75,13619.745762711866,4
Flipkart_JEPAS21,8,14.75,13101.419491525423,4
Flipkart_JEPAS21,9,18.0,15986.497175141243,3
Flipkart_JEPAS21,10,19.0,16880.67796610169,4
Flipkart_JEPAS21,11,19.666666666666668,17448.785310734464,3
Flipkart_JEPAS21,12,21.0,18673.785310734464,3
Flipkart_JEPAS21,13,42.0,37130.45197740113,3
Flipkart_JEPAS21,14,36.5,32397.838983050846,2
Flipkart_JEPAS21,15,10.0,8833.050847457627,4
Flipkart_JEPAS21,16,16.75,14761.101694915253,4
Flipkart_JEPAS21,17,4.4,3865.1864406779664,5
Flipkart_JEPAS21,18,4.25,3779.1101694915255,4
Flipkart_JEPAS21,19,14.0,12449.322033898305,2
Flipkart_JEPAS21,20,7.333333333333333,6501.299435028249,3
Flipkart_JEPAS21,21,7.0,6185.112994350282,3
Flipkart_JEPAS21,22,6.5,5735.550847457627,4
Flipkart_JEPAS21,23,8.666666666666666,7667.175141242938,3
Flipkart_JEPAS21,24,8.333333333333334,7390.536723163841,3
Flipkart_JEPAS21,25,9.25,8180.953389830508,4
Flipkart_JEPAS21,26,8.333333333333334,7350.9887005649725,3
Flipkart_JEPAS21,27,7.333333333333333,6501.299435028249,3
Flipkart_JEPAS21,28,38.0,33791.01694915254,3
Flipkart_JEPAS21,29,5.0,4446.186440677966,2
Flipkart_JEPAS21,30,3.25,2815.8686440677966,4
Flipkart_JEPAS21,31,1.0,889.2372881355932,1
Flipkart_JEPCQS1,1,45.5,13816.33474576271,4
Flipkart_JEPCQS1,2,36.5,11093.072033898305,2
Flipkart_JEPCQS1,3,12.333333333333334,3738.9406779661017,3
Flipkart_JEPCQS1,4,10.5,3142.18220338983,4
Flipkart_JEPCQS1,5,7.5,2237.60593220339,6
Flipkart_JEPCQS1,6,18.333333333333332,5573.516949152542,3
Flipkart_JEPCQS1,7,3.0,880.7415254237286,4
Flipkart_JEPCQS1,8,4.2,1199.6694915254236,5
Flipkart_JEPCQS1,9,2.5,720.4449152542371,6
Flipkart_JEPCQS1,10,3.8333333333333335,1130.9180790960452,6
Flipkart_JEPCQS1,11,6.0,1709.0466101694915,4
Flipkart_JEPCQS1,12,6.5,1923.3686440677966,4
Flipkart_JEPCQS1,13,3.0,875.9745762711864,5
Flipkart_JEPCQS1,14,2.5,742.6906779661016,4
Flipkart_JEPCQS1,15,3.25,971.2182203389829,4
Flipkart_JEPCQS1,16,3.25,1015.6567796610168,4
Flipkart_JEPCQS1,17,4.75,1394.904661016949,4
Flipkart_JEPCQS1,18,4.5,1314.9858757062145,6
Flipkart_JEPCQS1,19,7.75,2280.4131355932204,4
Flipkart_JEPCQS1,20,7.0,2078.898305084746,6
Flipkart_JEPCQS1,21,4.2,1233.9915254237287,5
Flipkart_JEPCQS1,22,8.8,2624.186440677966,5
Flipkart_JEPCQS1,23,5.75,1713.9088983050847,4
Flipkart_JEPCQS1,24,4.0,1167.966101694915,3
Flipkart_JEPCQS1,25,4.4,1358.4067796610168,5
Flipkart_JEPCQS1,26,3.25,963.2203389830509,4
Flipkart_JEPCQS1,27,2.25,628.3792372881355,4
Flipkart_JEPCQS1,28,3.6666666666666665,1026.1087570621469,6
Flipkart_JEPCQS1,29,22.4,6798.661016949152,5
Flipkart_JEPCQS1,30,28.0,8557.0656779661,4
Flipkart_JEPCQS1,31,4.0,1066.2711864406779,1
Flipkart_JEPEUS1,1,24.125,7479.4915254237285,8
Flipkart_JEPEUS1,2,25.444444444444443,8800.41902071563,9
Flipkart_JEPEUS1,3,17.5,6130.783898305084,10
Flipkart_JEPEUS1,4,15.4,6018.533898305084,10
Flipkart_JEPEUS1,5,14.88888888888889,5842.556497175141,9
Flipkart_JEPEUS1,6,13.571428571428571,5226.119854721549,7
Flipkart_JEPEUS1,7,17.7,6988.991525423729,10
Flipkart_JEPEUS1,8,19.666666666666668,7168.700564971751,9
Flipkart_JEPEUS1,9,19.77777777777778,6629.863465160075,9
Flipkart_JEPEUS1,10,12.7,4053.652542372881,10
Flipkart_JEPEUS1,11,17.77777777777778,6692.4670433145,9
Flipkart_JEPEUS1,12,36.3,12369.75847457627,10
Flipkart_JEPEUS1,13,71.55555555555556,23726.69020715631,9
Flipkart_JEPEUS1,14,55.333333333333336,18055.875706214687,9
Flipkart_JEPEUS1,15,29.22222222222222,10418.187382297552,9
Flipkart_JEPEUS1,16,19.5,7456.9438559322025,8
Flipkart_JEPEUS1,17,20.555555555555557,7199.482109227872,9
Flipkart_JEPEUS1,18,19.6,6579.156779661016,10
Flipkart_JEPEUS1,19,25.77777777777778,8844.901129943502,9
Flipkart_JEPEUS1,20,26.555555555555557,9042.721280602636,9
Flipkart_JEPEUS1,21,34.0,11226.558380414312,9
Flipkart_JEPEUS1,22,29.88888888888889,9309.058380414312,9
Flipkart_JEPEUS1,23,37.25,13133.225635593219,8
Flipkart_JEPEUS1,24,32.888888888888886,11183.385122410546,9
Flipkart_JEPEUS1,25,31.0,9882.128060263653,9
Flipkart_JEPEUS1,26,15.0,4735.357815442561,9
Flipkart_JEPEUS1,27,16.5,5531.498940677966,8
Flipkart_JEPEUS1,28,73.0,21365.99576271186,10
Flipkart_JEPEUS1,29,29.5,8987.245762711866,10
Flipkart_JEPEUS1,30,18.8,5861.32627118644,10
Flipkart_JEPEUS1,31,23.4,6754.9745762711855,5
Flipkart_JEPGF4,1,46.0,23167.62711864407,3
Flipkart_JEPGF4,2,18.0,9065.593220338984,3
Flipkart_JEPGF4,3,12.0,6043.728813559323,4
Flipkart_JEPGF4,4,14.666666666666666,7386.779661016949,3
Flipkart_JEPGF4,5,9.333333333333334,4700.677966101694,3
Flipkart_JEPGF4,6,5.5,2770.042372881356,4
Flipkart_JEPGF4,7,7.75,3903.2415254237285,4
Flipkart_JEPGF4,8,5.2,2618.9491525423728,5
Flipkart_JEPGF4,9,6.0,3021.864406779661,4
Flipkart_JEPGF4,10,7.666666666666667,3861.2711864406774,6
Flipkart_JEPGF4,11,7.5,3777.3305084745757,6
Flipkart_JEPGF4,12,7.0,3525.508474576271,6
Flipkart_JEPGF4,13,11.4,5741.542372881357,5
Flipkart_JEPGF4,14,4.0,2014.5762711864406,6
Flipkart_JEPGF4,15,6.666666666666667,3357.627118644068,3
Flipkart_JEPGF4,16,2.0,1007.2881355932204,5
Flipkart_JEPGF4,17,5.4,2719.677966101695,5
Flipkart_JEPGF4,18,4.5,2266.398305084746,4
Flipkart_JEPGF4,19,9.25,4658.707627118644,4
Flipkart_JEPGF4,20,5.4,2719.677966101695,5
Flipkart_JEPGF4,21,6.6,3324.0508474576272,5
Flipkart_JEPGF4,22,11.166666666666666,5624.025423728813,6
Flipkart_JEPGF4,23,7.4,3726.9661016949153,5
Flipkart_JEPGF4,24,9.833333333333334,4952.5,6
Flipkart_JEPGF4,25,10.166666666666666,5120.381355932203,6
Flipkart_JEPGF4,26,8.8,4432.067796610169,5
Flipkart_JEPGF4,27,13.0,6547.372881355932,5
Flipkart_JEPGF4,28,109.0,54897.2033898305,6
Flipkart_JEPGF4,29,25.166666666666668,12675.042372881357,6
Flipkart_JEPGF4,30,37.0,18634.830508474573,5
Flipkart_JEPGF4,31,3.5,1762.7542372881355,2
Flipkart_JEPHRS1,1,6.714285714285714,2150.0726392251813,7
Flipkart_JEPHRS1,2,7.833333333333333,2491.5042372881358,6
Flipkart_JEPHRS1,3,6.0,1929.7033898305083,6
Flipkart_JEPHRS1,4,5.142857142857143,1621.3801452784503,7
Flipkart_JEPHRS1,5,8.5,2713.6440677966098,6
Flipkart_JEPHRS1,6,6.875,2251.0593220338983,8
Flipkart_JEPHRS1,7,3.5714285714285716,1225.0665859564162,7
Flipkart_JEPHRS1,8,5.25,1797.155720338983,8
Flipkart_JEPHRS1,9,7.0,2241.7867231638415,6
Flipkart_JEPHRS1,10,8.571428571428571,2747.615012106537,7
Flipkart_JEPHRS1,11,7.0,2257.021791767554,7
Flipkart_JEPHRS1,12,10.0,3251.8462469733654,7
Flipkart_JEPHRS1,13,7.857142857142857,2868.1658595641647,7
Flipkart_JEPHRS1,14,4.777777777777778,1719.4585687382296,9
Flipkart_JEPHRS1,15,7.428571428571429,2656.004842615012,7
Flipkart_JEPHRS1,16,5.428571428571429,1743.8135593220338,7
Flipkart_JEPHRS1,17,6.5,2256.5783898305085,8
Flipkart_JEPHRS1,18,10.142857142857142,3561.961259079903,7
Flipkart_JEPHRS1,19,9.285714285714286,3116.707021791767,7
Flipkart_JEPHRS1,20,14.6,4916.9745762711855,5
Flipkart_JEPHRS1,21,12.0,4135.042372881357,7
Flipkart_JEPHRS1,22,10.142857142857142,3368.8317191283286,7
Flipkart_JEPHRS1,23,7.75,2672.362288135593,8
Flipkart_JEPHRS1,24,8.0,2666.016949152542,6
Flipkart_JEPHRS1,25,5.555555555555555,1900.0706214689262,9
Flipkart_JEPHRS1,26,7.2,2743.35593220339,5
Flipkart_JEPHRS1,27,3.7142857142857144,1330.242130750605,7
Flipkart_JEPHRS1,28,11.0,3547.409200968523,7
Flipkart_JEPHRS1,29,6.166666666666667,1917.0338983050844,6
Flipkart_JEPHRS1,30,6.571428571428571,2071.222760290557,7
Flipkart_JEPHRS1,31,2.0,571.2711864406779,2
Flipkart_JEPOU1,28,1.0,592.6271186440678,1
Flipkart_JEPVYSS,1,4.0,946.779661016949,7
Flipkart_JEPVYSS,2,4.142857142857143,976.3559322033898,7
Flipkart_JEPVYSS,3,9.4,2224.9322033898306,5
Flipkart_JEPVYSS,4,3.0,710.0847457627118,5
Flipkart_JEPVYSS,5,2.4,568.0677966101695,5
Flipkart_JEPVYSS,6,2.5714285714285716,608.6440677966101,7
Flipkart_JEPVYSS,7,2.1666666666666665,512.8389830508474,6
Flipkart_JEPVYSS,8,3.75,865.3601694915255,4
Flipkart_JEPVYSS,9,2.75,628.6652542372882,4
Flipkart_JEPVYSS,10,2.75,613.8347457627118,4
Flipkart_JEPVYSS,11,2.5,562.0762711864406,4
Flipkart_JEPVYSS,12,2.6,591.6779661016949,5
Flipkart_JEPVYSS,13,5.666666666666667,1331.3841807909605,3
Flipkart_JEPVYSS,14,2.25,517.7330508474577,4
Flipkart_JEPVYSS,15,2.3333333333333335,532.5141242937854,6
Flipkart_JEPVYSS,16,1.6666666666666667,384.6045197740113,3
Flipkart_JEPVYSS,17,3.6666666666666665,808.5593220338983,3
Flipkart_JEPVYSS,18,2.3333333333333335,512.7401129943502,3
Flipkart_JEPVYSS,19,4.333333333333333,996.0169491525425,3
Flipkart_JEPVYSS,20,2.2,514.7966101694916,5
Flipkart_JEPVYSS,21,5.0,1143.9265536723162,3
Flipkart_JEPVYSS,22,3.75,880.1906779661017,4
Flipkart_JEPVYSS,23,2.0,473.3898305084746,1
Flipkart_JEPVYSS,24,1.75,406.8008474576271,4
Flipkart_JEPVYSS,25,1.6666666666666667,364.8305084745762,3
Flipkart_JEPVYSS,26,2.3333333333333335,532.5141242937852,3
Flipkart_JEPVYSS,27,2.0,473.3898305084746,2
Flipkart_JEPVYSS,28,3.0,700.1977401129943,3
Flipkart_JEPVYSS,29,4.6,1088.7966101694915,5
Flipkart_JEPVYSS,30,4.6,1076.9322033898304,5
Flipkart_JEPVYSS,31,6.0,1420.1694915254236,1
Flipkart_JMKSPSR,1,493.3636363636364,70238.36671802774,11
Flipkart_JMKSPSR,2,461.0,65623.65177195685,11
Flipkart_JMKSPSR,3,468.6363636363636,66717.87365177195,11
Flipkart_JMKSPSR,4,419.3636363636364,59706.00924499229,11
Flipkart_JMKSPSR,5,410.90909090909093,58501.23266563944,11
Flipkart_JMKSPSR,6,345.0,49118.64406779662,11
Flipkart_JMKSPSR,7,304.09090909090907,43294.29892141757,11
Flipkart_JMKSPSR,8,301.0,42854.722650231124,11
Flipkart_JMKSPSR,9,279.90909090909093,39851.46379044684,11
Flipkart_JMKSPSR,10,257.54545454545456,36666.40986132512,11
Flipkart_JMKSPSR,11,271.3636363636364,38634.82280431433,11
Flipkart_JMKSPSR,12,274.6363636363636,39100.77041602466,11
Flipkart_JMKSPSR,13,285.45454545454544,40640.986132511556,11
Flipkart_JMKSPSR,14,280.54545454545456,39939.90755007704,11
Flipkart_JMKSPSR,15,316.27272727272725,45028.65947611711,11
Flipkart_JMKSPSR,16,314.09090909090907,44716.94915254237,11
Flipkart_JMKSPSR,17,257.09090909090907,36602.77349768875,11
Flipkart_JMKSPSR,18,269.09090909090907,38311.24807395994,11
Flipkart_JMKSPSR,19,303.0,43118.48998459168,11
Flipkart_JMKSPSR,20,274.6363636363636,39078.1201848621,11
Flipkart_JMKSPSR,21,271.6363636363636,38669.3374422188,11
Flipkart_JMKSPSR,22,266.45454545454544,37930.50847457627,11
Flipkart_JMKSPSR,23,269.6363636363636,38388.36671802773,11
Flipkart_JMKSPSR,24,230.72727272727272,32849.30662557781,11
Flipkart_JMKSPSR,25,273.72727272727275,38971.34052388289,11
Flipkart_JMKSPSR,26,214.1,30482.033898305082,10
Flipkart_JMKSPSR,27,211.9,30168.220338983054,10
Flipkart_JMKSPSR,28,241.0,34311.27118644068,10
Flipkart_JMKSPSR,29,313.0,44562.71186440678,10
Flipkart_JMKSPSR,30,313.4,44617.28813559322,10
Flipkart_JMKSPSR,31,261.3333333333333,37206.77966101695,6
Flipkart_JMPTRSR,1,740.6363636363636,96651.3405238829,11
Flipkart_JMPTRSR,2,687.8181818181819,89760.16949148229,11
Flipkart_JMPTRSR,3,683.7272727272727,89243.52850537135,11
Flipkart_JMPTRSR,4,598.9090909090909,78165.94761169954,11
Flipkart_JMPTRSR,5,546.2727272727273,71320.72419110093,11
Flipkart_JMPTRSR,6,513.1818181818181,66992.91217250848,11
Flipkart_JMPTRSR,7,509.0,66443.59013867489,11
Flipkart_JMPTRSR,8,467.90909090909093,61073.1124807396,11
Flipkart_JMPTRSR,9,468.0,61084.97688751926,11
Flipkart_JMPTRSR,10,417.72727272727275,54521.802773562405,11
Flipkart_JMPTRSR,11,436.45454545454544,56958.32049305548,11
Flipkart_JMPTRSR,12,423.0,55207.24191063175,11
Flipkart_JMPTRSR,13,432.09090909090907,56391.52542372882,11
Flipkart_JMPTRSR,14,405.54545454545456,52927.11864406241,11
Flipkart_JMPTRSR,15,446.8181818181818,58316.795069337444,11
Flipkart_JMPTRSR,16,417.27272727272725,54459.24499229584,11
Flipkart_JMPTRSR,17,360.27272727272725,47019.18335901387,11
Flipkart_JMPTRSR,18,385.3636363636364,50292.68104776579,11
Flipkart_JMPTRSR,19,402.27272727272725,52502.372881355936,11
Flipkart_JMPTRSR,20,397.1818181818182,51844.869029302776,11
Flipkart_JMPTRSR,21,410.3636363636364,53556.36363636364,11
Flipkart_JMPTRSR,22,398.09090909090907,51960.385208012325,11
Flipkart_JMPTRSR,23,402.8181818181818,52571.83359013868,11
Flipkart_JMPTRSR,24,380.09090909090907,49605.62403697997,11
Flipkart_JMPTRSR,25,395.1818181818182,51574.684129429894,11
Flipkart_JMPTRSR,26,314.1,40993.30508474576,10
Flipkart_JMPTRSR,27,319.9,41753.220338983054,10
Flipkart_JMPTRSR,28,326.8,42653.135593220344,10
Flipkart_JMPTRSR,29,394.6,51498.64406779661,10
Flipkart_JMPTRSR,30,421.5,55008.135593220344,10
Flipkart_JMPTRSR,31,349.0,45547.457627118645,6
Flipkart_KNNO5,1,34.27272727272727,5684.81597792764,11
Flipkart_KNNO5,2,39.27272727272727,6550.060231520597,11
Flipkart_KNNO5,3,33.36363636363637,5537.353526860547,11
Flipkart_KNNO5,4,27.272727272727273,4537.97122502842,11
Flipkart_KNNO5,5,27.0,4457.251021806189,11
Flipkart_KNNO5,6,29.90909090909091,4992.814808120617,11
Flipkart_KNNO5,7,26.545454545454547,4409.578431003195,11
Flipkart_KNNO5,8,24.636363636363637,4103.043252458836,11
Flipkart_KNNO5,9,23.636363636363637,3900.9549829120206,11
Flipkart_KNNO5,10,22.545454545454547,3709.2679832407184,11
Flipkart_KNNO5,11,24.727272727272727,4088.549480723379,11
Flipkart_KNNO5,12,22.363636363636363,3701.851095287049,11
Flipkart_KNNO5,13,22.90909090909091,3794.3511085550012,11
Flipkart_KNNO5,14,21.09090909090909,3530.618143426206,11
Flipkart_KNNO5,15,23.454545454545453,3869.559403495847,11
Flipkart_KNNO5,16,24.545454545454547,4039.0505470991952,11
Flipkart_KNNO5,17,18.545454545454547,3055.3941806978473,11
Flipkart_KNNO5,18,21.181818181818183,3483.477529077242,11
Flipkart_KNNO5,19,20.363636363636363,3383.9179613390093,11
Flipkart_KNNO5,20,20.181818181818183,3355.1597437164905,11
Flipkart_KNNO5,21,25.90909090909091,4298.6189788188985,11
Flipkart_KNNO5,22,21.09090909090909,3469.377548762354,11
Flipkart_KNNO5,23,21.181818181818183,3480.6205063251878,11
Flipkart_KNNO5,24,19.363636363636363,3192.5960068817967,11
Flipkart_KNNO5,25,20.636363636363637,3392.528994167595,11
Flipkart_KNNO5,26,23.5,3887.373167758086,10
Flipkart_KNNO5,27,20.2,3352.218589933395,10
Flipkart_KNNO5,28,20.4,3390.558380120022,10
Flipkart_KNNO5,29,25.5,4194.199510528046,10
Flipkart_KNNO5,30,28.2,4653.75084579007,10
Flipkart_KNNO5,31,22.166666666666668,3562.4006173118323,6
Flipkart_MCBWCL2,1,29.666666666666668,6206.620882863115,9
Flipkart_MCBWCL2,2,34.666666666666664,7249.158717875884,9
Flipkart_MCBWCL2,3,32.666666666666664,6832.704067799109,9
Flipkart_MCBWCL2,4,29.0,6063.811616324278,9
Flipkart_MCBWCL2,5,32.77777777777778,6853.46010240472,9
Flipkart_MCBWCL2,6,39.44444444444444,8247.904570515297,9
Flipkart_MCBWCL2,7,22.555555555555557,4720.498816117961,9
Flipkart_MCBWCL2,8,23.444444444444443,4906.20066331216,9
Flipkart_MCBWCL2,9,28.333333333333332,5925.5756004518025,9
Flipkart_MCBWCL2,10,28.0,5859.20629586637,9
Flipkart_MCBWCL2,11,22.0,4604.0304291707735,9
Flipkart_MCBWCL2,12,24.666666666666668,5163.469615913878,9
Flipkart_MCBWCL2,13,26.1,5461.416263925543,10
Flipkart_MCBWCL2,14,19.1,3999.1119146112296,10
Flipkart_MCBWCL2,15,27.0,5651.108108523066,9
Flipkart_MCBWCL2,16,20.77777777777778,4354.467686918898,9
Flipkart_MCBWCL2,17,19.8,4146.463623418032,10
Flipkart_MCBWCL2,18,18.444444444444443,3860.7639171649653,9
Flipkart_MCBWCL2,19,18.666666666666668,3910.81407022182,9
Flipkart_MCBWCL2,20,20.88888888888889,4375.429611891292,9
Flipkart_MCBWCL2,21,21.11111111111111,4423.055286132872,9
Flipkart_MCBWCL2,22,19.4,4061.283172495051,10
Flipkart_MCBWCL2,23,21.0,4397.681106770773,10
Flipkart_MCBWCL2,24,22.77777777777778,4767.6757078202645,9
Flipkart_MCBWCL2,25,20.7,4334.523092140922,10
Flipkart_MCBWCL2,26,19.77777777777778,4144.3601310079775,9
Flipkart_MCBWCL2,27,22.75,4763.704573552049,8
Flipkart_MCBWCL2,28,76.88888888888889,16069.510239106,9
Flipkart_MCBWCL2,29,26.666666666666668,5583.558427007838,9
Flipkart_MCBWCL2,30,29.555555555555557,6189.19458669892,9
Flipkart_MCBWCL2,31,19.166666666666668,4019.7942424054113,6
Flipkart_MCBWCO2,1,18.555555555555557,3882.269515729233,9
Flipkart_MCBWCO2,2,18.22222222222222,3813.6806373771856,9
Flipkart_MCBWCO2,3,19.77777777777778,4142.517719916312,9
Flipkart_MCBWCO2,4,16.77777777777778,3511.380176645375,9
Flipkart_MCBWCO2,5,14.666666666666666,3069.5156456226478,9
Flipkart_MCBWCO2,6,16.0,3347.596504831463,9
Flipkart_MCBWCO2,7,17.0,3556.8462437884687,8
Flipkart_MCBWCO2,8,13.333333333333334,2790.859350127075,9
Flipkart_MCBWCO2,9,13.777777777777779,2884.2138051771035,9
Flipkart_MCBWCO2,10,13.777777777777779,2882.7009148807524,9
Flipkart_MCBWCO2,11,13.444444444444445,2815.3763167106445,9
Flipkart_MCBWCO2,12,14.5,3039.6949155394977,10
Flipkart_MCBWCO2,13,14.444444444444445,3027.3723514361473,9
Flipkart_MCBWCO2,14,10.6,2220.2428466521364,10
Flipkart_MCBWCO2,15,18.666666666666668,3908.6785725554455,9
Flipkart_MCBWCO2,16,16.4,3437.6182632177565,10
Flipkart_MCBWCO2,17,15.0,3143.1630713376435,10
Flipkart_MCBWCO2,18,15.333333333333334,3209.5373643211688,9
Flipkart_MCBWCO2,19,12.1,2533.884790317848,10
Flipkart_MCBWCO2,20,14.6,3058.123995793946,10
Flipkart_MCBWCO2,21,15.6,3268.0332062047833,10
Flipkart_MCBWCO2,22,15.0,3143.2633583851107,9
Flipkart_MCBWCO2,23,15.222222222222221,3190.525371785858,9
Flipkart_MCBWCO2,24,14.2,2973.26097739354,10
Flipkart_MCBWCO2,25,14.5,3036.5432168436287,10
Flipkart_MCBWCO2,26,14.625,3067.340938224307,8
Flipkart_MCBWCO2,27,13.555555555555555,2840.9322395730574,9
Flipkart_MCBWCO2,28,28.333333333333332,5929.215786106517,9
Flipkart_MCBWCO2,29,18.333333333333332,3837.826963837406,9
Flipkart_MCBWCO2,30,17.625,3697.0921568260437,8
Flipkart_MCBWCO2,31,20.0,4190.958430644724,5
Flipkart_MCBWL2,1,49.44444444444444,4435.194307075213,9
Flipkart_MCBWL2,2,52.0,4662.960701495802,9
Flipkart_MCBWL2,3,50.888888888888886,4564.470790635201,9
Flipkart_MCBWL2,4,37.3,3346.958228544646,10
Flipkart_MCBWL2,5,52.888888888888886,4744.984754283465,9
Flipkart_MCBWL2,6,40.7,3650.8380321192903,10
Flipkart_MCBWL2,7,48.666666666666664,4365.376605741254,9
Flipkart_MCBWL2,8,42.22222222222222,3787.4666934189318,9
Flipkart_MCBWL2,9,38.2,3427.5932849901824,10
Flipkart_MCBWL2,10,37.4,3354.8437778722955,10
Flipkart_MCBWL2,11,38.2,3427.7098601862717,10
Flipkart_MCBWL2,12,34.9,3130.7411662438403,10
Flipkart_MCBWL2,13,32.4,2907.8316090570625,10
Flipkart_MCBWL2,14,38.77777777777778,3480.0603306660855,9
Flipkart_MCBWL2,15,38.5,3454.1125687488848,10
Flipkart_MCBWL2,16,41.22222222222222,3697.6084025567743,9
Flipkart_MCBWL2,17,30.3,2719.0897167136254,10
Flipkart_MCBWL2,18,32.1,2879.9989988135058,10
Flipkart_MCBWL2,19,37.0,3319.1270827836242,10
Flipkart_MCBWL2,20,36.77777777777778,3300.874200038752,9
Flipkart_MCBWL2,21,37.6,3375.15020509686,10
Flipkart_MCBWL2,22,35.7,3205.7597328742054,10
Flipkart_MCBWL2,23,36.2,3250.438177490545,10
Flipkart_MCBWL2,24,34.9,3134.8005679700195,10
Flipkart_MCBWL2,25,36.2,3249.8197555569377,10
Flipkart_MCBWL2,26,30.0,2695.887152088316,9
Flipkart_MCBWL2,27,27.666666666666668,2486.9710102467016,9
Flipkart_MCBWL2,28,33.55555555555556,3015.5073075100418,9
Flipkart_MCBWL2,29,39.333333333333336,3533.154544619107,9
Flipkart_MCBWL2,30,36.77777777777778,3304.0587669244287,9
Flipkart_MCBWL2,31,45.333333333333336,4070.9030579757855,6
Flipkart_MCBWO2,1,31.88888888888889,2860.741386883606,9
Flipkart_MCBWO2,2,35.44444444444444,3177.8374194468233,9
Flipkart_MCBWO2,3,33.55555555555556,3010.328230303247,9
Flipkart_MCBWO2,4,26.555555555555557,2382.3802039122975,9
Flipkart_MCBWO2,5,32.666666666666664,2930.822348916576,9
Flipkart_MCBWO2,6,33.888888888888886,3040.458238194789,9
Flipkart_MCBWO2,7,30.555555555555557,2741.2837597649614,9
Flipkart_MCBWO2,8,25.7,2305.5302121650893,10
Flipkart_MCBWO2,9,27.5,2467.7503713474466,10
Flipkart_MCBWO2,10,23.0,2063.149722816959,10
Flipkart_MCBWO2,11,25.0,2243.7680329314794,10
Flipkart_MCBWO2,12,23.9,2144.14123091846,10
Flipkart_MCBWO2,13,31.11111111111111,2793.8181788717625,9
Flipkart_MCBWO2,14,26.5,2378.754278555869,10
Flipkart_MCBWO2,15,25.3,2270.2879133844463,10
Flipkart_MCBWO2,16,29.555555555555557,2652.089204957315,9
Flipkart_MCBWO2,17,22.0,1974.1533934462022,10
Flipkart_MCBWO2,18,25.2,2260.7317003823214,10
Flipkart_MCBWO2,19,26.9,2412.2061463989185,10
Flipkart_MCBWO2,20,27.0,2424.983475083327,9
Flipkart_MCBWO2,21,28.0,2514.7108152958253,9
Flipkart_MCBWO2,22,28.3,2539.6658911305867,10
Flipkart_MCBWO2,23,25.2,2262.522848241327,10
Flipkart_MCBWO2,24,27.1,2433.3482818186176,10
Flipkart_MCBWO2,25,25.8,2316.1602098530248,10
Flipkart_MCBWO2,26,22.77777777777778,2045.242821727425,9
Flipkart_MCBWO2,27,24.555555555555557,2205.0524432904685,9
Flipkart_MCBWO2,28,23.77777777777778,2136.2968481817534,9
Flipkart_MCBWO2,29,25.666666666666668,2303.5388530323594,9
Flipkart_MCBWO2,30,25.77777777777778,2314.687804841651,9
Flipkart_MCBWO2,31,26.5,2378.5940498330947,6
Flipkart_MHAG2,1,574.4545454545455,126270.91374321676,11
Flipkart_MHAG2,2,663.0909090909091,142887.3887093489,11
Flipkart_MHAG2,3,504.6363636363636,111320.13197616278,11
Flipkart_MHAG2,4,407.8181818181818,89425.76211490732,11
Flipkart_MHAG2,5,444.27272727272725,97709.63776358785,11
Flipkart_MHAG2,6,405.3636363636364,89337.9038474215,11
Flipkart_MHAG2,7,349.27272727272725,77978.44370952739,11
Flipkart_MHAG2,8,334.1818181818182,73698.26443766881,11
Flipkart_MHAG2,9,353.54545454545456,78274.39136574398,11
Flipkart_MHAG2,10,319.6363636363636,69845.79891084511,11
Flipkart_MHAG2,11,288.6363636363636,63169.305395793745,11
Flipkart_MHAG2,12,278.8181818181818,61091.795225849346,11
Flipkart_MHAG2,13,323.8181818181818,70863.24673122694,11
Flipkart_MHAG2,14,302.27272727272725,65125.005130261416,11
Flipkart_MHAG2,15,315.45454545454544,68727.5506766171,11
Flipkart_MHAG2,16,297.72727272727275,63837.69741843739,11
Flipkart_MHAG2,17,295.8181818181818,63643.41685403539,11
Flipkart_MHAG2,18,277.0,59321.30894266439,11
Flipkart_MHAG2,19,305.0,65292.36090282069,11
Flipkart_MHAG2,20,336.27272727272725,71612.07075568031,11
Flipkart_MHAG2,21,300.09090909090907,65184.10936977182,11
Flipkart_MHAG2,22,336.72727272727275,72250.7565195249,11
Flipkart_MHAG2,23,324.0,69493.50213965907,11
Flipkart_MHAG2,24,314.27272727272725,67076.28928886585,11
Flipkart_MHAG2,25,253.72727272727272,53819.70876613734,11
Flipkart_MHAG2,26,246.2,51875.674187908895,10
Flipkart_MHAG2,27,253.4,54993.6524871092,10
Flipkart_MHAG2,28,308.22222222222223,65499.23063262381,9
Flipkart_MHAG2,29,354.7,76961.02430020197,10
Flipkart_MHAG2,30,366.0,79026.13467334633,10
Flipkart_MHAG2,31,286.5,60303.95664395173,6
Flipkart_MPHRB3,1,243.27272727272728,35434.368258470204,11
Flipkart_MPHRB3,2,221.45454545454547,32255.758736849064,11
Flipkart_MPHRB3,3,203.0,29567.273628872634,11
Flipkart_MPHRB3,4,177.0,25780.842532711013,11
Flipkart_MPHRB3,5,174.1818181818182,25370.89390863072,11
Flipkart_MPHRB3,6,161.1818181818182,23475.433497624974,11
Flipkart_MPHRB3,7,148.72727272727272,21660.867273495536,11
Flipkart_MPHRB3,8,136.45454545454547,19874.614471751687,11
Flipkart_MPHRB3,9,141.8181818181818,20656.38789363972,11
Flipkart_MPHRB3,10,130.72727272727272,19040.943698026484,11
Flipkart_MPHRB3,11,131.1818181818182,19107.83409490185,11
Flipkart_MPHRB3,12,130.45454545454547,19001.406256328883,11
Flipkart_MPHRB3,13,141.8181818181818,20656.07054068306,11
Flipkart_MPHRB3,14,133.36363636363637,19424.66005370914,11
Flipkart_MPHRB3,15,162.0909090909091,23610.858203447304,11
Flipkart_MPHRB3,16,141.54545454545453,20617.905921005866,11
Flipkart_MPHRB3,17,136.9090909090909,19941.689396632657,11
Flipkart_MPHRB3,18,133.45454545454547,19439.63912374854,11
Flipkart_MPHRB3,19,120.81818181818181,17599.08022387339,11
Flipkart_MPHRB3,20,134.45454545454547,19584.91068496146,11
Flipkart_MPHRB3,21,141.0909090909091,20551.53271821878,11
Flipkart_MPHRB3,22,138.1818181818182,20128.47407790572,11
Flipkart_MPHRB3,23,127.9090909090909,18631.814536069895,11
Flipkart_MPHRB3,24,126.27272727272727,18393.996455394426,11
Flipkart_MPHRB3,25,131.54545454545453,19162.073385485608,11
Flipkart_MPHRB3,26,123.2,17945.85857158625,10
Flipkart_MPHRB3,27,122.6,17857.689731094368,10
Flipkart_MPHRB3,28,126.4,18411.350739228954,10
Flipkart_MPHRB3,29,156.3,22767.46168798013,10
Flipkart_MPHRB3,30,167.1,24339.84183185784,10
Flipkart_MPHRB3,31,144.0,20978.364733898965,6
Flipkart_OFRAC1,1,490.27272727272725,211953.98644335425,11
Flipkart_OFRAC1,2,538.6363636363636,232858.22245593948,11
Flipkart_OFRAC1,3,507.54545454545456,219342.14115482176,11
Flipkart_OFRAC1,4,490.3636363636364,211977.58015588846,11
Flipkart_OFRAC1,5,478.1818181818182,206713.10719758834,11
Flipkart_OFRAC1,6,506.72727272727275,219047.89915038974,11
Flipkart_OFRAC1,7,464.27272727272725,200678.49630200473,11
Flipkart_OFRAC1,8,459.3636363636364,198654.96854975558,11
Flipkart_OFRAC1,9,438.1818181818182,189467.40820894166,11
Flipkart_OFRAC1,10,425.27272727272725,183872.7269907175,11
Flipkart_OFRAC1,11,446.45454545454544,193080.74934179234,11
Flipkart_OFRAC1,12,454.0,196340.27961880033,11
Flipkart_OFRAC1,13,443.3636363636364,191734.54968122373,11
Flipkart_OFRAC1,14,424.1818181818182,183371.11637955418,11
Flipkart_OFRAC1,15,476.0,205798.39263593798,11
Flipkart_OFRAC1,16,481.54545454545456,208278.82408920163,11
Flipkart_OFRAC1,17,431.6363636363636,186629.60269355885,11
Flipkart_OFRAC1,18,437.45454545454544,189259.81127036246,11
Flipkart_OFRAC1,19,463.45454545454544,200411.8217070343,11
Flipkart_OFRAC1,20,522.4545454545455,225843.02099514415,11
Flipkart_OFRAC1,21,517.5454545454545,223775.0315194433,11
Flipkart_OFRAC1,22,479.0,207103.87757804414,11
Flipkart_OFRAC1,23,489.8181818181818,211769.99387149813,11
Flipkart_OFRAC1,24,479.6363636363636,207362.1896915164,11
Flipkart_OFRAC1,25,477.6363636363636,206500.6812939652,11
Flipkart_OFRAC1,26,489.9,211841.6953305908,10
Flipkart_OFRAC1,27,489.3,211534.90549975284,10
Flipkart_OFRAC1,28,493.3,213234.182877865,10
Flipkart_OFRAC1,29,491.6,212515.53235941794,10
Flipkart_OFRAC1,30,470.1,203213.20080362546,10
Flipkart_OFRAC1,31,453.8333333333333,196225.0293695157,6
Flipkart_RF4RM,1,1881.5454545454545,442928.0671287965,11
Flipkart_RF4RM,2,1670.2727272727273,392879.78693214717,11
Flipkart_RF4RM,3,1648.0,387885.3262217156,11
Flipkart_RF4RM,4,1541.5454545454545,362481.9250680108,11
Flipkart_RF4RM,5,2105.909090909091,497143.59856543614,11
Flipkart_RF4RM,6,1412.8181818181818,330942.1929707497,11
Flipkart_RF4RM,7,1375.4545454545455,321772.96095086035,11
Flipkart_RF4RM,8,1380.3636363636363,324294.20735516417,11
Flipkart_RF4RM,9,1248.1818181818182,292194.5058882918,11
Flipkart_RF4RM,10,1198.909090909091,281899.30031360587,11
Flipkart_RF4RM,11,1218.8181818181818,286121.9427961817,11
Flipkart_RF4RM,12,1119.3636363636363,262488.86583912815,11
Flipkart_RF4RM,13,1528.090909090909,357139.2430134632,11
Flipkart_RF4RM,14,1433.1818181818182,335402.42868274794,11
Flipkart_RF4RM,15,1425.3636363636363,334806.47100933467,11
Flipkart_RF4RM,16,1330.6363636363637,312594.6481051939,11
Flipkart_RF4RM,17,1333.2727272727273,313809.0293243635,11
Flipkart_RF4RM,18,1542.3636363636363,363968.7420476689,11
Flipkart_RF4RM,19,1393.1818181818182,329075.52223188645,11
Flipkart_RF4RM,20,1262.1818181818182,296564.60246936494,11
Flipkart_RF4RM,21,1273.3636363636363,299719.2412820931,11
Flipkart_RF4RM,22,1282.2727272727273,302885.18192191323,11
Flipkart_RF4RM,23,1224.4545454545455,288760.2898701383,11
Flipkart_RF4RM,24,1361.3636363636363,321526.95385317394,11
Flipkart_RF4RM,25,1525.090909090909,360845.00274469494,11
Flipkart_RF4RM,26,1291.6,305719.23631163425,10
Flipkart_RF4RM,27,1395.6,329913.33310815925,10
Flipkart_RF4RM,28,1247.2,294039.2498495631,10
Flipkart_RF4RM,29,1360.2,321395.50316011655,10
Flipkart_RF4RM,30,1302.1,307044.12662275846,10
Flipkart_RF4RM,31,1046.3333333333333,247076.79776710388,6
Flipkart_RFL4RE,1,85.72727272727273,20202.723346301194,11
Flipkart_RFL4RE,2,84.63636363636364,19943.68836231248,11
Flipkart_RFL4RE,3,69.18181818181819,16319.063538127917,11
Flipkart_RFL4RE,4,69.63636363636364,16438.765074082,11
Flipkart_RFL4RE,5,64.0909090909091,15141.550066776197,11
Flipkart_RFL4RE,6,65.27272727272727,15452.991466461372,11
Flipkart_RFL4RE,7,77.0909090909091,18219.074127461205,11
Flipkart_RFL4RE,8,67.0,15834.62438095825,11
Flipkart_RFL4RE,9,63.09090909090909,14830.819093670427,11
Flipkart_RFL4RE,10,59.18181818181818,13917.792416026745,11
Flipkart_RFL4RE,11,56.81818181818182,13376.261523077277,11
Flipkart_RFL4RE,12,51.36363636363637,12010.8432644131,11
Flipkart_RFL4RE,13,51.90909090909091,12154.405024059526,11
Flipkart_RFL4RE,14,58.09090909090909,13581.231255325898,11
Flipkart_RFL4RE,15,59.0,13840.83161940144,11
Flipkart_RFL4RE,16,51.27272727272727,12086.211571670596,11
Flipkart_RFL4RE,17,51.81818181818182,12216.800151351834,11
Flipkart_RFL4RE,18,53.63636363636363,12665.661467094995,11
Flipkart_RFL4RE,19,49.18181818181818,11587.351817177298,11
Flipkart_RFL4RE,20,51.18181818181818,12069.906226114474,11
Flipkart_RFL4RE,21,53.09090909090909,12489.628881259663,11
Flipkart_RFL4RE,22,59.09090909090909,13884.567547068089,11
Flipkart_RFL4RE,23,60.72727272727273,14257.718360875162,11
Flipkart_RFL4RE,24,55.45454545454545,13051.706156711682,11
Flipkart_RFL4RE,25,53.63636363636363,12621.796893630688,11
Flipkart_RFL4RE,26,56.9,13407.218798598242,10
Flipkart_RFL4RE,27,66.7,15732.215214351838,10
Flipkart_RFL4RE,28,76.3,17929.93494019941,10
Flipkart_RFL4RE,29,72.1,16968.135219401036,10
Flipkart_RFL4RE,30,73.2,17182.5278099602,10
Flipkart_RFL4RE,31,69.0,16275.151180372064,6
Flipkart_RGAMA6,1,212.8181818181818,75739.51516663296,11
Flipkart_RGAMA6,2,203.8181818181818,72495.92585458104,11
Flipkart_RGAMA6,3,195.0909090909091,69619.16838608914,11
Flipkart_RGAMA6,4,198.54545454545453,70593.16954606585,11
Flipkart_RGAMA6,5,221.1818181818182,78562.86547495039,11
Flipkart_RGAMA6,6,184.36363636363637,65867.91075792591,11
Flipkart_RGAMA6,7,197.36363636363637,70002.46862806515,11
Flipkart_RGAMA6,8,177.36363636363637,62799.15371571903,11
Flipkart_RGAMA6,9,196.27272727272728,69573.06303516735,11
Flipkart_RGAMA6,10,174.8181818181818,62292.08998965574,11
Flipkart_RGAMA6,11,161.54545454545453,57395.89032796502,11
Flipkart_RGAMA6,12,172.54545454545453,61268.05971166217,11
Flipkart_RGAMA6,13,171.1818181818182,60532.573442875895,11
Flipkart_RGAMA6,14,167.9090909090909,59339.71378903929,11
Flipkart_RGAMA6,15,164.54545454545453,58279.778617499556,11
Flipkart_RGAMA6,16,137.45454545454547,48809.03455344781,11
Flipkart_RGAMA6,17,152.63636363636363,54212.38358075342,11
Flipkart_RGAMA6,18,124.9090909090909,44213.21711977287,11
Flipkart_RGAMA6,19,145.63636363636363,51539.89789792432,11
Flipkart_RGAMA6,20,145.36363636363637,51592.87424770219,11
Flipkart_RGAMA6,21,165.72727272727272,59023.79749784558,11
Flipkart_RGAMA6,22,135.72727272727272,48160.343697522076,11
Flipkart_RGAMA6,23,149.27272727272728,53045.367366374514,11
Flipkart_RGAMA6,24,163.72727272727272,58465.076450010645,11
Flipkart_RGAMA6,25,148.0,52828.08261951078,11
Flipkart_RGAMA6,26,128.8,45896.36646249008,10
Flipkart_RGAMA6,27,128.4,45694.808876149604,10
Flipkart_RGAMA6,28,141.4,50255.26585355108,10
Flipkart_RGAMA6,29,160.9,57498.89653419048,10
Flipkart_RGAMA6,30,172.6,61259.84955256304,10
Flipkart_RGAMA6,31,102.66666666666667,36645.39128348152,6
Flipkart_RGAMB4,1,31.0,6903.978080684176,11
Flipkart_RGAMB4,2,42.09090909090909,9405.767890766794,11
Flipkart_RGAMB4,3,20.272727272727273,4663.395714420458,11
Flipkart_RGAMB4,4,21.363636363636363,4915.592374285675,11
Flipkart_RGAMB4,5,20.0,4627.681555302915,11
Flipkart_RGAMB4,6,18.818181818181817,4366.213736556992,11
Flipkart_RGAMB4,7,25.636363636363637,5850.789468617208,11
Flipkart_RGAMB4,8,20.818181818181817,4818.931026052365,11
Flipkart_RGAMB4,9,21.818181818181817,5037.457093112119,11
Flipkart_RGAMB4,10,20.363636363636363,4684.652030112701,11
Flipkart_RGAMB4,11,22.333333333333332,5143.546629233446,9
Flipkart_RGAMB4,12,16.8,3826.799987321255,10
Flipkart_RGAMB4,13,20.0,4581.366508917162,10
Flipkart_RGAMB4,14,22.727272727272727,5147.477914544705,11
Flipkart_RGAMB4,15,20.272727272727273,4665.96993154053,11
Flipkart_RGAMB4,16,21.4,4955.637063954759,10
Flipkart_RGAMB4,17,21.555555555555557,4976.23429943908,9
Flipkart_RGAMB4,18,15.818181818181818,3646.7179945354264,11
Flipkart_RGAMB4,19,15.9,3676.102684177492,10
Flipkart_RGAMB4,20,16.0,3712.527313388201,10
Flipkart_RGAMB4,21,21.22222222222222,4946.613587258215,9
Flipkart_RGAMB4,22,15.272727272727273,3538.755746402481,11
Flipkart_RGAMB4,23,15.181818181818182,3478.420716854457,11
Flipkart_RGAMB4,24,17.818181818181817,4118.30772376523,11
Flipkart_RGAMB4,25,22.90909090909091,5272.02750977745,11
Flipkart_RGAMB4,26,26.77777777777778,6201.69909722319,9
Flipkart_RGAMB4,27,27.6,6415.106357873587,10
Flipkart_RGAMB4,28,23.8,5565.464533324054,10
Flipkart_RGAMB4,29,15.5,3557.2800170895293,10
Flipkart_RGAMB4,30,16.5,3771.5631285472264,10
Flipkart_RGAMB4,31,10.833333333333334,2484.25790960452,6
Flipkart_SHAC2,1,1627.7272727272727,132771.01202588642,11
Flipkart_SHAC2,2,1400.4545454545455,114100.15477506291,11
Flipkart_SHAC2,3,1295.6363636363637,106166.23718586632,11
Flipkart_SHAC2,4,1257.0,102508.32069366719,11
Flipkart_SHAC2,5,1516.3636363636363,123255.3934991377,11
Flipkart_SHAC2,6,1512.0,122879.24982631182,11
Flipkart_SHAC2,7,1344.8181818181818,108860.98930042108,11
Flipkart_SHAC2,8,1341.5454545454545,108847.04447816376,11
Flipkart_SHAC2,9,1412.7272727272727,115142.20489882516,11
Flipkart_SHAC2,10,1230.1818181818182,100487.49241009365,11
Flipkart_SHAC2,11,1191.090909090909,96809.66665464747,11
Flipkart_SHAC2,12,1276.8181818181818,104191.76572376136,11
Flipkart_SHAC2,13,1306.909090909091,106189.17108091492,11
Flipkart_SHAC2,14,1302.7272727272727,105861.09233261088,11
Flipkart_SHAC2,15,1239.4545454545455,102180.3363677194,11
Flipkart_SHAC2,16,1449.6363636363637,119179.51628492713,11
Flipkart_SHAC2,17,1225.4545454545455,100242.65046513904,11
Flipkart_SHAC2,18,1383.5454545454545,114497.68671596936,11
Flipkart_SHAC2,19,1131.6363636363637,93073.03518598407,11
Flipkart_SHAC2,20,1089.5454545454545,89340.1685964765,11
Flipkart_SHAC2,21,1168.1818181818182,96259.78363317369,11
Flipkart_SHAC2,22,1037.4545454545455,85323.37578411557,11
Flipkart_SHAC2,23,1089.0,89240.54044785291,11
Flipkart_SHAC2,24,1132.6363636363637,93119.74933566702,11
Flipkart_SHAC2,25,1262.1818181818182,104227.65186589472,11
Flipkart_SHAC2,26,1369.8,113480.93481327876,10
Flipkart_SHAC2,27,1009.9,82278.47839011111,10
Flipkart_SHAC2,28,1036.0,84773.72096569152,10
Flipkart_SHAC2,29,1084.8,88558.83664699845,10
Flipkart_SHAC2,30,1058.9,86298.49098977928,10
Flipkart_SHAC2,31,941.3333333333334,78182.5355610134,6
Flipkart_SHAC4,1,258.6363636363636,43768.908210381924,11
Flipkart_SHAC4,2,254.8181818181818,43127.07666733088,11
Flipkart_SHAC4,3,215.45454545454547,36468.54739861401,11
Flipkart_SHAC4,4,202.0,34190.32768462088,11
Flipkart_SHAC4,5,212.45454545454547,35961.656208379456,11
Flipkart_SHAC4,6,193.1818181818182,32697.42544345475,11
Flipkart_SHAC4,7,203.9090909090909,34511.44882368794,11
Flipkart_SHAC4,8,209.1818181818182,35406.118094696205,11
Flipkart_SHAC4,9,199.63636363636363,33792.816068479144,11
Flipkart_SHAC4,10,179.63636363636363,30408.62566336283,11
Flipkart_SHAC4,11,182.27272727272728,30850.484462489778,11
Flipkart_SHAC4,12,165.36363636363637,27988.33061001818,11
Flipkart_SHAC4,13,187.72727272727272,31734.88209401235,11
Flipkart_SHAC4,14,198.63636363636363,33546.60916876309,11
Flipkart_SHAC4,15,202.9090909090909,34293.77413801839,11
Flipkart_SHAC4,16,215.0,36301.62520414107,11
Flipkart_SHAC4,17,201.45454545454547,33970.83109516985,11
Flipkart_SHAC4,18,186.27272727272728,31433.81636122084,11
Flipkart_SHAC4,19,169.63636363636363,28603.672592105646,11
Flipkart_SHAC4,20,190.63636363636363,32131.031922704868,11
Flipkart_SHAC4,21,189.36363636363637,31951.241016157972,11
Flipkart_SHAC4,22,176.36363636363637,29755.711825598322,11
Flipkart_SHAC4,23,191.0909090909091,32192.768319816314,11
Flipkart_SHAC4,24,170.0909090909091,28684.03272121638,11
Flipkart_SHAC4,25,152.54545454545453,25768.939629447053,11
Flipkart_SHAC4,26,140.1,23690.88327682658,10
Flipkart_SHAC4,27,155.7,26302.03639563043,10
Flipkart_SHAC4,28,149.1,25188.402094526093,10
Flipkart_SHAC4,29,178.2,30116.941932825674,10
Flipkart_SHAC4,30,188.3,31816.761048019187,10
Flipkart_SHAC4,31,115.66666666666667,19560.76612321266,6
Flipkart_SHACC,1,767.1818181818181,246171.71951680415,11
Flipkart_SHACC,2,542.4545454545455,174348.85538817552,11
Flipkart_SHACC,3,422.90909090909093,135876.84300599716,11
Flipkart_SHACC,4,401.3636363636364,128784.93940705141,11
Flipkart_SHACC,5,633.0,204044.3053862109,11
Flipkart_SHACC,6,440.8181818181818,141867.0902899685,11
Flipkart_SHACC,7,349.0,111837.09172530145,11
Flipkart_SHACC,8,369.8181818181818,118531.9582199992,11
Flipkart_SHACC,9,393.8181818181818,126531.04664556612,11
Flipkart_SHACC,10,358.09090909090907,115443.38690270532,11
Flipkart_SHACC,11,331.1818181818182,106556.10649692513,11
Flipkart_SHACC,12,305.09090909090907,97996.26213666293,11
Flipkart_SHACC,13,286.6363636363636,92109.36937192977,11
Flipkart_SHACC,14,286.0,91779.77337328705,11
Flipkart_SHACC,15,325.72727272727275,104387.29704988086,11
Flipkart_SHACC,16,275.8181818181818,88507.76553075755,11
Flipkart_SHACC,17,270.45454545454544,86920.35533087094,11
Flipkart_SHACC,18,324.8181818181818,104505.90459548122,11
Flipkart_SHACC,19,396.0,127439.24453457164,11
Flipkart_SHACC,20,413.0,133093.15582537654,11
Flipkart_SHACC,21,400.09090909090907,128939.83874968435,11
Flipkart_SHACC,22,444.0,143239.79547690623,11
Flipkart_SHACC,23,322.54545454545456,103765.86283896504,11
Flipkart_SHACC,24,473.72727272727275,152770.17788594824,11
Flipkart_SHACC,25,368.3636363636364,118603.67264123465,11
Flipkart_SHACC,26,364.2,117257.15580666903,10
Flipkart_SHACC,27,335.1,107846.88383106398,10
Flipkart_SHACC,28,335.9,108027.16676021782,10
Flipkart_SHACC,29,621.5,198461.2555837014,10
Flipkart_SHACC,30,393.8,126306.1395602216,10
Flipkart_SHACC,31,298.0,95646.30223002638,6
Flipkart_SHAF2,1,345.45454545454544,30428.268762466032,11
Flipkart_SHAF2,2,232.36363636363637,20486.991195217302,11
Flipkart_SHAF2,3,217.63636363636363,19183.444451993102,11
Flipkart_SHAF2,4,173.36363636363637,15262.789036626775,11
Flipkart_SHAF2,5,191.0,16768.64838739157,11
Flipkart_SHAF2,6,191.9090909090909,16864.55179928582,11
Flipkart_SHAF2,7,256.27272727272725,22578.005187098977,11
Flipkart_SHAF2,8,210.45454545454547,18533.76319889241,11
Flipkart_SHAF2,9,178.9090909090909,15742.084446123306,11
Flipkart_SHAF2,10,161.36363636363637,14193.846926099235,11
Flipkart_SHAF2,11,147.1818181818182,12914.253478118993,11
Flipkart_SHAF2,12,161.1818181818182,14163.727984754642,11
Flipkart_SHAF2,13,184.8181818181818,16242.663128112035,11
Flipkart_SHAF2,14,190.54545454545453,16735.03109827259,11
Flipkart_SHAF2,15,224.45454545454547,19704.38838690838,11
Flipkart_SHAF2,16,173.72727272727272,15238.495287294674,11
Flipkart_SHAF2,17,181.54545454545453,15952.919833073509,11
Flipkart_SHAF2,18,179.54545454545453,15744.085799899449,11
Flipkart_SHAF2,19,210.54545454545453,18284.962505064297,11
Flipkart_SHAF2,20,189.36363636363637,16573.737604317674,11
Flipkart_SHAF2,21,200.45454545454547,17544.676586151305,11
Flipkart_SHAF2,22,156.9090909090909,13791.701942070575,11
Flipkart_SHAF2,23,185.9090909090909,16330.909186783212,11
Flipkart_SHAF2,24,160.54545454545453,14102.567435581002,11
Flipkart_SHAF2,25,169.8181818181818,14900.090315311621,11
Flipkart_SHAF2,26,230.7,20246.458785294897,10
Flipkart_SHAF2,27,228.8,20116.972922699984,10
Flipkart_SHAF2,28,243.9,21370.972226666665,10
Flipkart_SHAF2,29,206.5,18149.54876737313,10
Flipkart_SHAF2,30,215.9,18934.026994442167,10
Flipkart_SHAF2,31,219.0,19220.643486228808,6
Flipkart_SHLF4,1,39.333333333333336,7230.805919590197,9
Flipkart_SHLF4,2,34.888888888888886,6422.913228611932,9
Flipkart_SHLF4,3,32.55555555555556,6002.168330256962,9
Flipkart_SHLF4,4,26.333333333333332,4845.820424473335,9
Flipkart_SHLF4,5,25.1,4624.7025604472055,10
Flipkart_SHLF4,6,22.444444444444443,4135.646478369235,9
Flipkart_SHLF4,7,33.77777777777778,6198.576728235271,9
Flipkart_SHLF4,8,47.111111111111114,8603.110399697909,9
Flipkart_SHLF4,9,36.111111111111114,6635.346144288678,9
Flipkart_SHLF4,10,23.7,4370.516025496484,10
Flipkart_SHLF4,11,22.22222222222222,4097.696222713105,9
Flipkart_SHLF4,12,28.125,5188.210075258418,8
Flipkart_SHLF4,13,21.5,3956.0721028769344,10
Flipkart_SHLF4,14,43.625,7971.601448054495,8
Flipkart_SHLF4,15,38.666666666666664,7080.677205422595,9
Flipkart_SHLF4,16,38.55555555555556,7047.522728697306,9
Flipkart_SHLF4,17,34.666666666666664,6347.54791169871,9
Flipkart_SHLF4,18,37.888888888888886,6938.383745478677,9
Flipkart_SHLF4,19,36.333333333333336,6673.433594506867,9
Flipkart_SHLF4,20,30.22222222222222,5550.692699989163,9
Flipkart_SHLF4,21,28.88888888888889,5296.269829874539,9
Flipkart_SHLF4,22,27.77777777777778,5108.0223543987095,9
Flipkart_SHLF4,23,26.333333333333332,4838.810055780758,9
Flipkart_SHLF4,24,26.8,4930.335548709581,10
Flipkart_SHLF4,25,20.09090909090909,3695.7899781279816,11
Flipkart_SHLF4,26,12.8,2349.693965104666,10
Flipkart_SHLF4,27,18.0,3315.8967962836455,9
Flipkart_SHLF4,28,23.375,4311.652533401,8
Flipkart_SHLF4,29,21.75,4004.11543244277,8
Flipkart_SHLF4,30,23.375,4305.8226934524155,8
Flipkart_SHLF4,31,11.4,2097.7134733112966,5
Flipkart_SHLFC,1,481.27272727272725,155305.42918705253,11
Flipkart_SHLFC,2,293.3636363636364,94346.2684351594,11
Flipkart_SHLFC,3,272.1818181818182,87483.6969346337,11
Flipkart_SHLFC,4,269.6363636363636,86719.82306865987,11
Flipkart_SHLFC,5,277.90909090909093,89094.90152581286,11
Flipkart_SHLFC,6,230.0,73957.47775110534,11
Flipkart_SHLFC,7,221.0909090909091,70775.25965968483,11
Flipkart_SHLFC,8,257.0,82158.11668955792,11
Flipkart_SHLFC,9,296.27272727272725,94794.50459134743,11
Flipkart_SHLFC,10,215.1818181818182,68785.63384027248,11
Flipkart_SHLFC,11,191.36363636363637,61513.92354835511,11
Flipkart_SHLFC,12,174.54545454545453,56138.373980539596,11
Flipkart_SHLFC,13,221.54545454545453,71184.55389472719,11
Flipkart_SHLFC,14,167.36363636363637,53470.94854282553,11
Flipkart_SHLFC,15,201.45454545454547,64324.25901027215,11
Flipkart_SHLFC,16,185.72727272727272,59749.802454770404,11
Flipkart_SHLFC,17,168.0909090909091,53444.73498750536,11
Flipkart_SHLFC,18,151.9090909090909,48634.31049277883,11
Flipkart_SHLFC,19,186.27272727272728,59512.38389450419,11
Flipkart_SHLFC,20,168.36363636363637,53958.88755312883,11
Flipkart_SHLFC,21,211.0,67668.15261141006,11
Flipkart_SHLFC,22,213.72727272727272,68674.34626000396,11
Flipkart_SHLFC,23,316.45454545454544,102055.71534310078,11
Flipkart_SHLFC,24,293.3636363636364,94582.92713635815,11
Flipkart_SHLFC,25,200.8181818181818,64638.490596156655,11
Flipkart_SHLFC,26,169.4,54449.970183205245,10
Flipkart_SHLFC,27,184.1,59190.83543601277,10
Flipkart_SHLFC,28,158.4,50913.96142311903,10
Flipkart_SHLFC,29,217.6,70109.76416911981,10
Flipkart_SHLFC,30,233.3,75094.7394335808,10
Flipkart_SHLFC,31,255.16666666666666,82282.331787663,6
Flipkart_UF2R,1,428.09090909090907,59087.08084877462,11
Flipkart_UF2R,2,377.3636363636364,51962.033102166184,11
Flipkart_UF2R,3,329.54545454545456,45336.47600186365,11
Flipkart_UF2R,4,328.3636363636364,45036.49967742299,11
Flipkart_UF2R,5,399.09090909090907,54828.47158610336,11
Flipkart_UF2R,6,293.09090909090907,40123.278535736485,11
Flipkart_UF2R,7,281.54545454545456,38633.14428516146,11
Flipkart_UF2R,8,276.72727272727275,38103.724280844224,11
Flipkart_UF2R,9,290.6363636363636,40123.35501440905,11
Flipkart_UF2R,10,256.45454545454544,35386.392629095615,11
Flipkart_UF2R,11,281.90909090909093,38777.53241653421,11
Flipkart_UF2R,12,257.3636363636364,35402.54395902134,11
Flipkart_UF2R,13,318.54545454545456,43367.64277230352,11
Flipkart_UF2R,14,277.27272727272725,37890.26351508973,11
Flipkart_UF2R,15,258.90909090909093,35823.39722829322,11
Flipkart_UF2R,16,271.0,37390.45657503291,11
Flipkart_UF2R,17,261.1818181818182,36018.26787825837,11
Flipkart_UF2R,18,252.72727272727272,34824.59988697796,11
Flipkart_UF2R,19,259.90909090909093,35920.96741837811,11
Flipkart_UF2R,20,256.27272727272725,35131.46679353719,11
Flipkart_UF2R,21,256.0,35091.74628621876,11
Flipkart_UF2R,22,252.36363636363637,34769.846311809866,11
Flipkart_UF2R,23,232.63636363636363,31939.90313162678,11
Flipkart_UF2R,24,231.54545454545453,31863.397227408004,11
Flipkart_UF2R,25,253.8181818181818,34996.35162001599,11
Flipkart_UF2R,26,218.5,30141.26583847559,10
Flipkart_UF2R,27,231.9,31964.306474588528,10
Flipkart_UF2R,28,238.5,32870.659867863236,10
Flipkart_UF2R,29,252.4,34786.33079028881,10
Flipkart_UF2R,30,284.5,39057.59804133208,10
Flipkart_UF2R,31,264.0,36386.82378952514,6
Flipkart_UF3R,1,150.8181818181818,30676.668326409384,11
Flipkart_UF3R,2,141.27272727272728,28694.592967479115,11
Flipkart_UF3R,3,143.8181818181818,29200.733132239155,11
Flipkart_UF3R,4,133.72727272727272,27207.733383974562,11
Flipkart_UF3R,5,124.36363636363636,25331.410513135874,11
Flipkart_UF3R,6,118.0909090909091,24040.143337453854,11
Flipkart_UF3R,7,156.8181818181818,31981.543064487516,11
Flipkart_UF3R,8,153.54545454545453,31344.81005801215,11
Flipkart_UF3R,9,150.45454545454547,30572.76100167261,11
Flipkart_UF3R,10,143.8181818181818,29214.06032480801,11
Flipkart_UF3R,11,152.36363636363637,31029.420232202207,11
Flipkart_UF3R,12,128.27272727272728,26087.477789933255,11
Flipkart_UF3R,13,134.0909090909091,27130.947238555756,11
Flipkart_UF3R,14,127.18181818181819,25798.315797543914,11
Flipkart_UF3R,15,145.0909090909091,29445.639280236777,11
Flipkart_UF3R,16,120.27272727272727,24501.66075544024,11
Flipkart_UF3R,17,122.36363636363636,24822.225784598417,11
Flipkart_UF3R,18,127.63636363636364,25917.742320708614,11
Flipkart_UF3R,19,114.63636363636364,23156.265921390088,11
Flipkart_UF3R,20,121.63636363636364,24517.58745120537,11
Flipkart_UF3R,21,118.45454545454545,23792.53229678376,11
Flipkart_UF3R,22,114.63636363636364,23340.523147113716,11
Flipkart_UF3R,23,107.36363636363636,21716.50586882302,11
Flipkart_UF3R,24,108.45454545454545,21860.816213278442,11
Flipkart_UF3R,25,92.45454545454545,18696.81848225315,11
Flipkart_UF3R,26,98.8,20034.448874178284,10
Flipkart_UF3R,27,120.4,24235.241491048895,10
Flipkart_UF3R,28,127.2,25615.789485439018,10
Flipkart_UF3R,29,117.2,23665.250474133383,10
Flipkart_UF3R,30,112.5,22627.834139206505,10
Flipkart_UF3R,31,70.83333333333333,14330.76635757262,6
Flipkart_WCKDT20,1,127.27272727272727,17818.18181818182,11
Flipkart_WCKDT20,2,118.63636363636364,16609.090909090908,11
Flipkart_WCKDT20,3,119.0909090909091,16672.727272727272,11
Flipkart_WCKDT20,4,106.9090909090909,14968.545454545454,11
Flipkart_WCKDT20,5,115.54545454545455,16176.363636363636,11
Flipkart_WCKDT20,6,96.0,13440.0,11
Flipkart_WCKDT20,7,94.9090909090909,13289.818181818182,11
Flipkart_WCKDT20,8,97.9090909090909,13707.272727272728,11
Flipkart_WCKDT20,9,105.36363636363636,14750.90909090909,11
Flipkart_WCKDT20,10,96.0,13440.0,11
Flipkart_WCKDT20,11,98.27272727272727,13758.181818181818,11
Flipkart_WCKDT20,12,94.63636363636364,13249.09090909091,11
Flipkart_WCKDT20,13,90.0,12600.0,11
Flipkart_WCKDT20,14,82.0909090909091,11492.727272727272,11
Flipkart_WCKDT20,15,88.27272727272727,12358.181818181818,11
Flipkart_WCKDT20,16,93.63636363636364,13109.09090909091,11
Flipkart_WCKDT20,17,80.45454545454545,11263.636363636364,11
Flipkart_WCKDT20,18,92.0,12880.0,11
Flipkart_WCKDT20,19,87.0909090909091,12192.727272727272,11
Flipkart_WCKDT20,20,91.18181818181819,12765.454545454546,11
Flipkart_WCKDT20,21,95.72727272727273,13401.818181818182,11
Flipkart_WCKDT20,22,91.36363636363636,12790.90909090909,11
Flipkart_WCKDT20,23,86.45454545454545,12103.636363636364,11
Flipkart_WCKDT20,24,85.72727272727273,12001.818181818182,11
Flipkart_WCKDT20,25,94.0909090909091,13172.727272727272,11
Flipkart_WCKDT20,26,89.3,12502.0,10
Flipkart_WCKDT20,27,85.0,11900.0,10
Flipkart_WCKDT20,28,87.3,12222.0,10
Flipkart_WCKDT20,29,91.6,12824.0,10
Flipkart_WCKDT20,30,85.4,11958.8,10
Flipkart_WCKDT20,31,83.66666666666667,11713.333333333334,6
Flipkart_WCKLS12,1,41.09090909090909,4684.909090909091,11
Flipkart_WCKLS12,2,39.36363636363637,4530.272727272727,11
Flipkart_WCKLS12,3,35.54545454545455,4043.4545454545455,11
Flipkart_WCKLS12,4,39.09090909090909,4488.272727272727,11
Flipkart_WCKLS12,5,43.63636363636363,5068.636363636364,11
Flipkart_WCKLS12,6,41.63636363636363,4772.727272727273,11
Flipkart_WCKLS12,7,36.81818181818182,4236.272727272727,11
Flipkart_WCKLS12,8,34.72727272727273,3969.0,11
Flipkart_WCKLS12,9,32.54545454545455,3699.818181818182,11
Flipkart_WCKLS12,10,33.18181818181818,3785.7272727272725,11
Flipkart_WCKLS12,11,34.90909090909091,3972.818181818182,11
Flipkart_WCKLS12,12,30.363636363636363,3465.0,11
Flipkart_WCKLS12,13,33.81818181818182,3873.5454545454545,11
Flipkart_WCKLS12,14,30.454545454545453,3549.0,11
Flipkart_WCKLS12,15,31.181818181818183,3570.0,11
Flipkart_WCKLS12,16,32.45454545454545,3739.909090909091,11
Flipkart_WCKLS12,17,28.272727272727273,3203.4545454545455,11
Flipkart_WCKLS12,18,28.545454545454547,3287.4545454545455,11
Flipkart_WCKLS12,19,36.18181818181818,4213.363636363636,11
Flipkart_WCKLS12,20,35.27272727272727,4062.5454545454545,11
Flipkart_WCKLS12,21,35.36363636363637,4087.3636363636365,11
Flipkart_WCKLS12,22,34.90909090909091,4041.5454545454545,11
Flipkart_WCKLS12,23,30.818181818181817,3570.0,11
Flipkart_WCKLS12,24,28.454545454545453,3287.4545454545455,11
Flipkart_WCKLS12,25,32.36363636363637,3724.6363636363635,11
Flipkart_WCKLS12,26,32.4,3813.6,10
Flipkart_WCKLS12,27,32.4,3733.8,10
Flipkart_WCKLS12,28,31.7,3666.6,10
Flipkart_WCKLS12,29,35.4,4111.8,10
Flipkart_WCKLS12,30,35.0,3975.3,10
Flipkart_WCKLS12,31,39.833333333333336,4693.5,6
Flipkart_WCKLS20,1,65.72727272727273,12005.636363636364,11
Flipkart_WCKLS20,2,66.27272727272727,12163.70909090909,11
Flipkart_WCKLS20,3,65.27272727272727,12037.581818181818,11
Flipkart_WCKLS20,4,60.81818181818182,11159.272727272728,11
Flipkart_WCKLS20,5,61.18181818181818,11327.90909090909,11
Flipkart_WCKLS20,6,58.45454545454545,10758.490909090908,11
Flipkart_WCKLS20,7,55.27272727272727,10131.545454539091,11
Flipkart_WCKLS20,8,52.45454545454545,9618.636363636364,11
Flipkart_WCKLS20,9,49.09090909090909,8962.227272727272,11
Flipkart_WCKLS20,10,46.72727272727273,8618.527272733636,11
Flipkart_WCKLS20,11,44.09090909090909,8162.890909090909,11
Flipkart_WCKLS20,12,44.27272727272727,8185.8,11
Flipkart_WCKLS20,13,42.90909090909091,7919.354545454545,11
Flipkart_WCKLS20,14,43.63636363636363,8049.809090909091,11
Flipkart_WCKLS20,15,45.81818181818182,8504.236363636364,11
Flipkart_WCKLS20,16,45.72727272727273,8467.327272727272,11
Flipkart_WCKLS20,17,43.81818181818182,8210.554545454546,11
Flipkart_WCKLS20,18,45.54545454545455,8462.936363636363,11
Flipkart_WCKLS20,19,42.36363636363637,7784.063636363636,11
Flipkart_WCKLS20,20,42.36363636363637,7717.5,11
Flipkart_WCKLS20,21,43.63636363636363,7965.554545454546,11
Flipkart_WCKLS20,22,43.63636363636363,7872.327272727273,11
Flipkart_WCKLS20,23,45.0,8302.763636363636,11
Flipkart_WCKLS20,24,46.18181818181818,8508.563636363637,11
Flipkart_WCKLS20,25,49.09090909090909,8871.736363636364,11
Flipkart_WCKLS20,26,39.8,7459.13,10
Flipkart_WCKLS20,27,44.1,8131.410000000001,10
Flipkart_WCKLS20,28,40.7,7582.68,10
Flipkart_WCKLS20,29,51.7,9570.82,10
Flipkart_WCKLS20,30,42.7,7820.889999999999,10
Flipkart_WCKLS20,31,41.666666666666664,7780.266666666666,6
Flipkart_WCKRI20,1,36.36363636363637,5082.7,11
Flipkart_WCKRI20,2,37.18181818181818,5181.590909090909,11
Flipkart_WCKRI20,3,31.0,4332.363636363636,11
Flipkart_WCKRI20,4,32.54545454545455,4552.545454545455,11
Flipkart_WCKRI20,5,35.0,4887.718181818182,11
Flipkart_WCKRI20,6,31.545454545454547,4400.390909090909,11
Flipkart_WCKRI20,7,30.90909090909091,4311.872727272727,11
Flipkart_WCKRI20,8,32.09090909090909,4487.636363636364,11
Flipkart_WCKRI20,9,35.0,4898.090909090909,11
Flipkart_WCKRI20,10,30.545454545454547,4263.190909090909,11
Flipkart_WCKRI20,11,31.545454545454547,4404.972727272727,11
Flipkart_WCKRI20,12,27.818181818181817,3883.3454545454547,11
Flipkart_WCKRI20,13,26.636363636363637,3720.881818181818,11
Flipkart_WCKRI20,14,25.727272727272727,3587.118181818182,11
Flipkart_WCKRI20,15,32.54545454545455,4543.0,11
Flipkart_WCKRI20,16,36.09090909090909,5040.636363636364,11
Flipkart_WCKRI20,17,33.18181818181818,4638.645454545454,11
Flipkart_WCKRI20,18,29.545454545454547,4128.854545454546,11
Flipkart_WCKRI20,19,35.54545454545455,4963.445454545455,11
Flipkart_WCKRI20,20,31.818181818181817,4447.354545454546,11
Flipkart_WCKRI20,21,32.45454545454545,4543.636363636364,11
Flipkart_WCKRI20,22,28.818181818181817,4034.8,11
Flipkart_WCKRI20,23,29.363636363636363,4097.736363636363,11
Flipkart_WCKRI20,24,30.818181818181817,4298.763636363637,11
Flipkart_WCKRI20,25,31.90909090909091,4456.709090909091,11
Flipkart_WCKRI20,26,30.4,4240.74,10
Flipkart_WCKRI20,27,30.9,4312.42,10
Flipkart_WCKRI20,28,32.2,4484.76,10
Flipkart_WCKRI20,29,36.6,5099.08,10
Flipkart_WCKRI20,30,36.4,5079.76,10
Flipkart_WCKRI20,31,27.333333333333332,3826.6666666666665,6
Flipkart_WCKSK1,1,16.454545454545453,3093.2363636363634,11
Flipkart_WCKSK1,2,11.909090909090908,2226.7636363636366,11
Flipkart_WCKSK1,3,8.818181818181818,1657.4727272727273,11
Flipkart_WCKSK1,4,12.363636363636363,2320.181818181818,11
Flipkart_WCKSK1,5,13.545454545454545,2551.818181818182,11
Flipkart_WCKSK1,6,12.3,2324.7,10
Flipkart_WCKSK1,7,10.181818181818182,1841.5090909090907,11
Flipkart_WCKSK1,8,10.272727272727273,1836.609090909091,11
Flipkart_WCKSK1,9,13.272727272727273,2395.5272727272727,11
Flipkart_WCKSK1,10,10.545454545454545,1842.4636363636362,11
Flipkart_WCKSK1,11,12.2,2094.68,10
Flipkart_WCKSK1,12,8.909090909090908,1539.6181818181817,11
Flipkart_WCKSK1,13,12.272727272727273,2086.0,11
Flipkart_WCKSK1,14,8.818181818181818,1540.7,11
Flipkart_WCKSK1,15,12.0,2086.8272727272724,11
Flipkart_WCKSK1,16,12.181818181818182,2115.1454545454544,11
Flipkart_WCKSK1,17,12.727272727272727,2211.872727272727,11
Flipkart_WCKSK1,18,9.272727272727273,1746.8818181818183,11
Flipkart_WCKSK1,19,10.909090909090908,2038.209090909091,11
Flipkart_WCKSK1,20,8.909090909090908,1655.8181818181818,11
Flipkart_WCKSK1,21,8.272727272727273,1547.9545454545455,11
Flipkart_WCKSK1,22,10.727272727272727,1963.7545454545455,11
Flipkart_WCKSK1,23,15.272727272727273,2647.1454545454544,11
Flipkart_WCKSK1,24,14.363636363636363,2494.418181818182,11
Flipkart_WCKSK1,25,13.727272727272727,2438.0363636363636,11
Flipkart_WCKSK1,26,13.1,2466.31,10
Flipkart_WCKSK1,27,15.0,2825.41,10
Flipkart_WCKSK1,28,13.1,2436.91,10
Flipkart_WCKSK1,29,13.8,2598.05,10
Flipkart_WCKSK1,30,17.2,3232.46,10
Flipkart_WCKSK1,31,22.333333333333332,4221.0,6
Flipkart_WCKUD20,1,12.454545454545455,3123.781818181818,11
Flipkart_WCKUD20,2,10.363636363636363,2610.681818181818,11
Flipkart_WCKUD20,3,8.545454545454545,2021.6636363636367,11
Flipkart_WCKUD20,4,9.181818181818182,2220.4,11
Flipkart_WCKUD20,5,12.545454545454545,3109.3363636363633,11
Flipkart_WCKUD20,6,14.363636363636363,3564.590909090909,11
Flipkart_WCKUD20,7,11.090909090909092,2800.127272727273,11
Flipkart_WCKUD20,8,11.454545454545455,2934.718181818182,11
Flipkart_WCKUD20,9,10.0,2495.85,10
Flipkart_WCKUD20,10,7.8,1888.95,10
Flipkart_WCKUD20,11,8.363636363636363,2085.809090909091,11
Flipkart_WCKUD20,12,5.545454545454546,1380.590909090909,11
Flipkart_WCKUD20,13,7.0,1722.3181818181818,11
Flipkart_WCKUD20,14,7.545454545454546,1864.290909090909,11
Flipkart_WCKUD20,15,7.454545454545454,1814.6545454545455,11
Flipkart_WCKUD20,16,9.545454545454545,2348.245454545455,11
Flipkart_WCKUD20,17,7.363636363636363,1771.5727272727272,11
Flipkart_WCKUD20,18,8.090909090909092,1931.4272727272728,11
Flipkart_WCKUD20,19,9.818181818181818,2401.6363636363635,11
Flipkart_WCKUD20,20,8.0,1900.64,10
Flipkart_WCKUD20,21,8.181818181818182,1946.0636363636365,11
Flipkart_WCKUD20,22,7.818181818181818,1910.3636363636363,11
Flipkart_WCKUD20,23,7.2727272727272725,1756.4272727272728,11
Flipkart_WCKUD20,24,7.545454545454546,1835.909090909091,11
Flipkart_WCKUD20,25,9.818181818181818,2419.9,11
Flipkart_WCKUD20,26,6.9,1753.5700000000002,10
Flipkart_WCKUD20,27,10.7,2646.91,10
Flipkart_WCKUD20,28,8.5,2093.2799999999997,10
Flipkart_WCKUD20,29,10.7,2618.4900000000002,10
Flipkart_WCKUD20,30,10.9,2674.56,10
Flipkart_WCKUD20,31,8.0,2072.9333333333334,6
Flipkart_WCKUDL20,1,20.09090909090909,4967.645454545454,11
Flipkart_WCKUDL20,2,20.363636363636363,4948.236363636363,11
Flipkart_WCKUDL20,3,16.545454545454547,3931.2,11
Flipkart_WCKUDL20,4,19.272727272727273,4566.036363636364,11
Flipkart_WCKUDL20,5,18.363636363636363,4332.745454545454,11
Flipkart_WCKUDL20,6,13.363636363636363,3107.809090909091,11
Flipkart_WCKUDL20,7,11.727272727272727,2785.872727272727,11
Flipkart_WCKUDL20,8,11.181818181818182,2656.245454545455,11
Flipkart_WCKUDL20,9,11.0,2646.190909090909,11
Flipkart_WCKUDL20,10,11.181818181818182,2571.3545454545456,11
Flipkart_WCKUDL20,11,10.636363636363637,2467.309090909091,11
Flipkart_WCKUDL20,12,12.909090909090908,3052.509090909091,11
Flipkart_WCKUDL20,13,14.181818181818182,3352.618181818182,11
Flipkart_WCKUDL20,14,11.090909090909092,2622.2636363636366,11
Flipkart_WCKUDL20,15,16.545454545454547,3858.2727272727275,11
Flipkart_WCKUDL20,16,13.272727272727273,3136.2545454545457,11
Flipkart_WCKUDL20,17,11.636363636363637,2768.245454545455,11
Flipkart_WCKUDL20,18,12.0,2896.7909090909093,11
Flipkart_WCKUDL20,19,14.181818181818182,3375.3363636363633,11
Flipkart_WCKUDL20,20,10.454545454545455,2565.372727272727,11
Flipkart_WCKUDL20,21,12.272727272727273,3036.7272727272725,11
Flipkart_WCKUDL20,22,11.636363636363637,2780.4,11
Flipkart_WCKUDL20,23,12.272727272727273,3112.8363636363633,11
Flipkart_WCKUDL20,24,12.363636363636363,3082.7363636363634,11
Flipkart_WCKUDL20,25,16.0,3977.0181818181813,11
Flipkart_WCKUDL20,26,14.3,3622.22,10
Flipkart_WCKUDL20,27,17.7,4465.65,10
Flipkart_WCKUDL20,28,16.6,4186.7,10
Flipkart_WCKUDL20,29,13.3,3242.6099999999997,10
Flipkart_WCKUDL20,30,17.5,4279.59,10
Flipkart_WCKUDL20,31,17.666666666666668,4303.716666666666,6
Flipkart_WLKALSS,1,21.3,3012.372881355932,10
Flipkart_WLKALSS,2,23.4,3501.423728813559,10
Flipkart_WLKALSS,3,20.7,3171.237288135593,10
Flipkart_WLKALSS,4,26.545454545454547,4113.983050847458,11
Flipkart_WLKALSS,5,27.666666666666668,4578.606403013183,9
Flipkart_WLKALSS,6,24.77777777777778,4134.152542372881,9
Flipkart_WLKALSS,7,28.375,4674.353813559323,8
Flipkart_WLKALSS,8,17.444444444444443,2809.6892655367233,9
Flipkart_WLKALSS,9,30.555555555555557,5042.966101694915,9
Flipkart_WLKALSS,10,23.22222222222222,3849.670433145009,9
Flipkart_WLKALSS,11,18.77777777777778,2999.6516007532955,9
Flipkart_WLKALSS,12,32.44444444444444,5118.76647834275,9
Flipkart_WLKALSS,13,25.22222222222222,4067.118644067796,9
Flipkart_WLKALSS,14,17.77777777777778,2593.1638418079096,9
Flipkart_WLKALSS,15,18.125,2630.2648305084745,8
Flipkart_WLKALSS,16,15.5,2512.64406779661,10
Flipkart_WLKALSS,17,31.666666666666668,5089.105461393597,9
Flipkart_WLKALSS,18,13.444444444444445,2044.105461393597,9
Flipkart_WLKALSS,19,11.444444444444445,1741.4312617702449,9
Flipkart_WLKALSS,20,18.11111111111111,2791.563088512241,9
Flipkart_WLKALSS,21,17.555555555555557,2723.013182674199,9
Flipkart_WLKALSS,22,22.88888888888889,3104.5856873822977,9
Flipkart_WLKALSS,23,34.888888888888886,4604.510357815442,9
Flipkart_WLKALSS,24,29.11111111111111,4445.922787193974,9
Flipkart_WLKALSS,25,33.25,5251.260593220339,8
Flipkart_WLKALSS,26,27.5,4377.298728813559,8
Flipkart_WLKALSS,27,35.0,5183.64406779661,7
Flipkart_WLKALSS,28,26.875,3653.421610169492,8
Flipkart_WLKALSS,29,34.125,4812.3516949152545,8
Flipkart_WLKALSS,30,37.0,4928.050847457627,7
Flipkart_WLKALSS,31,23.333333333333332,2929.915254237288,6
Flipkart_WLKSTSS,1,12.5,1643.5169491525426,4
Flipkart_WLKSTSS,2,18.666666666666668,2482.824858757062,3
Flipkart_WLKSTSS,3,13.0,1725.3220338983053,5
Flipkart_WLKSTSS,4,16.5,2203.5169491525426,4
Flipkart_WLKSTSS,5,15.75,2142.7118644067796,4
Flipkart_WLKSTSS,6,7.333333333333333,840.1977401129943,3
Flipkart_WLKSTSS,7,5.666666666666667,638.1073446327683,3
Flipkart_WLKSTSS,8,7.0,721.9491525423729,4
Flipkart_WLKSTSS,9,11.666666666666666,1236.0734463276835,3
Flipkart_WLKSTSS,10,13.666666666666666,1414.4350282485875,3
Flipkart_WLKSTSS,11,16.666666666666668,1708.0790960451977,3
Flipkart_WLKSTSS,12,14.333333333333334,1426.1016949152543,3
Flipkart_WLKSTSS,13,14.666666666666666,1559.774011299435,3
Flipkart_WLKSTSS,14,11.0,1178.9265536723165,3
Flipkart_WLKSTSS,15,7.5,773.5593220338984,2
Flipkart_WLKSTSS,16,2.75,283.114406779661,4
Flipkart_WLKSTSS,17,6.666666666666667,704.3502824858756,3
Flipkart_WLKSTSS,18,9.0,1045.4519774011299,3
Flipkart_WLKSTSS,19,18.333333333333332,2081.412429378531,3
Flipkart_WLKSTSS,20,12.666666666666666,1482.0621468926554,3
Flipkart_WLKSTSS,21,12.5,1460.2118644067798,2
Flipkart_WLKSTSS,22,34.666666666666664,3686.864406779661,3
Flipkart_WLKSTSS,23,27.75,2996.207627118644,4
Flipkart_WLKSTSS,24,21.0,2501.6101694915255,2
Flipkart_WLKSTSS,25,18.333333333333332,2151.412429378531,3
Flipkart_WLKSTSS,26,24.0,2821.6525423728817,2
Flipkart_WLKSTSS,27,18.0,2047.9943502824856,3
Flipkart_WLKSTSS,28,45.0,4929.661016949151,3
Flipkart_WLKSTSS,29,27.0,2929.6186440677966,2
Flipkart_WLKSTSS,30,25.5,2627.372881355932,2
Flipkart_WLKSTSS,31,18.5,2006.5677966101694,2
